{
  "resourceType" : "Bundle",
  "id" : "3ce7b086-b67b-427e-8e69-d6a858ede26f",
  "meta" : {
    "lastUpdated" : "2022-09-26T10:51:47.776+00:00"
  },
  "type" : "collection",
  "entry" : [{
    "fullUrl" : "http://hl7.no/fhir/ValueSet/NoDomainVitalSignsObservationBloodpressureBodyPosition",
    "resource" : {
      "resourceType" : "ValueSet",
      "id" : "NoDomainVitalSignsObservationBloodpressureBodyPosition",
      "meta" : {
        "lastUpdated" : "2021-03-17T00:00:00+00:00",
        "profile" : ["http://hl7.org/fhir/StructureDefinition/shareablevalueset"]
      },
      "text" : {
        "status" : "generated",
        "div" : "<div xmlns=\"http://www.w3.org/1999/xhtml\"><p>This value set contains 4 concepts</p><p style=\"border: black 1px dotted; background-color: #EEEEEE; padding: 8px; margin-bottom: 8px\">Expansion based on SNOMED CT International edition 31-Jul 2022</p><table class=\"codes\"><tr><td style=\"white-space:nowrap\"><b>Code</b></td><td><b>System</b></td><td><b>Display</b></td></tr><tr><td style=\"white-space:nowrap\"><a name=\"http---snomed.info-sct-10904000\"> </a>  <a href=\"http://snomed.info/id/10904000\">10904000</a></td><td>http://snomed.info/sct</td><td>Stående</td></tr><tr><td style=\"white-space:nowrap\"><a name=\"http---snomed.info-sct-33586001\"> </a>  <a href=\"http://snomed.info/id/33586001\">33586001</a></td><td>http://snomed.info/sct</td><td>Sittende</td></tr><tr><td style=\"white-space:nowrap\"><a name=\"http---snomed.info-sct-272580008\"> </a>  <a href=\"http://snomed.info/id/272580008\">272580008</a></td><td>http://snomed.info/sct</td><td>Tilbakelent</td></tr><tr><td style=\"white-space:nowrap\"><a name=\"http---snomed.info-sct-414585002\"> </a>  <a href=\"http://snomed.info/id/414585002\">414585002</a></td><td>http://snomed.info/sct</td><td>Liggende lent mot venstre</td></tr></table></div>"
      },
      "extension" : [{
        "url" : "http://hl7.org/fhir/StructureDefinition/structuredefinition-wg",
        "valueCode" : "oo"
      },
      {
        "url" : "http://hl7.org/fhir/StructureDefinition/structuredefinition-standards-status",
        "valueCode" : "draft"
      },
      {
        "url" : "http://hl7.org/fhir/StructureDefinition/structuredefinition-fmm",
        "valueInteger" : 1
      }],
      "url" : "http://hl7.no/fhir/ValueSet/NoDomainVitalSignsObservationBloodpressureBodyPosition",
      "version" : "0.0.1-alpha",
      "name" : "NoDomainVitalSignsObservationBloodpressureBodyPosition",
      "title" : "NoDomainVitalSignsObservationBloodpressureBodyPosition",
      "status" : "draft",
      "experimental" : false,
      "date" : "2021-03-17T00:00:00+00:00",
      "publisher" : "FHIR Project team",
      "contact" : [{
        "telecom" : [{
          "system" : "url",
          "value" : "http://hl7.org/fhir"
        }]
      }],
      "description" : "Codes representing body position for blood pressure",
      "jurisdiction" : [{
        "coding" : [{
          "system" : "urn:iso:std:iso:3166",
          "code" : "NO",
          "display" : "Norway"
        }]
      }],
      "expansion" : {
        "identifier" : "urn:uuid:8f93c00f-e9cc-4eca-849b-980411a108fe",
        "timestamp" : "2022-09-26T10:52:30+00:00",
        "total" : 4,
        "parameter" : [{
          "name" : "excludeNested",
          "valueBoolean" : false
        },
        {
          "name" : "limitedExpansion",
          "valueBoolean" : true
        },
        {
          "name" : "version",
          "valueUri" : "http://snomed.info/sct|http://snomed.info/sct/900000000000207008/version/20220731"
        }],
        "contains" : [{
          "system" : "http://snomed.info/sct",
          "code" : "10904000",
          "display" : "Stående"
        },
        {
          "system" : "http://snomed.info/sct",
          "code" : "33586001",
          "display" : "Sittende"
        },
        {
          "system" : "http://snomed.info/sct",
          "code" : "272580008",
          "display" : "Tilbakelent"
        },
        {
          "system" : "http://snomed.info/sct",
          "code" : "414585002",
          "display" : "Liggende lent mot venstre"
        }]
      }
    }
  },
  {
    "fullUrl" : "http://hl7.no/fhir/ValueSet/NoDomainVitalSignsObservationBloodpressureBodySite",
    "resource" : {
      "resourceType" : "ValueSet",
      "id" : "NoDomainVitalSignsObservationBloodpressureBodySite",
      "meta" : {
        "lastUpdated" : "2021-03-17T00:00:00+00:00",
        "profile" : ["http://hl7.org/fhir/StructureDefinition/shareablevalueset"]
      },
      "text" : {
        "status" : "generated",
        "div" : "<div xmlns=\"http://www.w3.org/1999/xhtml\"><p>This value set contains 12 concepts</p><p style=\"border: black 1px dotted; background-color: #EEEEEE; padding: 8px; margin-bottom: 8px\">Expansion based on SNOMED CT International edition 31-Jul 2022</p><table class=\"codes\"><tr><td style=\"white-space:nowrap\"><b>Code</b></td><td><b>System</b></td><td><b>Display</b></td></tr><tr><td style=\"white-space:nowrap\"><a name=\"http---snomed.info-sct-368209003\"> </a>  <a href=\"http://snomed.info/id/368209003\">368209003</a></td><td>http://snomed.info/sct</td><td>Overarm, høyre</td></tr><tr><td style=\"white-space:nowrap\"><a name=\"http---snomed.info-sct-368208006\"> </a>  <a href=\"http://snomed.info/id/368208006\">368208006</a></td><td>http://snomed.info/sct</td><td>Overarm, venstre</td></tr><tr><td style=\"white-space:nowrap\"><a name=\"http---snomed.info-sct-11207009\"> </a>  <a href=\"http://snomed.info/id/11207009\">11207009</a></td><td>http://snomed.info/sct</td><td>Lår, høyre</td></tr><tr><td style=\"white-space:nowrap\"><a name=\"http---snomed.info-sct-61396006\"> </a>  <a href=\"http://snomed.info/id/61396006\">61396006</a></td><td>http://snomed.info/sct</td><td>Lår, venstre</td></tr><tr><td style=\"white-space:nowrap\"><a name=\"http---snomed.info-sct-9736006\"> </a>  <a href=\"http://snomed.info/id/9736006\">9736006</a></td><td>http://snomed.info/sct</td><td>Håndledd, høyre</td></tr><tr><td style=\"white-space:nowrap\"><a name=\"http---snomed.info-sct-5951000\"> </a>  <a href=\"http://snomed.info/id/5951000\">5951000</a></td><td>http://snomed.info/sct</td><td>Håndledd, venstre</td></tr><tr><td style=\"white-space:nowrap\"><a name=\"http---snomed.info-sct-6685009\"> </a>  <a href=\"http://snomed.info/id/6685009\">6685009</a></td><td>http://snomed.info/sct</td><td>Ankel, høyre</td></tr><tr><td style=\"white-space:nowrap\"><a name=\"http---snomed.info-sct-51636004\"> </a>  <a href=\"http://snomed.info/id/51636004\">51636004</a></td><td>http://snomed.info/sct</td><td>Ankel, venstre</td></tr><tr><td style=\"white-space:nowrap\"><a name=\"http---snomed.info-sct-7569003\"> </a>  <a href=\"http://snomed.info/id/7569003\">7569003</a></td><td>http://snomed.info/sct</td><td>Finger</td></tr><tr><td style=\"white-space:nowrap\"><a name=\"http---snomed.info-sct-29707007\"> </a>  <a href=\"http://snomed.info/id/29707007\">29707007</a></td><td>http://snomed.info/sct</td><td>Tå</td></tr><tr><td style=\"white-space:nowrap\"><a name=\"http---snomed.info-sct-2402003\"> </a>  <a href=\"http://snomed.info/id/2402003\">2402003</a></td><td>http://snomed.info/sct</td><td>Fotrygg</td></tr><tr><td style=\"white-space:nowrap\"><a name=\"http---snomed.info-sct-51114001\"> </a>  <a href=\"http://snomed.info/id/51114001\">51114001</a></td><td>http://snomed.info/sct</td><td>Intra-arterielt</td></tr></table></div>"
      },
      "extension" : [{
        "url" : "http://hl7.org/fhir/StructureDefinition/structuredefinition-wg",
        "valueCode" : "oo"
      },
      {
        "url" : "http://hl7.org/fhir/StructureDefinition/structuredefinition-standards-status",
        "valueCode" : "draft"
      },
      {
        "url" : "http://hl7.org/fhir/StructureDefinition/structuredefinition-fmm",
        "valueInteger" : 1
      }],
      "url" : "http://hl7.no/fhir/ValueSet/NoDomainVitalSignsObservationBloodpressureBodySite",
      "version" : "0.0.1-alpha",
      "name" : "NoDomainVitalSignsObservationBloodpressureBodySite",
      "title" : "NoDomainVitalSignsObservationBloodpressureBodySite",
      "status" : "draft",
      "experimental" : false,
      "date" : "2021-03-17T00:00:00+00:00",
      "publisher" : "FHIR Project team",
      "contact" : [{
        "telecom" : [{
          "system" : "url",
          "value" : "http://hl7.org/fhir"
        }]
      }],
      "description" : "Codes representing body site for blood pressure",
      "jurisdiction" : [{
        "coding" : [{
          "system" : "urn:iso:std:iso:3166",
          "code" : "NO",
          "display" : "Norway"
        }]
      }],
      "expansion" : {
        "identifier" : "urn:uuid:806dabe9-cb52-4558-acd9-ef0fd7fb391f",
        "timestamp" : "2022-09-26T10:52:30+00:00",
        "total" : 12,
        "parameter" : [{
          "name" : "excludeNested",
          "valueBoolean" : false
        },
        {
          "name" : "limitedExpansion",
          "valueBoolean" : true
        },
        {
          "name" : "version",
          "valueUri" : "http://snomed.info/sct|http://snomed.info/sct/900000000000207008/version/20220731"
        }],
        "contains" : [{
          "system" : "http://snomed.info/sct",
          "code" : "368209003",
          "display" : "Overarm, høyre"
        },
        {
          "system" : "http://snomed.info/sct",
          "code" : "368208006",
          "display" : "Overarm, venstre"
        },
        {
          "system" : "http://snomed.info/sct",
          "code" : "11207009",
          "display" : "Lår, høyre"
        },
        {
          "system" : "http://snomed.info/sct",
          "code" : "61396006",
          "display" : "Lår, venstre"
        },
        {
          "system" : "http://snomed.info/sct",
          "code" : "9736006",
          "display" : "Håndledd, høyre"
        },
        {
          "system" : "http://snomed.info/sct",
          "code" : "5951000",
          "display" : "Håndledd, venstre"
        },
        {
          "system" : "http://snomed.info/sct",
          "code" : "6685009",
          "display" : "Ankel, høyre"
        },
        {
          "system" : "http://snomed.info/sct",
          "code" : "51636004",
          "display" : "Ankel, venstre"
        },
        {
          "system" : "http://snomed.info/sct",
          "code" : "7569003",
          "display" : "Finger"
        },
        {
          "system" : "http://snomed.info/sct",
          "code" : "29707007",
          "display" : "Tå"
        },
        {
          "system" : "http://snomed.info/sct",
          "code" : "2402003",
          "display" : "Fotrygg"
        },
        {
          "system" : "http://snomed.info/sct",
          "code" : "51114001",
          "display" : "Intra-arterielt"
        }]
      }
    }
  },
  {
    "fullUrl" : "http://hl7.no/fhir/ValueSet/NoDomainVitalSignsObservationBodyExposure",
    "resource" : {
      "resourceType" : "ValueSet",
      "id" : "NoDomainVitalSignsObservationBodyExposure",
      "meta" : {
        "lastUpdated" : "2021-03-17T00:00:00+00:00",
        "profile" : ["http://hl7.org/fhir/StructureDefinition/shareablevalueset"]
      },
      "text" : {
        "status" : "generated",
        "div" : "<div xmlns=\"http://www.w3.org/1999/xhtml\"><p>This value set contains 0 concepts</p><table class=\"codes\"><tr><td style=\"white-space:nowrap\"><b>Code</b></td><td><b>System</b></td><td><b>Display</b></td></tr></table></div>"
      },
      "extension" : [{
        "url" : "http://hl7.org/fhir/StructureDefinition/structuredefinition-wg",
        "valueCode" : "fhir"
      },
      {
        "url" : "http://hl7.org/fhir/StructureDefinition/structuredefinition-standards-status",
        "valueCode" : "draft"
      },
      {
        "url" : "http://hl7.org/fhir/StructureDefinition/structuredefinition-fmm",
        "valueInteger" : 1
      }],
      "url" : "http://hl7.no/fhir/ValueSet/NoDomainVitalSignsObservationBodyExposure",
      "version" : "0.0.1-alpha",
      "name" : "NoDomainVitalSignsObservationBodyExposure",
      "title" : "NoDomainVitalSignsObservationBodyExposure",
      "status" : "draft",
      "experimental" : false,
      "date" : "2021-03-17T00:00:00+00:00",
      "publisher" : "FHIR Project team",
      "description" : "Codes representing body exposure",
      "jurisdiction" : [{
        "coding" : [{
          "system" : "urn:iso:std:iso:3166",
          "code" : "NO",
          "display" : "Norway"
        }]
      }],
      "expansion" : {
        "identifier" : "urn:uuid:b8c8ae08-0bbd-435d-bb46-07b54d809fbd",
        "timestamp" : "2022-09-26T10:52:30+00:00",
        "parameter" : [{
          "name" : "excludeNested",
          "valueBoolean" : false
        },
        {
          "name" : "limitedExpansion",
          "valueBoolean" : true
        }]
      }
    }
  },
  {
    "fullUrl" : "http://hl7.no/fhir/ValueSet/NoDomainVitalSignsObservationBodyHeightBodyPosition",
    "resource" : {
      "resourceType" : "ValueSet",
      "id" : "NoDomainVitalSignsObservationBodyHeightBodyPosition",
      "meta" : {
        "lastUpdated" : "2021-03-17T00:00:00+00:00",
        "profile" : ["http://hl7.org/fhir/StructureDefinition/shareablevalueset"]
      },
      "text" : {
        "status" : "generated",
        "div" : "<div xmlns=\"http://www.w3.org/1999/xhtml\"><p>This value set contains 1 concepts</p><p style=\"border: black 1px dotted; background-color: #EEEEEE; padding: 8px; margin-bottom: 8px\">Expansion based on SNOMED CT International edition 31-Jul 2022</p><table class=\"codes\"><tr><td style=\"white-space:nowrap\"><b>Code</b></td><td><b>System</b></td><td><b>Display</b></td></tr><tr><td style=\"white-space:nowrap\"><a name=\"http---snomed.info-sct-10904000\"> </a>  <a href=\"http://snomed.info/id/10904000\">10904000</a></td><td>http://snomed.info/sct</td><td>Stående</td></tr></table></div>"
      },
      "extension" : [{
        "url" : "http://hl7.org/fhir/StructureDefinition/structuredefinition-standards-status",
        "valueCode" : "draft"
      },
      {
        "url" : "http://hl7.org/fhir/StructureDefinition/structuredefinition-fmm",
        "valueInteger" : 1
      }],
      "url" : "http://hl7.no/fhir/ValueSet/NoDomainVitalSignsObservationBodyHeightBodyPosition",
      "version" : "0.0.1-alpha",
      "name" : "NoDomainVitalSignsObservationBodyHeightBodyPosition",
      "title" : "NoDomainVitalSignsObservationBodyHeightBodyPosition",
      "status" : "draft",
      "experimental" : false,
      "date" : "2021-03-17T00:00:00+00:00",
      "publisher" : "FHIR Project team",
      "contact" : [{
        "telecom" : [{
          "system" : "url",
          "value" : "http://hl7.org/fhir"
        }]
      }],
      "description" : "Codes representing body position for body height",
      "jurisdiction" : [{
        "coding" : [{
          "system" : "urn:iso:std:iso:3166",
          "code" : "NO",
          "display" : "Norway"
        }]
      }],
      "expansion" : {
        "identifier" : "urn:uuid:beff0e34-30f4-4be4-8f82-b8ceedc4a36c",
        "timestamp" : "2022-09-26T10:52:31+00:00",
        "total" : 1,
        "parameter" : [{
          "name" : "excludeNested",
          "valueBoolean" : false
        },
        {
          "name" : "limitedExpansion",
          "valueBoolean" : true
        },
        {
          "name" : "version",
          "valueUri" : "http://snomed.info/sct|http://snomed.info/sct/900000000000207008/version/20220731"
        }],
        "contains" : [{
          "system" : "http://snomed.info/sct",
          "code" : "10904000",
          "display" : "Stående"
        }]
      }
    }
  },
  {
    "fullUrl" : "http://hl7.no/fhir/ValueSet/NoDomainVitalSignsObservationBodyTempBodySite",
    "resource" : {
      "resourceType" : "ValueSet",
      "id" : "NoDomainVitalSignsObservationBodyTempBodySite",
      "meta" : {
        "lastUpdated" : "2021-03-17T00:00:00+00:00",
        "profile" : ["http://hl7.org/fhir/StructureDefinition/shareablevalueset"]
      },
      "text" : {
        "status" : "generated",
        "div" : "<div xmlns=\"http://www.w3.org/1999/xhtml\"><p>This value set contains 13 concepts</p><p style=\"border: black 1px dotted; background-color: #EEEEEE; padding: 8px; margin-bottom: 8px\">Expansion based on SNOMED CT International edition 31-Jul 2022</p><table class=\"codes\"><tr><td style=\"white-space:nowrap\"><b>Code</b></td><td><b>System</b></td><td><b>Display</b></td></tr><tr><td style=\"white-space:nowrap\"><a name=\"http---snomed.info-sct-34402009\"> </a>  <a href=\"http://snomed.info/id/34402009\">34402009</a></td><td>http://snomed.info/sct</td><td>Endetarm</td></tr><tr><td style=\"white-space:nowrap\"><a name=\"http---snomed.info-sct-91470000\"> </a>  <a href=\"http://snomed.info/id/91470000\">91470000</a></td><td>http://snomed.info/sct</td><td>Armhule</td></tr><tr><td style=\"white-space:nowrap\"><a name=\"http---snomed.info-sct-42859004\"> </a>  <a href=\"http://snomed.info/id/42859004\">42859004</a></td><td>http://snomed.info/sct</td><td>Øre</td></tr><tr><td style=\"white-space:nowrap\"><a name=\"http---snomed.info-sct-52795006\"> </a>  <a href=\"http://snomed.info/id/52795006\">52795006</a></td><td>http://snomed.info/sct</td><td>Panne</td></tr><tr><td style=\"white-space:nowrap\"><a name=\"http---snomed.info-sct-122861001\"> </a>  <a href=\"http://snomed.info/id/122861001\">122861001</a></td><td>http://snomed.info/sct</td><td>Munn</td></tr><tr><td style=\"white-space:nowrap\"><a name=\"http---snomed.info-sct-71836000\"> </a>  <a href=\"http://snomed.info/id/71836000\">71836000</a></td><td>http://snomed.info/sct</td><td>Nesesvelg</td></tr><tr><td style=\"white-space:nowrap\"><a name=\"http---snomed.info-sct-89837001\"> </a>  <a href=\"http://snomed.info/id/89837001\">89837001</a></td><td>http://snomed.info/sct</td><td>Urinblære</td></tr><tr><td style=\"white-space:nowrap\"><a name=\"http---snomed.info-sct-59820001\"> </a>  <a href=\"http://snomed.info/id/59820001\">59820001</a></td><td>http://snomed.info/sct</td><td>Intravaskulært</td></tr><tr><td style=\"white-space:nowrap\"><a name=\"http---snomed.info-sct-39937001\"> </a>  <a href=\"http://snomed.info/id/39937001\">39937001</a></td><td>http://snomed.info/sct</td><td>Hud</td></tr><tr><td style=\"white-space:nowrap\"><a name=\"http---snomed.info-sct-76784001\"> </a>  <a href=\"http://snomed.info/id/76784001\">76784001</a></td><td>http://snomed.info/sct</td><td>Skjede</td></tr><tr><td style=\"white-space:nowrap\"><a name=\"http---snomed.info-sct-32849002\"> </a>  <a href=\"http://snomed.info/id/32849002\">32849002</a></td><td>http://snomed.info/sct</td><td>Spiserør</td></tr><tr><td style=\"white-space:nowrap\"><a name=\"http---snomed.info-sct-26893007\"> </a>  <a href=\"http://snomed.info/id/26893007\">26893007</a></td><td>http://snomed.info/sct</td><td>Lyske</td></tr><tr><td style=\"white-space:nowrap\"><a name=\"http---snomed.info-sct-450718002\"> </a>  <a href=\"http://snomed.info/id/450718002\">450718002</a></td><td>http://snomed.info/sct</td><td>Tinning</td></tr></table></div>"
      },
      "extension" : [{
        "url" : "http://hl7.org/fhir/StructureDefinition/structuredefinition-wg",
        "valueCode" : "oo"
      },
      {
        "url" : "http://hl7.org/fhir/StructureDefinition/structuredefinition-standards-status",
        "valueCode" : "draft"
      },
      {
        "url" : "http://hl7.org/fhir/StructureDefinition/structuredefinition-fmm",
        "valueInteger" : 1
      }],
      "url" : "http://hl7.no/fhir/ValueSet/NoDomainVitalSignsObservationBodyTempBodySite",
      "version" : "0.0.1-alpha",
      "name" : "NoDomainVitalSignsObservationBodyTempBodySite",
      "title" : "NoDomainVitalSignsObservationBodyTempBodySite",
      "status" : "draft",
      "experimental" : false,
      "date" : "2021-03-17T00:00:00+00:00",
      "publisher" : "FHIR Project team",
      "contact" : [{
        "telecom" : [{
          "system" : "url",
          "value" : "http://hl7.org/fhir"
        }]
      }],
      "description" : "Codes representing body site for body temperature",
      "jurisdiction" : [{
        "coding" : [{
          "system" : "urn:iso:std:iso:3166",
          "code" : "NO",
          "display" : "Norway"
        }]
      }],
      "expansion" : {
        "identifier" : "urn:uuid:10f4e3a1-119c-4a1a-8795-06680e170055",
        "timestamp" : "2022-09-26T10:52:31+00:00",
        "total" : 13,
        "parameter" : [{
          "name" : "excludeNested",
          "valueBoolean" : false
        },
        {
          "name" : "limitedExpansion",
          "valueBoolean" : true
        },
        {
          "name" : "version",
          "valueUri" : "http://snomed.info/sct|http://snomed.info/sct/900000000000207008/version/20220731"
        }],
        "contains" : [{
          "system" : "http://snomed.info/sct",
          "code" : "34402009",
          "display" : "Endetarm"
        },
        {
          "system" : "http://snomed.info/sct",
          "code" : "91470000",
          "display" : "Armhule"
        },
        {
          "system" : "http://snomed.info/sct",
          "code" : "42859004",
          "display" : "Øre"
        },
        {
          "system" : "http://snomed.info/sct",
          "code" : "52795006",
          "display" : "Panne"
        },
        {
          "system" : "http://snomed.info/sct",
          "code" : "122861001",
          "display" : "Munn"
        },
        {
          "system" : "http://snomed.info/sct",
          "code" : "71836000",
          "display" : "Nesesvelg"
        },
        {
          "system" : "http://snomed.info/sct",
          "code" : "89837001",
          "display" : "Urinblære"
        },
        {
          "system" : "http://snomed.info/sct",
          "code" : "59820001",
          "display" : "Intravaskulært"
        },
        {
          "system" : "http://snomed.info/sct",
          "code" : "39937001",
          "display" : "Hud"
        },
        {
          "system" : "http://snomed.info/sct",
          "code" : "76784001",
          "display" : "Skjede"
        },
        {
          "system" : "http://snomed.info/sct",
          "code" : "32849002",
          "display" : "Spiserør"
        },
        {
          "system" : "http://snomed.info/sct",
          "code" : "26893007",
          "display" : "Lyske"
        },
        {
          "system" : "http://snomed.info/sct",
          "code" : "450718002",
          "display" : "Tinning"
        }]
      }
    }
  },
  {
    "fullUrl" : "http://hl7.no/fhir/ValueSet/NoDomainVitalSignsObservationClothingState",
    "resource" : {
      "resourceType" : "ValueSet",
      "id" : "NoDomainVitalSignsObservationClothingState",
      "meta" : {
        "lastUpdated" : "2021-03-17T00:00:00+00:00",
        "profile" : ["http://hl7.org/fhir/StructureDefinition/shareablevalueset"]
      },
      "text" : {
        "status" : "generated",
        "div" : "<div xmlns=\"http://www.w3.org/1999/xhtml\"><p>This value set contains 0 concepts</p><table class=\"codes\"><tr><td style=\"white-space:nowrap\"><b>Code</b></td><td><b>System</b></td><td><b>Display</b></td></tr></table></div>"
      },
      "extension" : [{
        "url" : "http://hl7.org/fhir/StructureDefinition/structuredefinition-wg",
        "valueCode" : "oo"
      },
      {
        "url" : "http://hl7.org/fhir/StructureDefinition/structuredefinition-standards-status",
        "valueCode" : "draft"
      },
      {
        "url" : "http://hl7.org/fhir/StructureDefinition/structuredefinition-fmm",
        "valueInteger" : 1
      }],
      "url" : "http://hl7.no/fhir/ValueSet/NoDomainVitalSignsObservationClothingState",
      "version" : "0.0.1-alpha",
      "name" : "NoDomainVitalSignsObservationClothingState",
      "title" : "Codes representing level of clothing",
      "status" : "draft",
      "experimental" : false,
      "date" : "2021-03-17T00:00:00+00:00",
      "publisher" : "FHIR Project team",
      "description" : "Codes representing level of clothing",
      "jurisdiction" : [{
        "coding" : [{
          "system" : "urn:iso:std:iso:3166",
          "code" : "NO",
          "display" : "Norway"
        }]
      }],
      "expansion" : {
        "identifier" : "urn:uuid:1129f719-1041-41ff-92b1-d04676ac757c",
        "timestamp" : "2022-09-26T10:52:31+00:00",
        "parameter" : [{
          "name" : "excludeNested",
          "valueBoolean" : false
        },
        {
          "name" : "limitedExpansion",
          "valueBoolean" : true
        }]
      }
    }
  },
  {
    "fullUrl" : "http://hl7.no/fhir/ValueSet/NoDomainVitalSignsObservationCuffsize",
    "resource" : {
      "resourceType" : "ValueSet",
      "id" : "NoDomainVitalSignsObservationCuffsize",
      "meta" : {
        "lastUpdated" : "2021-03-17T00:00:00+00:00",
        "profile" : ["http://hl7.org/fhir/StructureDefinition/shareablevalueset"]
      },
      "text" : {
        "status" : "generated",
        "div" : "<div xmlns=\"http://www.w3.org/1999/xhtml\"><p>This value set contains 4 concepts</p><p style=\"border: black 1px dotted; background-color: #EEEEEE; padding: 8px; margin-bottom: 8px\">Expansion based on SNOMED CT International edition 31-Jul 2022</p><table class=\"codes\"><tr><td style=\"white-space:nowrap\"><b>Code</b></td><td><b>System</b></td><td><b>Display</b></td></tr><tr><td style=\"white-space:nowrap\"><a name=\"http---snomed.info-sct-720740000\"> </a>  <a href=\"http://snomed.info/id/720740000\">720740000</a></td><td>http://snomed.info/sct</td><td>Lår voksne</td></tr><tr><td style=\"white-space:nowrap\"><a name=\"http---snomed.info-sct-720738005\"> </a>  <a href=\"http://snomed.info/id/720738005\">720738005</a></td><td>http://snomed.info/sct</td><td>Store voksne</td></tr><tr><td style=\"white-space:nowrap\"><a name=\"http---snomed.info-sct-720739002\"> </a>  <a href=\"http://snomed.info/id/720739002\">720739002</a></td><td>http://snomed.info/sct</td><td>Små voksne</td></tr><tr><td style=\"white-space:nowrap\"><a name=\"http---snomed.info-sct-720736009\"> </a>  <a href=\"http://snomed.info/id/720736009\">720736009</a></td><td>http://snomed.info/sct</td><td>Barn</td></tr></table></div>"
      },
      "extension" : [{
        "url" : "http://hl7.org/fhir/StructureDefinition/structuredefinition-wg",
        "valueCode" : "oo"
      },
      {
        "url" : "http://hl7.org/fhir/StructureDefinition/structuredefinition-standards-status",
        "valueCode" : "draft"
      },
      {
        "url" : "http://hl7.org/fhir/StructureDefinition/structuredefinition-fmm",
        "valueInteger" : 1
      }],
      "url" : "http://hl7.no/fhir/ValueSet/NoDomainVitalSignsObservationCuffsize",
      "version" : "0.0.1-alpha",
      "name" : "NoDomainVitalSignsObservationCuffsize",
      "title" : "NoDomainVitalSignsObservationCuffsize",
      "status" : "draft",
      "experimental" : false,
      "date" : "2021-03-17T00:00:00+00:00",
      "publisher" : "FHIR Project team",
      "description" : "Codes representing cuff size",
      "jurisdiction" : [{
        "coding" : [{
          "system" : "urn:iso:std:iso:3166",
          "code" : "NO",
          "display" : "Norway"
        }]
      }],
      "expansion" : {
        "identifier" : "urn:uuid:1021a11d-ec6c-4a5d-aabb-33b35467c183",
        "timestamp" : "2022-09-26T10:52:31+00:00",
        "total" : 4,
        "parameter" : [{
          "name" : "excludeNested",
          "valueBoolean" : false
        },
        {
          "name" : "limitedExpansion",
          "valueBoolean" : true
        },
        {
          "name" : "version",
          "valueUri" : "http://snomed.info/sct|http://snomed.info/sct/900000000000207008/version/20220731"
        }],
        "contains" : [{
          "system" : "http://snomed.info/sct",
          "code" : "720740000",
          "display" : "Lår voksne"
        },
        {
          "system" : "http://snomed.info/sct",
          "code" : "720738005",
          "display" : "Store voksne"
        },
        {
          "system" : "http://snomed.info/sct",
          "code" : "720739002",
          "display" : "Små voksne"
        },
        {
          "system" : "http://snomed.info/sct",
          "code" : "720736009",
          "display" : "Barn"
        }]
      }
    }
  },
  {
    "fullUrl" : "http://hl7.no/fhir/ValueSet/NoDomainVitalSignsObservationDiastolicendPoint",
    "resource" : {
      "resourceType" : "ValueSet",
      "id" : "NoDomainVitalSignsObservationDiastolicendPoint",
      "meta" : {
        "lastUpdated" : "2021-03-17T00:00:00+00:00",
        "profile" : ["http://hl7.org/fhir/StructureDefinition/shareablevalueset"]
      },
      "text" : {
        "status" : "generated",
        "div" : "<div xmlns=\"http://www.w3.org/1999/xhtml\"><p>This value set contains 0 concepts</p><table class=\"codes\"><tr><td style=\"white-space:nowrap\"><b>Code</b></td><td><b>System</b></td><td><b>Display</b></td></tr></table></div>"
      },
      "extension" : [{
        "url" : "http://hl7.org/fhir/StructureDefinition/structuredefinition-wg",
        "valueCode" : "oo"
      },
      {
        "url" : "http://hl7.org/fhir/StructureDefinition/structuredefinition-standards-status",
        "valueCode" : "draft"
      },
      {
        "url" : "http://hl7.org/fhir/StructureDefinition/structuredefinition-fmm",
        "valueInteger" : 1
      }],
      "url" : "http://hl7.no/fhir/ValueSet/NoDomainVitalSignsObservationDiastolicendPoint",
      "version" : "0.0.1-alpha",
      "name" : "NoDomainVitalSignsObservationDiastolicendPoint",
      "title" : "Codes representing Diastolic end point",
      "status" : "draft",
      "experimental" : false,
      "date" : "2021-03-17T00:00:00+00:00",
      "publisher" : "FHIR Project team",
      "description" : "Codes representing Diastolic end point",
      "jurisdiction" : [{
        "coding" : [{
          "system" : "urn:iso:std:iso:3166",
          "code" : "NO",
          "display" : "Norway"
        }]
      }],
      "expansion" : {
        "identifier" : "urn:uuid:91f91939-1a45-4ae4-9ca3-8117b88fb670",
        "timestamp" : "2022-09-26T10:52:31+00:00",
        "parameter" : [{
          "name" : "excludeNested",
          "valueBoolean" : false
        },
        {
          "name" : "limitedExpansion",
          "valueBoolean" : true
        }]
      }
    }
  },
  {
    "fullUrl" : "http://hl7.no/fhir/ValueSet/NoDomainVitalSignsObservationHeartRateBodyPosition",
    "resource" : {
      "resourceType" : "ValueSet",
      "id" : "NoDomainVitalSignsObservationHeartRateBodyPosition",
      "meta" : {
        "lastUpdated" : "2021-03-17T00:00:00+00:00",
        "profile" : ["http://hl7.org/fhir/StructureDefinition/shareablevalueset"]
      },
      "text" : {
        "status" : "generated",
        "div" : "<div xmlns=\"http://www.w3.org/1999/xhtml\"><p>This value set contains 3 concepts</p><p style=\"border: black 1px dotted; background-color: #EEEEEE; padding: 8px; margin-bottom: 8px\">Expansion based on SNOMED CT International edition 31-Jul 2022</p><table class=\"codes\"><tr><td style=\"white-space:nowrap\"><b>Code</b></td><td><b>System</b></td><td><b>Display</b></td></tr><tr><td style=\"white-space:nowrap\"><a name=\"http---snomed.info-sct-10904000\"> </a>  <a href=\"http://snomed.info/id/10904000\">10904000</a></td><td>http://snomed.info/sct</td><td>Stående</td></tr><tr><td style=\"white-space:nowrap\"><a name=\"http---snomed.info-sct-33586001\"> </a>  <a href=\"http://snomed.info/id/33586001\">33586001</a></td><td>http://snomed.info/sct</td><td>Sittende</td></tr><tr><td style=\"white-space:nowrap\"><a name=\"http---snomed.info-sct-272580008\"> </a>  <a href=\"http://snomed.info/id/272580008\">272580008</a></td><td>http://snomed.info/sct</td><td>Tilbakelent</td></tr></table></div>"
      },
      "extension" : [{
        "url" : "http://hl7.org/fhir/StructureDefinition/structuredefinition-wg",
        "valueCode" : "oo"
      },
      {
        "url" : "http://hl7.org/fhir/StructureDefinition/structuredefinition-standards-status",
        "valueCode" : "draft"
      },
      {
        "url" : "http://hl7.org/fhir/StructureDefinition/structuredefinition-fmm",
        "valueInteger" : 1
      }],
      "url" : "http://hl7.no/fhir/ValueSet/NoDomainVitalSignsObservationHeartRateBodyPosition",
      "version" : "0.0.1-alpha",
      "name" : "NoDomainVitalSignsObservationHeartRateBodyPosition",
      "title" : "NoDomainVitalSignsObservationHeartRateBodyPosition",
      "status" : "draft",
      "experimental" : false,
      "date" : "2021-03-17T00:00:00+00:00",
      "publisher" : "FHIR Project team",
      "contact" : [{
        "telecom" : [{
          "system" : "url",
          "value" : "http://hl7.org/fhir"
        }]
      }],
      "description" : "Codes representing body position for heart rate",
      "jurisdiction" : [{
        "coding" : [{
          "system" : "urn:iso:std:iso:3166",
          "code" : "NO",
          "display" : "Norway"
        }]
      }],
      "expansion" : {
        "identifier" : "urn:uuid:4beb2c66-c301-47a0-8d99-6cc0b7aa6ed0",
        "timestamp" : "2022-09-26T10:52:32+00:00",
        "total" : 3,
        "parameter" : [{
          "name" : "excludeNested",
          "valueBoolean" : false
        },
        {
          "name" : "limitedExpansion",
          "valueBoolean" : true
        },
        {
          "name" : "version",
          "valueUri" : "http://snomed.info/sct|http://snomed.info/sct/900000000000207008/version/20220731"
        }],
        "contains" : [{
          "system" : "http://snomed.info/sct",
          "code" : "10904000",
          "display" : "Stående"
        },
        {
          "system" : "http://snomed.info/sct",
          "code" : "33586001",
          "display" : "Sittende"
        },
        {
          "system" : "http://snomed.info/sct",
          "code" : "272580008",
          "display" : "Tilbakelent"
        }]
      }
    }
  },
  {
    "fullUrl" : "http://hl7.no/fhir/ValueSet/NoDomainVitalSignsObservationHeartRateBodySite",
    "resource" : {
      "resourceType" : "ValueSet",
      "id" : "NoDomainVitalSignsObservationHeartRateBodySite",
      "meta" : {
        "lastUpdated" : "2021-03-17T00:00:00+00:00",
        "profile" : ["http://hl7.org/fhir/StructureDefinition/shareablevalueset"]
      },
      "text" : {
        "status" : "generated",
        "div" : "<div xmlns=\"http://www.w3.org/1999/xhtml\"><p>This value set contains 12 concepts</p><p style=\"border: black 1px dotted; background-color: #EEEEEE; padding: 8px; margin-bottom: 8px\">Expansion based on SNOMED CT International edition 31-Jul 2022</p><table class=\"codes\"><tr><td style=\"white-space:nowrap\"><b>Code</b></td><td><b>System</b></td><td><b>Display</b></td></tr><tr><td style=\"white-space:nowrap\"><a name=\"http---snomed.info-sct-368504007\"> </a>  <a href=\"http://snomed.info/id/368504007\">368504007</a></td><td>http://snomed.info/sct</td><td>Radialisarterien, venstre</td></tr><tr><td style=\"white-space:nowrap\"><a name=\"http---snomed.info-sct-368503001\"> </a>  <a href=\"http://snomed.info/id/368503001\">368503001</a></td><td>http://snomed.info/sct</td><td>Radialisarterien, høyre</td></tr><tr><td style=\"white-space:nowrap\"><a name=\"http---snomed.info-sct-721028001\"> </a>  <a href=\"http://snomed.info/id/721028001\">721028001</a></td><td>http://snomed.info/sct</td><td>Carotisarterien, venstre</td></tr><tr><td style=\"white-space:nowrap\"><a name=\"http---snomed.info-sct-721033002\"> </a>  <a href=\"http://snomed.info/id/721033002\">721033002</a></td><td>http://snomed.info/sct</td><td>Carotisarterien, høyre</td></tr><tr><td style=\"white-space:nowrap\"><a name=\"http---snomed.info-sct-113270003\"> </a>  <a href=\"http://snomed.info/id/113270003\">113270003</a></td><td>http://snomed.info/sct</td><td>Femoralisarterien, venstre</td></tr><tr><td style=\"white-space:nowrap\"><a name=\"http---snomed.info-sct-69833005\"> </a>  <a href=\"http://snomed.info/id/69833005\">69833005</a></td><td>http://snomed.info/sct</td><td>Femoralisarterien, høyre</td></tr><tr><td style=\"white-space:nowrap\"><a name=\"http---snomed.info-sct-723962009\"> </a>  <a href=\"http://snomed.info/id/723962009\">723962009</a></td><td>http://snomed.info/sct</td><td>Brachialisarterien, høyre</td></tr><tr><td style=\"white-space:nowrap\"><a name=\"http---snomed.info-sct-723961002\"> </a>  <a href=\"http://snomed.info/id/723961002\">723961002</a></td><td>http://snomed.info/sct</td><td>Brachialisarterien, venstre</td></tr><tr><td style=\"white-space:nowrap\"><a name=\"http---snomed.info-sct-7569003\"> </a>  <a href=\"http://snomed.info/id/7569003\">7569003</a></td><td>http://snomed.info/sct</td><td>Finger</td></tr><tr><td style=\"white-space:nowrap\"><a name=\"http---snomed.info-sct-29707007\"> </a>  <a href=\"http://snomed.info/id/29707007\">29707007</a></td><td>http://snomed.info/sct</td><td>Tå</td></tr><tr><td style=\"white-space:nowrap\"><a name=\"http---snomed.info-sct-48800003\"> </a>  <a href=\"http://snomed.info/id/48800003\">48800003</a></td><td>http://snomed.info/sct</td><td>Øreflipp</td></tr><tr><td style=\"white-space:nowrap\"><a name=\"http---snomed.info-sct-364075005\"> </a>  <a href=\"http://snomed.info/id/364075005\">364075005</a></td><td>http://snomed.info/sct</td><td>Hjertet</td></tr></table></div>"
      },
      "extension" : [{
        "url" : "http://hl7.org/fhir/StructureDefinition/structuredefinition-wg",
        "valueCode" : "oo"
      },
      {
        "url" : "http://hl7.org/fhir/StructureDefinition/structuredefinition-standards-status",
        "valueCode" : "draft"
      },
      {
        "url" : "http://hl7.org/fhir/StructureDefinition/structuredefinition-fmm",
        "valueInteger" : 1
      }],
      "url" : "http://hl7.no/fhir/ValueSet/NoDomainVitalSignsObservationHeartRateBodySite",
      "version" : "0.0.1-alpha",
      "name" : "NoDomainVitalSignsObservationHeartRateBodySite",
      "title" : "NoDomainVitalSignsObservationHeartRateBodySite",
      "status" : "draft",
      "experimental" : false,
      "date" : "2021-03-17T00:00:00+00:00",
      "publisher" : "FHIR Project team",
      "contact" : [{
        "telecom" : [{
          "system" : "url",
          "value" : "http://hl7.org/fhir"
        }]
      }],
      "description" : "Codes representing body site for heart rate",
      "jurisdiction" : [{
        "coding" : [{
          "system" : "urn:iso:std:iso:3166",
          "code" : "NO",
          "display" : "Norway"
        }]
      }],
      "expansion" : {
        "identifier" : "urn:uuid:b1f88a4e-3b3e-4457-af73-b12f7f1c3332",
        "timestamp" : "2022-09-26T10:52:32+00:00",
        "total" : 12,
        "parameter" : [{
          "name" : "excludeNested",
          "valueBoolean" : false
        },
        {
          "name" : "limitedExpansion",
          "valueBoolean" : true
        },
        {
          "name" : "version",
          "valueUri" : "http://snomed.info/sct|http://snomed.info/sct/900000000000207008/version/20220731"
        }],
        "contains" : [{
          "system" : "http://snomed.info/sct",
          "code" : "368504007",
          "display" : "Radialisarterien, venstre"
        },
        {
          "system" : "http://snomed.info/sct",
          "code" : "368503001",
          "display" : "Radialisarterien, høyre"
        },
        {
          "system" : "http://snomed.info/sct",
          "code" : "721028001",
          "display" : "Carotisarterien, venstre"
        },
        {
          "system" : "http://snomed.info/sct",
          "code" : "721033002",
          "display" : "Carotisarterien, høyre"
        },
        {
          "system" : "http://snomed.info/sct",
          "code" : "113270003",
          "display" : "Femoralisarterien, venstre"
        },
        {
          "system" : "http://snomed.info/sct",
          "code" : "69833005",
          "display" : "Femoralisarterien, høyre"
        },
        {
          "system" : "http://snomed.info/sct",
          "code" : "723962009",
          "display" : "Brachialisarterien, høyre"
        },
        {
          "system" : "http://snomed.info/sct",
          "code" : "723961002",
          "display" : "Brachialisarterien, venstre"
        },
        {
          "system" : "http://snomed.info/sct",
          "code" : "7569003",
          "display" : "Finger"
        },
        {
          "system" : "http://snomed.info/sct",
          "code" : "29707007",
          "display" : "Tå"
        },
        {
          "system" : "http://snomed.info/sct",
          "code" : "48800003",
          "display" : "Øreflipp"
        },
        {
          "system" : "http://snomed.info/sct",
          "code" : "364075005",
          "display" : "Hjertet"
        }]
      }
    }
  },
  {
    "fullUrl" : "http://hl7.no/fhir/ValueSet/NoDomainVitalSignsObservationHeartRhythm",
    "resource" : {
      "resourceType" : "ValueSet",
      "id" : "NoDomainVitalSignsObservationHeartRhythm",
      "meta" : {
        "lastUpdated" : "2021-03-17T00:00:00+00:00",
        "profile" : ["http://hl7.org/fhir/StructureDefinition/shareablevalueset"]
      },
      "text" : {
        "status" : "generated",
        "div" : "<div xmlns=\"http://www.w3.org/1999/xhtml\"><p>This value set contains 2 concepts</p><p style=\"border: black 1px dotted; background-color: #EEEEEE; padding: 8px; margin-bottom: 8px\">Expansion based on SNOMED CT International edition 31-Jul 2022</p><table class=\"codes\"><tr><td style=\"white-space:nowrap\"><b>Code</b></td><td><b>System</b></td><td><b>Display</b></td></tr><tr><td style=\"white-space:nowrap\"><a name=\"http---snomed.info-sct-271636001\"> </a>  <a href=\"http://snomed.info/id/271636001\">271636001</a></td><td>http://snomed.info/sct</td><td>Regelmessig</td></tr><tr><td style=\"white-space:nowrap\"><a name=\"http---snomed.info-sct-61086009\"> </a>  <a href=\"http://snomed.info/id/61086009\">61086009</a></td><td>http://snomed.info/sct</td><td>Uregelmessig</td></tr></table></div>"
      },
      "extension" : [{
        "url" : "http://hl7.org/fhir/StructureDefinition/structuredefinition-wg",
        "valueCode" : "oo"
      },
      {
        "url" : "http://hl7.org/fhir/StructureDefinition/structuredefinition-standards-status",
        "valueCode" : "draft"
      },
      {
        "url" : "http://hl7.org/fhir/StructureDefinition/structuredefinition-fmm",
        "valueInteger" : 1
      }],
      "url" : "http://hl7.no/fhir/ValueSet/NoDomainVitalSignsObservationHeartRhythm",
      "version" : "0.0.1-alpha",
      "name" : "NoDomainVitalSignsObservationHeartRhythm",
      "title" : "NoDomainVitalSignsObservationHeartRhythm",
      "status" : "draft",
      "experimental" : false,
      "date" : "2021-03-17T00:00:00+00:00",
      "publisher" : "FHIR Project team",
      "contact" : [{
        "telecom" : [{
          "system" : "url",
          "value" : "http://hl7.org/fhir"
        }]
      }],
      "description" : "Codes representing heart rhythm for heart rate",
      "jurisdiction" : [{
        "coding" : [{
          "system" : "urn:iso:std:iso:3166",
          "code" : "NO",
          "display" : "Norway"
        }]
      }],
      "expansion" : {
        "identifier" : "urn:uuid:fd64377e-89c0-46b8-a2cc-30a5bec28c9f",
        "timestamp" : "2022-09-26T10:52:33+00:00",
        "total" : 2,
        "parameter" : [{
          "name" : "excludeNested",
          "valueBoolean" : false
        },
        {
          "name" : "limitedExpansion",
          "valueBoolean" : true
        },
        {
          "name" : "version",
          "valueUri" : "http://snomed.info/sct|http://snomed.info/sct/900000000000207008/version/20220731"
        }],
        "contains" : [{
          "system" : "http://snomed.info/sct",
          "code" : "271636001",
          "display" : "Regelmessig"
        },
        {
          "system" : "http://snomed.info/sct",
          "code" : "61086009",
          "display" : "Uregelmessig"
        }]
      }
    }
  },
  {
    "fullUrl" : "http://hl7.no/fhir/ValueSet/NoDomainVitalSignsObservationHeartRhythmIrregularity",
    "resource" : {
      "resourceType" : "ValueSet",
      "id" : "NoDomainVitalSignsObservationHeartRhythmIrregularity",
      "meta" : {
        "lastUpdated" : "2021-03-17T00:00:00+00:00",
        "profile" : ["http://hl7.org/fhir/StructureDefinition/shareablevalueset"]
      },
      "text" : {
        "status" : "generated",
        "div" : "<div xmlns=\"http://www.w3.org/1999/xhtml\"><p>This value set contains 2 concepts</p><p style=\"border: black 1px dotted; background-color: #EEEEEE; padding: 8px; margin-bottom: 8px\">Expansion based on SNOMED CT International edition 31-Jul 2022</p><table class=\"codes\"><tr><td style=\"white-space:nowrap\"><b>Code</b></td><td><b>System</b></td><td><b>Display</b></td></tr><tr><td style=\"white-space:nowrap\"><a name=\"http---snomed.info-sct-271638000\"> </a>  <a href=\"http://snomed.info/id/271638000\">271638000</a></td><td>http://snomed.info/sct</td><td>Regelmessig uregelmessig</td></tr><tr><td style=\"white-space:nowrap\"><a name=\"http---snomed.info-sct-271637005\"> </a>  <a href=\"http://snomed.info/id/271637005\">271637005</a></td><td>http://snomed.info/sct</td><td>Uregelmessig uregelmessig</td></tr></table></div>"
      },
      "extension" : [{
        "url" : "http://hl7.org/fhir/StructureDefinition/structuredefinition-wg",
        "valueCode" : "oo"
      },
      {
        "url" : "http://hl7.org/fhir/StructureDefinition/structuredefinition-standards-status",
        "valueCode" : "draft"
      },
      {
        "url" : "http://hl7.org/fhir/StructureDefinition/structuredefinition-fmm",
        "valueInteger" : 1
      }],
      "url" : "http://hl7.no/fhir/ValueSet/NoDomainVitalSignsObservationHeartRhythmIrregularity",
      "version" : "0.0.1-alpha",
      "name" : "NoDomainVitalSignsObservationHeartRhythmIrregularity",
      "title" : "NoDomainVitalSignsObservationHeartRhythmIrregularity",
      "status" : "draft",
      "experimental" : false,
      "date" : "2021-03-17T00:00:00+00:00",
      "publisher" : "FHIR Project team",
      "contact" : [{
        "telecom" : [{
          "system" : "url",
          "value" : "http://hl7.org/fhir"
        }]
      }],
      "description" : "Codes representing heart rhythm irregularity for heart rate",
      "jurisdiction" : [{
        "coding" : [{
          "system" : "urn:iso:std:iso:3166",
          "code" : "NO",
          "display" : "Norway"
        }]
      }],
      "expansion" : {
        "identifier" : "urn:uuid:8ac45fc0-482d-4a62-8962-e3f03e8ff0ac",
        "timestamp" : "2022-09-26T10:52:33+00:00",
        "total" : 2,
        "parameter" : [{
          "name" : "excludeNested",
          "valueBoolean" : false
        },
        {
          "name" : "limitedExpansion",
          "valueBoolean" : true
        },
        {
          "name" : "version",
          "valueUri" : "http://snomed.info/sct|http://snomed.info/sct/900000000000207008/version/20220731"
        }],
        "contains" : [{
          "system" : "http://snomed.info/sct",
          "code" : "271638000",
          "display" : "Regelmessig uregelmessig"
        },
        {
          "system" : "http://snomed.info/sct",
          "code" : "271637005",
          "display" : "Uregelmessig uregelmessig"
        }]
      }
    }
  },
  {
    "fullUrl" : "http://hl7.no/fhir/ValueSet/NoDomainVitalSignsObservationPrePostduktalVS",
    "resource" : {
      "resourceType" : "ValueSet",
      "id" : "NoDomainVitalSignsObservationPrePostduktalVS",
      "meta" : {
        "lastUpdated" : "2021-03-17T00:00:00+00:00",
        "profile" : ["http://hl7.org/fhir/StructureDefinition/shareablevalueset"]
      },
      "text" : {
        "status" : "generated",
        "div" : "<div xmlns=\"http://www.w3.org/1999/xhtml\"><p>This value set contains 0 concepts</p><table class=\"codes\"><tr><td style=\"white-space:nowrap\"><b>Code</b></td><td><b>System</b></td><td><b>Display</b></td></tr></table></div>"
      },
      "extension" : [{
        "url" : "http://hl7.org/fhir/StructureDefinition/structuredefinition-wg",
        "valueCode" : "oo"
      },
      {
        "url" : "http://hl7.org/fhir/StructureDefinition/structuredefinition-standards-status",
        "valueCode" : "draft"
      },
      {
        "url" : "http://hl7.org/fhir/StructureDefinition/structuredefinition-fmm",
        "valueInteger" : 1
      }],
      "url" : "http://hl7.no/fhir/ValueSet/NoDomainVitalSignsObservationPrePostduktalVS",
      "version" : "0.0.1-alpha",
      "name" : "NoDomainVitalSignsObservationPrePostduktalVS",
      "status" : "draft",
      "experimental" : false,
      "date" : "2021-03-17T00:00:00+00:00",
      "contact" : [{
        "telecom" : [{
          "system" : "url",
          "value" : "http://hl7.org/fhir"
        }]
      }],
      "description" : "Codes representing pre/post ductal",
      "jurisdiction" : [{
        "coding" : [{
          "system" : "urn:iso:std:iso:3166",
          "code" : "NO",
          "display" : "Norway"
        }]
      }],
      "expansion" : {
        "identifier" : "urn:uuid:2bfd8330-fbea-448f-b129-dda0ff32e30c",
        "timestamp" : "2022-09-26T10:52:33+00:00",
        "parameter" : [{
          "name" : "excludeNested",
          "valueBoolean" : false
        },
        {
          "name" : "limitedExpansion",
          "valueBoolean" : true
        }]
      }
    }
  },
  {
    "fullUrl" : "http://hl7.no/fhir/ValueSet/NoDomainVitalSignsObservationRespirationRateBodyPosition",
    "resource" : {
      "resourceType" : "ValueSet",
      "id" : "NoDomainVitalSignsObservationRespirationRateBodyPosition",
      "meta" : {
        "lastUpdated" : "2021-03-17T00:00:00+00:00",
        "profile" : ["http://hl7.org/fhir/StructureDefinition/shareablevalueset"]
      },
      "text" : {
        "status" : "generated",
        "div" : "<div xmlns=\"http://www.w3.org/1999/xhtml\"><p>This value set contains 5 concepts</p><p style=\"border: black 1px dotted; background-color: #EEEEEE; padding: 8px; margin-bottom: 8px\">Expansion based on SNOMED CT International edition 31-Jul 2022</p><table class=\"codes\"><tr><td style=\"white-space:nowrap\"><b>Code</b></td><td><b>System</b></td><td><b>Display</b></td></tr><tr><td style=\"white-space:nowrap\"><a name=\"http---snomed.info-sct-10904000\"> </a>  <a href=\"http://snomed.info/id/10904000\">10904000</a></td><td>http://snomed.info/sct</td><td>Stående/Oppreist</td></tr><tr><td style=\"white-space:nowrap\"><a name=\"http---snomed.info-sct-33586001\"> </a>  <a href=\"http://snomed.info/id/33586001\">33586001</a></td><td>http://snomed.info/sct</td><td>Sittende</td></tr><tr><td style=\"white-space:nowrap\"><a name=\"http---snomed.info-sct-272580008\"> </a>  <a href=\"http://snomed.info/id/272580008\">272580008</a></td><td>http://snomed.info/sct</td><td>Tilbakelent</td></tr><tr><td style=\"white-space:nowrap\"><a name=\"http---snomed.info-sct-40199007\"> </a>  <a href=\"http://snomed.info/id/40199007\">40199007</a></td><td>http://snomed.info/sct</td><td>Ryggleie</td></tr><tr><td style=\"white-space:nowrap\"><a name=\"http---snomed.info-sct-1240000\"> </a>  <a href=\"http://snomed.info/id/1240000\">1240000</a></td><td>http://snomed.info/sct</td><td>Mageleie</td></tr></table></div>"
      },
      "extension" : [{
        "url" : "http://hl7.org/fhir/StructureDefinition/structuredefinition-wg",
        "valueCode" : "fhir"
      },
      {
        "url" : "http://hl7.org/fhir/StructureDefinition/structuredefinition-standards-status",
        "valueCode" : "draft"
      },
      {
        "url" : "http://hl7.org/fhir/StructureDefinition/structuredefinition-fmm",
        "valueInteger" : 1
      }],
      "url" : "http://hl7.no/fhir/ValueSet/NoDomainVitalSignsObservationRespirationRateBodyPosition",
      "version" : "0.0.1-alpha",
      "name" : "NoDomainVitalSignsObservationRespirationRateBodyPosition",
      "title" : "NoDomainVitalSignsObservationRespirationRateBodyPosition",
      "status" : "draft",
      "experimental" : false,
      "date" : "2021-03-17T00:00:00+00:00",
      "publisher" : "FHIR Project team",
      "description" : "Codes representing body position for respiration rate",
      "jurisdiction" : [{
        "coding" : [{
          "system" : "urn:iso:std:iso:3166",
          "code" : "NO",
          "display" : "Norway"
        }]
      }],
      "expansion" : {
        "identifier" : "urn:uuid:c8311349-8667-4e65-a016-bf6dc769c2d8",
        "timestamp" : "2022-09-26T10:52:33+00:00",
        "total" : 5,
        "parameter" : [{
          "name" : "excludeNested",
          "valueBoolean" : false
        },
        {
          "name" : "limitedExpansion",
          "valueBoolean" : true
        },
        {
          "name" : "version",
          "valueUri" : "http://snomed.info/sct|http://snomed.info/sct/900000000000207008/version/20220731"
        }],
        "contains" : [{
          "system" : "http://snomed.info/sct",
          "code" : "10904000",
          "display" : "Stående/Oppreist"
        },
        {
          "system" : "http://snomed.info/sct",
          "code" : "33586001",
          "display" : "Sittende"
        },
        {
          "system" : "http://snomed.info/sct",
          "code" : "272580008",
          "display" : "Tilbakelent"
        },
        {
          "system" : "http://snomed.info/sct",
          "code" : "40199007",
          "display" : "Ryggleie"
        },
        {
          "system" : "http://snomed.info/sct",
          "code" : "1240000",
          "display" : "Mageleie"
        }]
      }
    }
  },
  {
    "fullUrl" : "http://hl7.no/fhir/ValueSet/NoDomainVitalSignsObservationRespirationRateDepth",
    "resource" : {
      "resourceType" : "ValueSet",
      "id" : "NoDomainVitalSignsObservationRespirationRateDepth",
      "meta" : {
        "lastUpdated" : "2021-03-17T00:00:00+00:00",
        "profile" : ["http://hl7.org/fhir/StructureDefinition/shareablevalueset"]
      },
      "text" : {
        "status" : "generated",
        "div" : "<div xmlns=\"http://www.w3.org/1999/xhtml\"><p>This value set contains 4 concepts</p><p style=\"border: black 1px dotted; background-color: #EEEEEE; padding: 8px; margin-bottom: 8px\">Expansion based on SNOMED CT International edition 31-Jul 2022</p><table class=\"codes\"><tr><td style=\"white-space:nowrap\"><b>Code</b></td><td><b>System</b></td><td><b>Display</b></td></tr><tr><td style=\"white-space:nowrap\"><a name=\"http---snomed.info-sct-301284009\"> </a>  <a href=\"http://snomed.info/id/301284009\">301284009</a></td><td>http://snomed.info/sct</td><td>Normal</td></tr><tr><td style=\"white-space:nowrap\"><a name=\"http---snomed.info-sct-386616007\"> </a>  <a href=\"http://snomed.info/id/386616007\">386616007</a></td><td>http://snomed.info/sct</td><td>Overfladisk</td></tr><tr><td style=\"white-space:nowrap\"><a name=\"http---snomed.info-sct-289123006\"> </a>  <a href=\"http://snomed.info/id/289123006\">289123006</a></td><td>http://snomed.info/sct</td><td>Dyp</td></tr><tr><td style=\"white-space:nowrap\"><a name=\"http---snomed.info-sct-248587009\"> </a>  <a href=\"http://snomed.info/id/248587009\">248587009</a></td><td>http://snomed.info/sct</td><td>Varierende</td></tr></table></div>"
      },
      "extension" : [{
        "url" : "http://hl7.org/fhir/StructureDefinition/structuredefinition-wg",
        "valueCode" : "fhir"
      },
      {
        "url" : "http://hl7.org/fhir/StructureDefinition/structuredefinition-standards-status",
        "valueCode" : "draft"
      },
      {
        "url" : "http://hl7.org/fhir/StructureDefinition/structuredefinition-fmm",
        "valueInteger" : 1
      }],
      "url" : "http://hl7.no/fhir/ValueSet/NoDomainVitalSignsObservationRespirationRateDepth",
      "version" : "0.0.1-alpha",
      "name" : "NoDomainVitalSignsObservationRespirationRateDepth",
      "title" : "NoDomainVitalSignsObservationRespirationRateDepth",
      "status" : "draft",
      "experimental" : false,
      "date" : "2021-03-17T00:00:00+00:00",
      "publisher" : "FHIR Project team",
      "description" : "Codes representing depth for respiration rate",
      "jurisdiction" : [{
        "coding" : [{
          "system" : "urn:iso:std:iso:3166",
          "code" : "NO",
          "display" : "Norway"
        }]
      }],
      "expansion" : {
        "identifier" : "urn:uuid:5f50cb6e-19b5-42c5-997b-fc440537cb85",
        "timestamp" : "2022-09-26T10:52:33+00:00",
        "total" : 4,
        "parameter" : [{
          "name" : "excludeNested",
          "valueBoolean" : false
        },
        {
          "name" : "limitedExpansion",
          "valueBoolean" : true
        },
        {
          "name" : "version",
          "valueUri" : "http://snomed.info/sct|http://snomed.info/sct/900000000000207008/version/20220731"
        }],
        "contains" : [{
          "system" : "http://snomed.info/sct",
          "code" : "301284009",
          "display" : "Normal"
        },
        {
          "system" : "http://snomed.info/sct",
          "code" : "386616007",
          "display" : "Overfladisk"
        },
        {
          "system" : "http://snomed.info/sct",
          "code" : "289123006",
          "display" : "Dyp"
        },
        {
          "system" : "http://snomed.info/sct",
          "code" : "248587009",
          "display" : "Varierende"
        }]
      }
    }
  },
  {
    "fullUrl" : "http://hl7.no/fhir/ValueSet/NoDomainVitalSignsObservationRespirationRegularity",
    "resource" : {
      "resourceType" : "ValueSet",
      "id" : "NoDomainVitalSignsObservationRespirationRegularity",
      "meta" : {
        "lastUpdated" : "2021-03-17T00:00:00+00:00",
        "profile" : ["http://hl7.org/fhir/StructureDefinition/shareablevalueset"]
      },
      "text" : {
        "status" : "generated",
        "div" : "<div xmlns=\"http://www.w3.org/1999/xhtml\"><p>This value set contains 2 concepts</p><p style=\"border: black 1px dotted; background-color: #EEEEEE; padding: 8px; margin-bottom: 8px\">Expansion based on SNOMED CT International edition 31-Jul 2022</p><table class=\"codes\"><tr><td style=\"white-space:nowrap\"><b>Code</b></td><td><b>System</b></td><td><b>Display</b></td></tr><tr><td style=\"white-space:nowrap\"><a name=\"http---snomed.info-sct-276888009\"> </a>  <a href=\"http://snomed.info/id/276888009\">276888009</a></td><td>http://snomed.info/sct</td><td>Regelmessig</td></tr><tr><td style=\"white-space:nowrap\"><a name=\"http---snomed.info-sct-248585001\"> </a>  <a href=\"http://snomed.info/id/248585001\">248585001</a></td><td>http://snomed.info/sct</td><td>Uregelmessig</td></tr></table></div>"
      },
      "extension" : [{
        "url" : "http://hl7.org/fhir/StructureDefinition/structuredefinition-wg",
        "valueCode" : "oo"
      },
      {
        "url" : "http://hl7.org/fhir/StructureDefinition/structuredefinition-standards-status",
        "valueCode" : "draft"
      },
      {
        "url" : "http://hl7.org/fhir/StructureDefinition/structuredefinition-fmm",
        "valueInteger" : 1
      }],
      "url" : "http://hl7.no/fhir/ValueSet/NoDomainVitalSignsObservationRespirationRegularity",
      "version" : "0.0.1-alpha",
      "name" : "NoDomainVitalSignsObservationRespirationRegularity",
      "title" : "NoDomainVitalSignsObservationRespirationRegularity",
      "status" : "draft",
      "experimental" : false,
      "date" : "2021-03-17T00:00:00+00:00",
      "publisher" : "FHIR Project team",
      "description" : "Codes representing Respiration Regularity",
      "jurisdiction" : [{
        "coding" : [{
          "system" : "urn:iso:std:iso:3166",
          "code" : "NO",
          "display" : "Norway"
        }]
      }],
      "expansion" : {
        "identifier" : "urn:uuid:2a8992d0-11b5-4856-9280-b14719ac0380",
        "timestamp" : "2022-09-26T10:52:34+00:00",
        "total" : 2,
        "parameter" : [{
          "name" : "excludeNested",
          "valueBoolean" : false
        },
        {
          "name" : "limitedExpansion",
          "valueBoolean" : true
        },
        {
          "name" : "version",
          "valueUri" : "http://snomed.info/sct|http://snomed.info/sct/900000000000207008/version/20220731"
        }],
        "contains" : [{
          "system" : "http://snomed.info/sct",
          "code" : "276888009",
          "display" : "Regelmessig"
        },
        {
          "system" : "http://snomed.info/sct",
          "code" : "248585001",
          "display" : "Uregelmessig"
        }]
      }
    }
  },
  {
    "fullUrl" : "http://hl7.no/fhir/ValueSet/NoDomainVitalSignsObservationSleepStatusValueSet",
    "resource" : {
      "resourceType" : "ValueSet",
      "id" : "NoDomainVitalSignsObservationSleepStatusValueSet",
      "meta" : {
        "lastUpdated" : "2021-03-17T00:00:00+00:00",
        "profile" : ["http://hl7.org/fhir/StructureDefinition/shareablevalueset"]
      },
      "text" : {
        "status" : "generated",
        "div" : "<div xmlns=\"http://www.w3.org/1999/xhtml\"><p>This value set contains 2 concepts</p><p style=\"border: black 1px dotted; background-color: #EEEEEE; padding: 8px; margin-bottom: 8px\">Expansion based on SNOMED CT International edition 31-Jul 2022</p><table class=\"codes\"><tr><td style=\"white-space:nowrap\"><b>Code</b></td><td><b>System</b></td><td><b>Display</b></td></tr><tr><td style=\"white-space:nowrap\"><a name=\"http---snomed.info-sct-248218005\"> </a>  <a href=\"http://snomed.info/id/248218005\">248218005</a></td><td>http://snomed.info/sct</td><td>Våken</td></tr><tr><td style=\"white-space:nowrap\"><a name=\"http---snomed.info-sct-248220008\"> </a>  <a href=\"http://snomed.info/id/248220008\">248220008</a></td><td>http://snomed.info/sct</td><td>Sovende</td></tr></table></div>"
      },
      "extension" : [{
        "url" : "http://hl7.org/fhir/StructureDefinition/structuredefinition-wg",
        "valueCode" : "oo"
      },
      {
        "url" : "http://hl7.org/fhir/StructureDefinition/structuredefinition-standards-status",
        "valueCode" : "draft"
      },
      {
        "url" : "http://hl7.org/fhir/StructureDefinition/structuredefinition-fmm",
        "valueInteger" : 1
      }],
      "url" : "http://hl7.no/fhir/ValueSet/NoDomainVitalSignsObservationSleepStatusValueSet",
      "version" : "0.0.1-alpha",
      "name" : "NoDomainVitalSignsObservationSleepStatusValueSet",
      "title" : "NoDomainVitalSignsObservationSleepStatusValueSet",
      "status" : "draft",
      "experimental" : false,
      "date" : "2021-03-17T00:00:00+00:00",
      "publisher" : "FHIR Project team",
      "description" : "Codes representing Sleep Status",
      "jurisdiction" : [{
        "coding" : [{
          "system" : "urn:iso:std:iso:3166",
          "code" : "NO",
          "display" : "Norway"
        }]
      }],
      "expansion" : {
        "identifier" : "urn:uuid:ba5534f6-ce93-419d-9177-51df94f2615b",
        "timestamp" : "2022-09-26T10:52:34+00:00",
        "total" : 2,
        "parameter" : [{
          "name" : "excludeNested",
          "valueBoolean" : false
        },
        {
          "name" : "limitedExpansion",
          "valueBoolean" : true
        },
        {
          "name" : "version",
          "valueUri" : "http://snomed.info/sct|http://snomed.info/sct/900000000000207008/version/20220731"
        }],
        "contains" : [{
          "system" : "http://snomed.info/sct",
          "code" : "248218005",
          "display" : "Våken"
        },
        {
          "system" : "http://snomed.info/sct",
          "code" : "248220008",
          "display" : "Sovende"
        }]
      }
    }
  },
  {
    "fullUrl" : "http://hl7.no/fhir/ValueSet/NoDomainVitalSignsObservationSpontaneousBreathingVS",
    "resource" : {
      "resourceType" : "ValueSet",
      "id" : "NoDomainVitalSignsObservationSpontaneousBreathingVS",
      "meta" : {
        "lastUpdated" : "2021-03-17T00:00:00+00:00",
        "profile" : ["http://hl7.org/fhir/StructureDefinition/shareablevalueset"]
      },
      "text" : {
        "status" : "generated",
        "div" : "<div xmlns=\"http://www.w3.org/1999/xhtml\"><p>This value set contains 1 concepts</p><p style=\"border: black 1px dotted; background-color: #EEEEEE; padding: 8px; margin-bottom: 8px\">Expansion based on SNOMED CT International edition 31-Jul 2022</p><table class=\"codes\"><tr><td style=\"white-space:nowrap\"><b>Code</b></td><td><b>System</b></td><td><b>Display</b></td></tr><tr><td style=\"white-space:nowrap\"><a name=\"http---snomed.info-sct-241700002\"> </a>  <a href=\"http://snomed.info/id/241700002\">241700002</a></td><td>http://snomed.info/sct</td><td>Tilstede</td></tr></table></div>"
      },
      "extension" : [{
        "url" : "http://hl7.org/fhir/StructureDefinition/structuredefinition-wg",
        "valueCode" : "oo"
      },
      {
        "url" : "http://hl7.org/fhir/StructureDefinition/structuredefinition-standards-status",
        "valueCode" : "draft"
      },
      {
        "url" : "http://hl7.org/fhir/StructureDefinition/structuredefinition-fmm",
        "valueInteger" : 1
      }],
      "url" : "http://hl7.no/fhir/ValueSet/NoDomainVitalSignsObservationSpontaneousBreathingVS",
      "version" : "0.0.1-alpha",
      "name" : "NoDomainVitalSignsObservationSpontaneousBreathingVS",
      "title" : "NoDomainVitalSignsObservationSpontaneousBreathingVS",
      "status" : "draft",
      "experimental" : false,
      "date" : "2021-03-17T00:00:00+00:00",
      "publisher" : "FHIR Project team",
      "description" : "Codes representing Respiration Spontaneous breathing",
      "jurisdiction" : [{
        "coding" : [{
          "system" : "urn:iso:std:iso:3166",
          "code" : "NO",
          "display" : "Norway"
        }]
      }],
      "expansion" : {
        "identifier" : "urn:uuid:e716a2dd-e9a7-42b3-9e4a-214f9f9eaf02",
        "timestamp" : "2022-09-26T10:52:34+00:00",
        "total" : 1,
        "parameter" : [{
          "name" : "excludeNested",
          "valueBoolean" : false
        },
        {
          "name" : "limitedExpansion",
          "valueBoolean" : true
        },
        {
          "name" : "version",
          "valueUri" : "http://snomed.info/sct|http://snomed.info/sct/900000000000207008/version/20220731"
        }],
        "contains" : [{
          "system" : "http://snomed.info/sct",
          "code" : "241700002",
          "display" : "Tilstede"
        }]
      }
    }
  }]
}