{
  "resourceType": "ValueSet",
  "id": "NoDomainVitalSignsObservationRespirationRateDepth",
  "meta": {
    "lastUpdated": "2021-03-17T00:00:00+00:00",
    "profile": [
      "http://hl7.org/fhir/StructureDefinition/shareablevalueset"
    ]
  },
  "text": {
    "status": "generated",
    "div": "<div xmlns=\"http://www.w3.org/1999/xhtml\"><ul><li>Include these codes as defined in <a href=\"http://www.snomed.org/\"><code>http://snomed.info/sct</code></a><table class=\"none\"><tr><td style=\"white-space:nowrap\"><b>Code</b></td><td><b>Display</b></td></tr><tr><td><a href=\"http://snomed.info/id/301284009\">301284009</a></td><td>Normal</td></tr><tr><td><a href=\"http://snomed.info/id/386616007\">386616007</a></td><td>Overfladisk</td></tr><tr><td><a href=\"http://snomed.info/id/289123006\">289123006</a></td><td>Dyp</td></tr><tr><td><a href=\"http://snomed.info/id/248587009\">248587009</a></td><td>Varierende</td></tr></table></li></ul></div>"
  },
  "extension": [
    {
      "url": "http://hl7.org/fhir/StructureDefinition/structuredefinition-wg",
      "valueCode": "fhir"
    },
    {
      "url": "http://hl7.org/fhir/StructureDefinition/structuredefinition-standards-status",
      "valueCode": "draft"
    },
    {
      "url": "http://hl7.org/fhir/StructureDefinition/structuredefinition-fmm",
      "valueInteger": 1
    }
  ],
  "url": "http://hl7.no/fhir/ValueSet/NoDomainVitalSignsObservationRespirationRateDepth",
  "version": "0.0.1-alpha",
  "name": "NoDomainVitalSignsObservationRespirationRateDepth",
  "title": "NoDomainVitalSignsObservationRespirationRateDepth",
  "status": "draft",
  "experimental": false,
  "date": "2021-03-17T00:00:00+00:00",
  "publisher": "FHIR Project team",
  "description": "Codes representing depth for respiration rate",
  "jurisdiction": [
    {
      "coding": [
        {
          "system": "urn:iso:std:iso:3166",
          "code": "NO",
          "display": "Norway"
        }
      ]
    }
  ],
  "compose": {
    "include": [
      {
        "system": "http://snomed.info/sct",
        "concept": [
          {
            "code": "301284009",
            "display": "Normal"
          },
          {
            "code": "386616007",
            "display": "Overfladisk"
          },
          {
            "code": "289123006",
            "display": "Dyp"
          },
          {
            "code": "248587009",
            "display": "Varierende"
          }
        ]
      }
    ]
  }
}