{
  "resourceType": "ValueSet",
  "id": "NoDomainVitalSignsObservationPrePostduktalVS",
  "meta": {
    "lastUpdated": "2021-03-17T00:00:00+00:00",
    "profile": [
      "http://hl7.org/fhir/StructureDefinition/shareablevalueset"
    ]
  },
  "text": {
    "status": "generated",
    "div": "<div xmlns=\"http://www.w3.org/1999/xhtml\"><ul><li>Include these codes as defined in <a href=\"http://www.snomed.org/\"><code>http://snomed.info/sct</code></a><table class=\"none\"><tr><td style=\"white-space:nowrap\"><b>Code</b></td><td><b>Display</b></td></tr><tr><td><a href=\"http://snomed.info/id/1541\">1541</a></td><td>Preduktal</td></tr><tr><td><a href=\"http://snomed.info/id/1542\">1542</a></td><td>Postduktalt</td></tr><tr><td><a href=\"http://snomed.info/id/1543\">1543</a></td><td>Ubestemmelig</td></tr></table></li></ul></div>"
  },
  "extension": [
    {
      "url": "http://hl7.org/fhir/StructureDefinition/structuredefinition-wg",
      "valueCode": "oo"
    },
    {
      "url": "http://hl7.org/fhir/StructureDefinition/structuredefinition-standards-status",
      "valueCode": "draft"
    },
    {
      "url": "http://hl7.org/fhir/StructureDefinition/structuredefinition-fmm",
      "valueInteger": 1
    }
  ],
  "url": "http://hl7.no/fhir/ValueSet/NoDomainVitalSignsObservationPrePostduktalVS",
  "version": "0.1.0",
  "name": "NoDomainVitalSignsObservationPrePostduktalVS",
  "status": "draft",
  "experimental": false,
  "date": "2021-03-17T00:00:00+00:00",
  "contact": [
    {
      "telecom": [
        {
          "system": "url",
          "value": "http://hl7.org/fhir"
        }
      ]
    }
  ],
  "description": "Codes representing pre/post ductal",
  "jurisdiction": [
    {
      "coding": [
        {
          "system": "urn:iso:std:iso:3166",
          "code": "NO",
          "display": "Norway"
        }
      ]
    }
  ],
  "compose": {
    "include": [
      {
        "system": "http://snomed.info/sct",
        "concept": [
          {
            "code": "1541",
            "display": "Preduktal"
          },
          {
            "code": "1542",
            "display": "Postduktalt"
          },
          {
            "code": "1543",
            "display": "Ubestemmelig"
          }
        ]
      }
    ]
  }
}