<?xml version="1.0" encoding="UTF-8"?>

<ValueSet xmlns="http://hl7.org/fhir">
  <id value="NoDomainVitalSignsObservationClothingState"/>
  <meta>
    <lastUpdated value="2021-03-17T00:00:00+00:00"/>
    <profile value="http://hl7.org/fhir/StructureDefinition/shareablevalueset"/>
  </meta>
  <text>
    <status value="generated"/><div xmlns="http://www.w3.org/1999/xhtml"><ul><li>Include these codes as defined in <a href="http://www.snomed.org/"><code>http://snomed.info/sct</code></a><table class="none"><tr><td style="white-space:nowrap"><b>Code</b></td><td><b>Display</b></td></tr><tr><td><a href="http://snomed.info/id/8121000202106">8121000202106</a></td><td>Bleie</td></tr><tr><td><a href="http://snomed.info/id/8081000202108">8081000202108</a></td><td>Fullt påkledd inklusive sko</td></tr><tr><td><a href="http://snomed.info/id/8091000202105">8091000202105</a></td><td>Fullt påkledd, uten sko</td></tr><tr><td><a href="http://snomed.info/id/8111000202103">8111000202103</a></td><td>Lette klær / undertøy</td></tr><tr><td><a href="http://snomed.info/id/8101000202100">8101000202100</a></td><td>Naken</td></tr></table></li></ul></div>
  </text>
  <extension url="http://hl7.org/fhir/StructureDefinition/structuredefinition-wg">
    <valueCode value="oo"/>
  </extension>
  <extension url="http://hl7.org/fhir/StructureDefinition/structuredefinition-standards-status">
    <valueCode value="draft"/>
  </extension>
  <extension url="http://hl7.org/fhir/StructureDefinition/structuredefinition-fmm">
    <valueInteger value="1"/>
  </extension>
  <url value="http://hl7.no/fhir/ValueSet/NoDomainVitalSignsObservationClothingState"/>
  <version value="0.7.3"/>
  <name value="NoDomainVitalSignsObservationClothingState"/>
  <title value="NoDomainVitalSignsObservationClothingState"/>
  <status value="draft"/>
  <experimental value="false"/>
  <date value="2021-03-17T00:00:00+00:00"/>
  <publisher value="FHIR Project team"/>
  <description value="Codes representing level of clothing"/>
  <jurisdiction>
    <coding>
      <system value="urn:iso:std:iso:3166"/>
      <code value="NO"/>
      <display value="Norway"/>
    </coding>
  </jurisdiction>
  <compose>
    <include>
      <system value="http://snomed.info/sct"/>
      <concept>
        <code value="8121000202106"/>
        <display value="Bleie"/>
      </concept>
      <concept>
        <code value="8081000202108"/>
        <display value="Fullt påkledd inklusive sko"/>
      </concept>
      <concept>
        <code value="8091000202105"/>
        <display value="Fullt påkledd, uten sko"/>
      </concept>
      <concept>
        <code value="8111000202103"/>
        <display value="Lette klær / undertøy"/>
      </concept>
      <concept>
        <code value="8101000202100"/>
        <display value="Naken"/>
      </concept>
    </include>
  </compose>
</ValueSet>