{
  "resourceType" : "ValueSet",
  "id" : "NoDomainVitalSignsObservationBloodpressureBodyPosition",
  "meta" : {
    "lastUpdated" : "2021-03-17T00:00:00+00:00",
    "profile" : ["http://hl7.org/fhir/StructureDefinition/shareablevalueset"]
  },
  "text" : {
    "status" : "generated",
    "div" : "<div xmlns=\"http://www.w3.org/1999/xhtml\">Placeholder</div>"
  },
  "extension" : [{
    "url" : "http://hl7.org/fhir/StructureDefinition/structuredefinition-wg",
    "valueCode" : "oo"
  },
  {
    "url" : "http://hl7.org/fhir/StructureDefinition/structuredefinition-standards-status",
    "valueCode" : "draft"
  },
  {
    "url" : "http://hl7.org/fhir/StructureDefinition/structuredefinition-fmm",
    "valueInteger" : 1
  }],
  "url" : "http://hl7.no/fhir/ValueSet/NoDomainVitalSignsObservationBloodpressureBodyPosition",
  "version" : "0.5.0",
  "name" : "NoDomainVitalSignsObservationBloodpressureBodyPosition",
  "title" : "NoDomainVitalSignsObservationBloodpressureBodyPosition",
  "status" : "draft",
  "experimental" : false,
  "date" : "2021-03-17T00:00:00+00:00",
  "publisher" : "FHIR Project team",
  "contact" : [{
    "telecom" : [{
      "system" : "url",
      "value" : "http://hl7.org/fhir"
    }]
  }],
  "description" : "Codes representing body position for blood pressure",
  "jurisdiction" : [{
    "coding" : [{
      "system" : "urn:iso:std:iso:3166",
      "code" : "NO",
      "display" : "Norway"
    }]
  }],
  "compose" : {
    "include" : [{
      "system" : "http://snomed.info/sct",
      "concept" : [{
        "code" : "10904000",
        "display" : "Stående"
      },
      {
        "code" : "4801000202104",
        "display" : "Liggende"
      },
      {
        "code" : "33586001",
        "display" : "Sittende"
      },
      {
        "code" : "272580008",
        "display" : "Tilbakelent"
      },
      {
        "code" : "414585002",
        "display" : "Liggende lent mot venstre"
      }]
    }]
  }
}