{
  "codeSystems" : [
    {
      "url" : "http://hl7.no/fhir/ValueSet/NoDomainVitalSignObservationBloodPressureMeasurementMethod",
      "version" : "0.7.1",
      "status" : "draft",
      "name" : "NoDomainVitalSignObservationBloodPressureMeasurementMethod",
      "title" : "NoDomainVitalSignObservationBloodPressureMeasurementMethod",
      "description" : "Codes representing measurement method for blood pressurerate",
      "systems" : ["http://snomed.info/sct"],
      "uses" : {
      },
      "StructureDefinition-NoDomainVitalSignsObservationBloodpressure.html" : "NO Domain VitalSigns Observation - Blood pressure"
    },
    {
      "url" : "http://hl7.no/fhir/ValueSet/NoDomainVitalSignsObservationBloodpressureBodyPosition",
      "version" : "0.7.1",
      "status" : "draft",
      "name" : "NoDomainVitalSignsObservationBloodpressureBodyPosition",
      "title" : "NoDomainVitalSignsObservationBloodpressureBodyPosition",
      "description" : "Codes representing body position for blood pressure",
      "systems" : ["http://snomed.info/sct"],
      "uses" : {
      },
      "StructureDefinition-NoDomainVitalSignsObservationBloodpressureBodyPosition.html" : "NoDomainVitalSignsObservationBloodpressureBodyPosition"
    },
    {
      "url" : "http://hl7.no/fhir/ValueSet/NoDomainVitalSignsObservationBloodpressureBodySite",
      "version" : "0.7.1",
      "status" : "draft",
      "name" : "NoDomainVitalSignsObservationBloodpressureBodySite",
      "title" : "NoDomainVitalSignsObservationBloodpressureBodySite",
      "description" : "Include codes representing body site for blood pressure as used in HL7 Norway no-domain profiles, codes included from SNOMED CT valueset",
      "systems" : ["http://snomed.info/sct"],
      "uses" : {
      },
      "StructureDefinition-NoDomainVitalSignsObservationBloodpressure.html" : "NO Domain VitalSigns Observation - Blood pressure"
    },
    {
      "url" : "http://hl7.no/fhir/ValueSet/NoDomainVitalSignsObservationBodyExposure",
      "version" : "0.7.1",
      "status" : "draft",
      "name" : "NoDomainVitalSignsObservationBodyExposure",
      "title" : "NoDomainVitalSignsObservationBodyExposure",
      "description" : "Codes representing body exposure",
      "systems" : ["http://snomed.info/sct"],
      "uses" : {
      },
      "StructureDefinition-NoDomainVitalSignsObservationBodyExposure.html" : "NoDomainVitalSignsObservationBodyExposure"
    },
    {
      "url" : "http://hl7.no/fhir/ValueSet/NoDomainVitalSignsObservationBodyHeightBodyPosition",
      "version" : "0.7.1",
      "status" : "draft",
      "name" : "NoDomainVitalSignsObservationBodyHeightBodyPosition",
      "title" : "NoDomainVitalSignsObservationBodyHeightBodyPosition",
      "description" : "Codes representing body position for body height",
      "systems" : ["http://snomed.info/sct"],
      "uses" : {
      },
      "StructureDefinition-NoDomainVitalSignsObservationBodyHeightBodyPosition.html" : "NoDomainVitalSignsObservationBodyHeightBodyPosition"
    },
    {
      "url" : "http://hl7.no/fhir/ValueSet/NoDomainVitalSignsObservationBodyTempBodySite",
      "version" : "0.7.1",
      "status" : "draft",
      "name" : "NoDomainVitalSignsObservationBodyTempBodySite",
      "title" : "NoDomainVitalSignsObservationBodyTempBodySite",
      "description" : "Codes representing body site for body temperature",
      "systems" : ["http://snomed.info/sct"],
      "uses" : {
      },
      "StructureDefinition-NoDomainVitalSignsObservationBodyTemp.html" : "NO Domain VitalSigns Observation - Body Temperature"
    },
    {
      "url" : "http://hl7.no/fhir/ValueSet/NoDomainVitalSignsObservationClothingState",
      "version" : "0.7.1",
      "status" : "draft",
      "name" : "NoDomainVitalSignsObservationClothingState",
      "title" : "NoDomainVitalSignsObservationClothingState",
      "description" : "Codes representing level of clothing",
      "systems" : ["http://snomed.info/sct"],
      "uses" : {
      },
      "StructureDefinition-NoDomainVitalSignsObservationClothingState.html" : "NoDomainVitalSignsObservationClothingState"
    },
    {
      "url" : "http://hl7.no/fhir/ValueSet/NoDomainVitalSignsObservationCuffsize",
      "version" : "0.7.1",
      "status" : "draft",
      "name" : "NoDomainVitalSignsObservationCuffsize",
      "title" : "NoDomainVitalSignsObservationCuffsize",
      "description" : "Codes representing cuff size",
      "systems" : ["http://snomed.info/sct"],
      "uses" : {
      },
      "StructureDefinition-NoDomainVitalSignsObservationCuffSize.html" : "NoDomainVitalSignsObservationCuffSize"
    },
    {
      "url" : "http://hl7.no/fhir/ValueSet/NoDomainVitalSignsObservationDiastolicendPoint",
      "version" : "0.7.1",
      "status" : "draft",
      "name" : "NoDomainVitalSignsObservationDiastolicendPoint",
      "title" : "NoDomainVitalSignsObservationDiastolicendPoint",
      "description" : "Codes representing Diastolic end point",
      "systems" : ["http://snomed.info/sct"],
      "uses" : {
      },
      "StructureDefinition-NoDomainVitalSignsObservationDiastolicEndPoint.html" : "NoDomainVitalSignsObservationDiastolicEndPoint"
    },
    {
      "url" : "http://hl7.no/fhir/ValueSet/NoDomainVitalSignsObservationHeartRateBodySite",
      "version" : "0.7.1",
      "status" : "draft",
      "name" : "NoDomainVitalSignsObservationHeartRateBodySite",
      "title" : "NoDomainVitalSignsObservationHeartRateBodySite",
      "description" : "Codes representing body site for heart rate",
      "systems" : ["http://snomed.info/sct"],
      "uses" : {
      },
      "StructureDefinition-NoDomainVitalSignsObservationHeartRate.html" : "NO Domain VitalSigns Observation - Heart Rate"
    },
    {
      "url" : "http://hl7.no/fhir/ValueSet/NoDomainVitalSignsObservationHeartRateMeasurementMethod",
      "version" : "0.7.1",
      "status" : "draft",
      "name" : "NoDomainVitalSignsObservationHeartRateMeasurementMethod",
      "title" : "NoDomainVitalSignsObservationHeartRateMeasurementMethod",
      "description" : "Codes representing measurement method for HeartRate",
      "systems" : ["http://snomed.info/sct"],
      "uses" : {
      },
      "StructureDefinition-NoDomainVitalSignsObservationHeartRate.html" : "NO Domain VitalSigns Observation - Heart Rate"
    },
    {
      "url" : "http://hl7.no/fhir/ValueSet/NoDomainVitalSignsObservationHeartRatePulseBodyPosition",
      "version" : "0.7.1",
      "status" : "draft",
      "name" : "NoDomainVitalSignsObservationHeartRatePulseBodyPosition",
      "title" : "NoDomainVitalSignsObservationHeartRatePulseBodyPosition",
      "description" : "Codes representing body position for heart rate or Pulse",
      "systems" : ["http://snomed.info/sct"],
      "uses" : {
      },
      "StructureDefinition-NoDomainVitalSignsObservationHeartRatePulseBodyPosition.html" : "NoDomainVitalSignsObservationHeartRatePulseBodyPosition"
    },
    {
      "url" : "http://hl7.no/fhir/ValueSet/NoDomainVitalSignsObservationHeartRhythm",
      "version" : "0.7.1",
      "status" : "draft",
      "name" : "NoDomainVitalSignsObservationHeartRhythm",
      "title" : "NoDomainVitalSignsObservationHeartRhythm",
      "description" : "Codes representing heart rhythm for heart rate",
      "systems" : ["http://snomed.info/sct"],
      "uses" : {
      },
      "StructureDefinition-NoDomainVitalSignsObservationHeartRhythm.html" : "NoDomainVitalSignsObservationHeartRhythm"
    },
    {
      "url" : "http://hl7.no/fhir/ValueSet/NoDomainVitalSignsObservationHeartRhythmIrregularity",
      "version" : "0.7.1",
      "status" : "draft",
      "name" : "NoDomainVitalSignsObservationHeartRhythmIrregularity",
      "title" : "NoDomainVitalSignsObservationHeartRhythmIrregularity",
      "description" : "Codes representing heart rhythm irregularity for heart rate",
      "systems" : ["http://snomed.info/sct"],
      "uses" : {
      },
      "StructureDefinition-NoDomainVitalSignsObservationHeartRhythmIrregularity.html" : "NoDomainVitalSignsObservationHeartRhythmIrregularity"
    },
    {
      "url" : "http://hl7.no/fhir/ValueSet/NoDomainVitalSignsObservationPulseBodySite",
      "version" : "0.7.1",
      "status" : "draft",
      "name" : "NoDomainVitalSignsObservationPulseBodySite",
      "title" : "NoDomainVitalSignsObservationPulseBodySite",
      "description" : "Codes representing body site for pulse",
      "systems" : ["http://snomed.info/sct"],
      "uses" : {
      },
      "StructureDefinition-NoDomainVitalSignsObservationPulse.html" : "NO Domain VitalSigns Observation - Pulse"
    },
    {
      "url" : "http://hl7.no/fhir/ValueSet/NoDomainVitalSignsObservationPulseRhythm",
      "version" : "0.7.1",
      "status" : "draft",
      "name" : "NoDomainVitalSignsObservationPulseRhythm",
      "title" : "NoDomainVitalSignsObservationPulseRhythm",
      "description" : "Codes representing  rhythm of Pulse",
      "systems" : ["http://snomed.info/sct"],
      "uses" : {
      },
      "StructureDefinition-NoDomainVitalSignsObservationPulseRhythm.html" : "NoDomainVitalSignsObservationPulseRhythm"
    },
    {
      "url" : "http://hl7.no/fhir/ValueSet/NoDomainVitalSignsObservationPulseRhythmIrregularity",
      "version" : "0.7.1",
      "status" : "draft",
      "name" : "NoDomainVitalSignsObservationPulseRhythmIrregularity",
      "title" : "NoDomainVitalSignsObservationPulseRhythmIrregularity",
      "description" : "Codes representing heart rhythm irregularity for Pulse",
      "systems" : ["http://snomed.info/sct"],
      "uses" : {
      },
      "StructureDefinition-NoDomainVitalSignsObservationPulseRhythmIrregularity.html" : "NoDomainVitalSignsObservationPulseRhythmIrregularity"
    },
    {
      "url" : "http://hl7.no/fhir/ValueSet/NoDomainVitalSignsObservationRespirationRateBodyPosition",
      "version" : "0.7.1",
      "status" : "draft",
      "name" : "NoDomainVitalSignsObservationRespirationRateBodyPosition",
      "title" : "NoDomainVitalSignsObservationRespirationRateBodyPosition",
      "description" : "Codes representing body position for respiration rate",
      "systems" : ["http://snomed.info/sct"],
      "uses" : {
      },
      "StructureDefinition-NoDomainVitalSignsObservationRespirationRateBodyPosition.html" : "NoDomainVitalSignsObservationRespirationRateBodyPosition"
    },
    {
      "url" : "http://hl7.no/fhir/ValueSet/NoDomainVitalSignsObservationRespirationRateDepth",
      "version" : "0.7.1",
      "status" : "draft",
      "name" : "NoDomainVitalSignsObservationRespirationRateDepth",
      "title" : "NoDomainVitalSignsObservationRespirationRateDepth",
      "description" : "Codes representing depth for respiration rate",
      "systems" : ["http://snomed.info/sct"],
      "uses" : {
      },
      "StructureDefinition-NoDomainVitalSignsObservationRespirationDepth.html" : "NoDomainVitalSignsObservationRespirationDepth"
    },
    {
      "url" : "http://hl7.no/fhir/ValueSet/NoDomainVitalSignsObservationRespirationRegularity",
      "version" : "0.7.1",
      "status" : "draft",
      "name" : "NoDomainVitalSignsObservationRespirationRegularity",
      "title" : "NoDomainVitalSignsObservationRespirationRegularity",
      "description" : "Codes representing Respiration Regularity",
      "systems" : ["http://snomed.info/sct"],
      "uses" : {
      },
      "StructureDefinition-NoDomainVitalSignsObservationRespirationRegularity.html" : "NoDomainVitalSignsObservationRespirationRegularity"
    },
    {
      "url" : "http://hl7.no/fhir/ValueSet/NoDomainVitalSignsObservationSleepStatusValueSet",
      "version" : "0.7.1",
      "status" : "draft",
      "name" : "NoDomainVitalSignsObservationSleepStatusValueSet",
      "title" : "NoDomainVitalSignsObservationSleepStatusValueSet",
      "description" : "Codes representing Sleep Status",
      "systems" : ["http://snomed.info/sct"],
      "uses" : {
      },
      "StructureDefinition-NoDomainVitalSignsObservationSleepStatus.html" : "NoDomainVitalSignsObservationSleepStatus"
    },
    {
      "url" : "http://hl7.no/fhir/ValueSet/NoDomainVitalSignsObservationSpontaneousBreathingVS",
      "version" : "0.7.1",
      "status" : "draft",
      "name" : "NoDomainVitalSignsObservationSpontaneousBreathingVS",
      "title" : "NoDomainVitalSignsObservationSpontaneousBreathingVS",
      "description" : "Codes representing Respiration Spontaneous breathing",
      "systems" : ["http://snomed.info/sct"],
      "uses" : {
      },
      "StructureDefinition-NoDomainVitalSignsObservationSpontaneousBreathing.html" : "NoDomainVitalSignsObservationSpontaneousBreathing"
    },
    {
      "url" : "http://hl7.no/fhir/ValueSet/NoDomainVitalSignsPulseMeasurmentMethod",
      "version" : "0.7.1",
      "status" : "draft",
      "name" : "NoDomainVitalSignsPulseMeasurmentMethod",
      "title" : "NoDomainVitalSignsPulseMeasurmentMethod",
      "description" : "Codes representing measurement method for pulse",
      "systems" : ["http://snomed.info/sct"],
      "uses" : {
      },
      "StructureDefinition-NoDomainVitalSignsObservationPulse.html" : "NO Domain VitalSigns Observation - Pulse"
    },
    {
      "url" : "http://hl7.org/fhir/ValueSet/body-site",
      "version" : "4.0.1",
      "status" : "draft",
      "name" : "SNOMEDCTBodyStructures",
      "title" : "SNOMED CT Body Structures",
      "description" : "This value set includes all codes from [SNOMED CT](http://snomed.info/sct) where concept is-a 442083009 (Anatomical or acquired body site (body structure)).",
      "systems" : ["http://snomed.info/sct"],
      "oids" : ["2.16.840.1.113883.4.642.3.141"],
      "sources" : ["2.16.840.1.113883.4.642.3.141"],
      "uses" : {
      },
      "StructureDefinition-NoDomainVitalSignsObservationBodyHeight.html" : "NO Domain VitalSigns Observation - Body Height",
      "StructureDefinition-NoDomainVitalSignsObservationRespirationRate.html" : "NO Domain VitalSigns Observation - Respiration Rate",
      "StructureDefinition-NoDomainVitalSignsObservationBodyWeight.html" : "NO Domain VitalSigns Observation - Body Weight",
      "StructureDefinition-NoDomainVitalSignsObservationOxygenSaturation.html" : "NO Domain VitalSigns Observation - Oxygen Saturation"
    },
    {
      "url" : "http://hl7.org/fhir/ValueSet/common-tags",
      "version" : "4.0.1",
      "status" : "draft",
      "name" : "CommonTags",
      "title" : "Common Tags",
      "description" : "Common Tag Codes defined by FHIR project",
      "systems" : ["http://terminology.hl7.org/CodeSystem/common-tags"],
      "oids" : ["2.16.840.1.113883.4.642.3.79"],
      "sources" : ["2.16.840.1.113883.4.642.3.79"],
      "uses" : {
      },
      "StructureDefinition-NoDomainVitalSignsObservationRespirationRate.html" : "NO Domain VitalSigns Observation - Respiration Rate"
    },
    {
      "url" : "http://hl7.org/fhir/ValueSet/data-absent-reason",
      "version" : "4.0.1",
      "status" : "active",
      "name" : "DataAbsentReason",
      "title" : "DataAbsentReason",
      "description" : "Used to specify why the normally expected content of the data element is missing.",
      "systems" : ["http://terminology.hl7.org/CodeSystem/data-absent-reason"],
      "oids" : ["2.16.840.1.113883.4.642.3.5"],
      "sources" : ["2.16.840.1.113883.4.642.3.5"],
      "uses" : {
      },
      "StructureDefinition-NoDomainVitalSignsObservationBodyHeight.html" : "NO Domain VitalSigns Observation - Body Height",
      "StructureDefinition-NoDomainVitalSignsObservationRespirationRate.html" : "NO Domain VitalSigns Observation - Respiration Rate",
      "StructureDefinition-NoDomainVitalSignsObservationBodyWeight.html" : "NO Domain VitalSigns Observation - Body Weight",
      "StructureDefinition-NoDomainVitalSignsObservationHeartRate.html" : "NO Domain VitalSigns Observation - Heart Rate",
      "StructureDefinition-NoDomainVitalSignsObservationPulse.html" : "NO Domain VitalSigns Observation - Pulse",
      "StructureDefinition-NoDomainVitalSignsObservationBodyTemp.html" : "NO Domain VitalSigns Observation - Body Temperature",
      "StructureDefinition-NoDomainVitalSignsObservationBloodpressure.html" : "NO Domain VitalSigns Observation - Blood pressure",
      "StructureDefinition-NoDomainVitalSignsObservationOxygenSaturation.html" : "NO Domain VitalSigns Observation - Oxygen Saturation"
    },
    {
      "url" : "http://hl7.org/fhir/ValueSet/languages",
      "version" : "4.0.1",
      "status" : "draft",
      "name" : "CommonLanguages",
      "title" : "Common Languages",
      "description" : "This value set includes common codes from BCP-47 (http://tools.ietf.org/html/bcp47)",
      "systems" : ["urn:ietf:bcp:47"],
      "oids" : ["2.16.840.1.113883.4.642.3.20"],
      "sources" : ["2.16.840.1.113883.4.642.3.20"],
      "uses" : {
      },
      "StructureDefinition-NoDomainVitalSignsObservationBodyHeight.html" : "NO Domain VitalSigns Observation - Body Height",
      "StructureDefinition-NoDomainVitalSignsObservationRespirationRate.html" : "NO Domain VitalSigns Observation - Respiration Rate",
      "StructureDefinition-NoDomainVitalSignsObservationBodyWeight.html" : "NO Domain VitalSigns Observation - Body Weight",
      "StructureDefinition-NoDomainVitalSignsObservationHeartRate.html" : "NO Domain VitalSigns Observation - Heart Rate",
      "StructureDefinition-NoDomainVitalSignsObservationPulse.html" : "NO Domain VitalSigns Observation - Pulse",
      "StructureDefinition-NoDomainVitalSignsObservationBodyTemp.html" : "NO Domain VitalSigns Observation - Body Temperature",
      "StructureDefinition-NoDomainVitalSignsObservationBloodpressure.html" : "NO Domain VitalSigns Observation - Blood pressure",
      "StructureDefinition-NoDomainVitalSignsObservationOxygenSaturation.html" : "NO Domain VitalSigns Observation - Oxygen Saturation"
    },
    {
      "url" : "http://hl7.org/fhir/ValueSet/observation-category",
      "version" : "4.0.1",
      "status" : "draft",
      "name" : "ObservationCategoryCodes",
      "title" : "Observation Category Codes",
      "description" : "Observation Category codes.",
      "systems" : ["http://terminology.hl7.org/CodeSystem/observation-category"],
      "oids" : ["2.16.840.1.113883.4.642.3.403"],
      "sources" : ["2.16.840.1.113883.4.642.3.403"],
      "uses" : {
      },
      "StructureDefinition-NoDomainVitalSignsObservationBodyHeight.html" : "NO Domain VitalSigns Observation - Body Height",
      "StructureDefinition-NoDomainVitalSignsObservationRespirationRate.html" : "NO Domain VitalSigns Observation - Respiration Rate",
      "StructureDefinition-NoDomainVitalSignsObservationBodyWeight.html" : "NO Domain VitalSigns Observation - Body Weight",
      "StructureDefinition-NoDomainVitalSignsObservationHeartRate.html" : "NO Domain VitalSigns Observation - Heart Rate",
      "StructureDefinition-NoDomainVitalSignsObservationPulse.html" : "NO Domain VitalSigns Observation - Pulse",
      "StructureDefinition-NoDomainVitalSignsObservationBodyTemp.html" : "NO Domain VitalSigns Observation - Body Temperature",
      "StructureDefinition-NoDomainVitalSignsObservationBloodpressure.html" : "NO Domain VitalSigns Observation - Blood pressure",
      "StructureDefinition-NoDomainVitalSignsObservationOxygenSaturation.html" : "NO Domain VitalSigns Observation - Oxygen Saturation"
    },
    {
      "url" : "http://hl7.org/fhir/ValueSet/observation-interpretation",
      "version" : "4.0.1",
      "status" : "active",
      "name" : "ObservationInterpretationCodes",
      "title" : "Observation Interpretation Codes",
      "description" : "A categorical assessment, providing a rough qualitative interpretation of the observation value,    such as “normal”/ “abnormal”,”low” / “high”, “better” / “worse”, “susceptible” / “resistant”, “expected”/ “not expected”.    The value set is intended to be for ANY use where coded representation of an interpretation is needed.   \r\n   \r\n   Notes:\r\n   \r\n   This is being communicated in v2.x in OBX-8 (Observation Interpretation), in v3 in ObservationInterpretation (CWE) in R1 (Representative Realm) and in FHIR in    Observation.interpretation. Historically these values come from the laboratory domain, and these codes are extensively    used. The value set binding is extensible, so codes outside the value set that are needed for interpretation concepts    (i.e. particular meanings) that are not included in the value set can be used, and these new codes may also be added to    the value set and published in a future version.",
      "systems" : [
        "http://terminology.hl7.org/CodeSystem/v3-ObservationInterpretation"
      ],
      "oids" : ["2.16.840.1.113883.4.642.3.399"],
      "sources" : ["2.16.840.1.113883.4.642.3.399"],
      "uses" : {
      },
      "StructureDefinition-NoDomainVitalSignsObservationBodyHeight.html" : "NO Domain VitalSigns Observation - Body Height",
      "StructureDefinition-NoDomainVitalSignsObservationRespirationRate.html" : "NO Domain VitalSigns Observation - Respiration Rate",
      "StructureDefinition-NoDomainVitalSignsObservationBodyWeight.html" : "NO Domain VitalSigns Observation - Body Weight",
      "StructureDefinition-NoDomainVitalSignsObservationHeartRate.html" : "NO Domain VitalSigns Observation - Heart Rate",
      "StructureDefinition-NoDomainVitalSignsObservationPulse.html" : "NO Domain VitalSigns Observation - Pulse",
      "StructureDefinition-NoDomainVitalSignsObservationBodyTemp.html" : "NO Domain VitalSigns Observation - Body Temperature",
      "StructureDefinition-NoDomainVitalSignsObservationBloodpressure.html" : "NO Domain VitalSigns Observation - Blood pressure",
      "StructureDefinition-NoDomainVitalSignsObservationOxygenSaturation.html" : "NO Domain VitalSigns Observation - Oxygen Saturation"
    },
    {
      "url" : "http://hl7.org/fhir/ValueSet/observation-methods",
      "version" : "4.0.1",
      "status" : "draft",
      "name" : "ObservationMethods",
      "title" : "Observation Methods",
      "description" : "Observation Method codes from [SNOMED CT](http://snomed.info/sct) where concept is-a 272394005 (Technique (qualifier value)) or is-a 129264002 (Action (qualifier value)) or is-a 386053000 (Evaluation procedure(procedure))",
      "systems" : ["http://snomed.info/sct"],
      "oids" : ["2.16.840.1.113883.4.642.3.395"],
      "sources" : ["2.16.840.1.113883.4.642.3.395"],
      "uses" : {
      },
      "StructureDefinition-NoDomainVitalSignsObservationBodyHeight.html" : "NO Domain VitalSigns Observation - Body Height",
      "StructureDefinition-NoDomainVitalSignsObservationRespirationRate.html" : "NO Domain VitalSigns Observation - Respiration Rate",
      "StructureDefinition-NoDomainVitalSignsObservationBodyWeight.html" : "NO Domain VitalSigns Observation - Body Weight",
      "StructureDefinition-NoDomainVitalSignsObservationBodyTemp.html" : "NO Domain VitalSigns Observation - Body Temperature",
      "StructureDefinition-NoDomainVitalSignsObservationOxygenSaturation.html" : "NO Domain VitalSigns Observation - Oxygen Saturation"
    },
    {
      "url" : "http://hl7.org/fhir/ValueSet/observation-status",
      "version" : "4.0.1",
      "status" : "active",
      "name" : "ObservationStatus",
      "title" : "ObservationStatus",
      "description" : "Codes providing the status of an observation.",
      "systems" : ["http://hl7.org/fhir/observation-status"],
      "oids" : ["2.16.840.1.113883.4.642.3.400"],
      "sources" : ["2.16.840.1.113883.4.642.3.400"],
      "uses" : {
      },
      "StructureDefinition-NoDomainVitalSignsObservationBodyHeight.html" : "NO Domain VitalSigns Observation - Body Height",
      "StructureDefinition-NoDomainVitalSignsObservationRespirationRate.html" : "NO Domain VitalSigns Observation - Respiration Rate",
      "StructureDefinition-NoDomainVitalSignsObservationBodyWeight.html" : "NO Domain VitalSigns Observation - Body Weight",
      "StructureDefinition-NoDomainVitalSignsObservationHeartRate.html" : "NO Domain VitalSigns Observation - Heart Rate",
      "StructureDefinition-NoDomainVitalSignsObservationPulse.html" : "NO Domain VitalSigns Observation - Pulse",
      "StructureDefinition-NoDomainVitalSignsObservationBodyTemp.html" : "NO Domain VitalSigns Observation - Body Temperature",
      "StructureDefinition-NoDomainVitalSignsObservationBloodpressure.html" : "NO Domain VitalSigns Observation - Blood pressure",
      "StructureDefinition-NoDomainVitalSignsObservationOxygenSaturation.html" : "NO Domain VitalSigns Observation - Oxygen Saturation"
    },
    {
      "url" : "http://hl7.org/fhir/ValueSet/observation-vitalsignresult",
      "version" : "4.0.1",
      "status" : "active",
      "name" : "VitalSigns",
      "title" : "Vital Signs",
      "description" : "This value set indicates the allowed vital sign result types.   The LOINC code for Vitals Signs panel (85353-1) is a grouping structure for a set of vital signs and includes related links (with type=has-member) to the Observations in this set (e.g. respiratory rate, heart rate, BP).  The Blood pressure panel (85354-9) is used to group the component observations Systolic blood pressure (8480-6) and Diastolic blood pressure (8462-4).",
      "systems" : ["http://loinc.org"],
      "oids" : ["2.16.840.1.113883.3.88.12.80.62"],
      "sources" : ["2.16.840.1.113883.3.88.12.80.62"],
      "uses" : {
      },
      "StructureDefinition-NoDomainVitalSignsObservationBodyHeight.html" : "NO Domain VitalSigns Observation - Body Height",
      "StructureDefinition-NoDomainVitalSignsObservationRespirationRate.html" : "NO Domain VitalSigns Observation - Respiration Rate",
      "StructureDefinition-NoDomainVitalSignsObservationBodyWeight.html" : "NO Domain VitalSigns Observation - Body Weight",
      "StructureDefinition-NoDomainVitalSignsObservationHeartRate.html" : "NO Domain VitalSigns Observation - Heart Rate",
      "StructureDefinition-NoDomainVitalSignsObservationPulse.html" : "NO Domain VitalSigns Observation - Pulse",
      "StructureDefinition-NoDomainVitalSignsObservationBodyTemp.html" : "NO Domain VitalSigns Observation - Body Temperature",
      "StructureDefinition-NoDomainVitalSignsObservationBloodpressure.html" : "NO Domain VitalSigns Observation - Blood pressure",
      "StructureDefinition-NoDomainVitalSignsObservationOxygenSaturation.html" : "NO Domain VitalSigns Observation - Oxygen Saturation"
    },
    {
      "url" : "http://hl7.org/fhir/ValueSet/quantity-comparator",
      "version" : "4.0.1",
      "status" : "active",
      "name" : "QuantityComparator",
      "title" : "QuantityComparator",
      "description" : "How the Quantity should be understood and represented.",
      "systems" : ["http://hl7.org/fhir/quantity-comparator"],
      "oids" : ["2.16.840.1.113883.4.642.3.59"],
      "sources" : ["2.16.840.1.113883.4.642.3.59"],
      "uses" : {
      },
      "StructureDefinition-NoDomainVitalSignsObservationHeadTilt.html" : "NoDomainVitalSignsObservationHeadTilt",
      "StructureDefinition-NoDomainVitalSignsObservationBodyHeight.html" : "NO Domain VitalSigns Observation - Body Height",
      "StructureDefinition-NoDomainVitalSignsObservationRespirationRate.html" : "NO Domain VitalSigns Observation - Respiration Rate",
      "StructureDefinition-NoDomainVitalSignsObservationBodyWeight.html" : "NO Domain VitalSigns Observation - Body Weight",
      "StructureDefinition-NoDomainVitalSignsObservationHeartRate.html" : "NO Domain VitalSigns Observation - Heart Rate",
      "StructureDefinition-NoDomainVitalSignsObservationPulse.html" : "NO Domain VitalSigns Observation - Pulse",
      "StructureDefinition-NoDomainVitalSignsObservationBodyTemp.html" : "NO Domain VitalSigns Observation - Body Temperature",
      "StructureDefinition-NoDomainVitalSignsObservationBloodpressure.html" : "NO Domain VitalSigns Observation - Blood pressure",
      "StructureDefinition-NoDomainVitalSignsObservationOxygenSaturation.html" : "NO Domain VitalSigns Observation - Oxygen Saturation"
    },
    {
      "url" : "http://hl7.org/fhir/ValueSet/referencerange-appliesto",
      "version" : "4.0.1",
      "status" : "draft",
      "name" : "ObservationReferenceRangeAppliesToCodes",
      "title" : "Observation Reference Range Applies To Codes",
      "description" : "This value set defines a set of codes that can be used to indicate the particular target population the reference range applies to.",
      "systems" : [
        "http://terminology.hl7.org/CodeSystem/v3-Race",
        "http://snomed.info/sct"
      ],
      "oids" : ["2.16.840.1.113883.4.642.3.407"],
      "sources" : ["2.16.840.1.113883.4.642.3.407"],
      "uses" : {
      },
      "StructureDefinition-NoDomainVitalSignsObservationBodyHeight.html" : "NO Domain VitalSigns Observation - Body Height",
      "StructureDefinition-NoDomainVitalSignsObservationRespirationRate.html" : "NO Domain VitalSigns Observation - Respiration Rate",
      "StructureDefinition-NoDomainVitalSignsObservationBodyWeight.html" : "NO Domain VitalSigns Observation - Body Weight",
      "StructureDefinition-NoDomainVitalSignsObservationHeartRate.html" : "NO Domain VitalSigns Observation - Heart Rate",
      "StructureDefinition-NoDomainVitalSignsObservationPulse.html" : "NO Domain VitalSigns Observation - Pulse",
      "StructureDefinition-NoDomainVitalSignsObservationBodyTemp.html" : "NO Domain VitalSigns Observation - Body Temperature",
      "StructureDefinition-NoDomainVitalSignsObservationBloodpressure.html" : "NO Domain VitalSigns Observation - Blood pressure",
      "StructureDefinition-NoDomainVitalSignsObservationOxygenSaturation.html" : "NO Domain VitalSigns Observation - Oxygen Saturation"
    },
    {
      "url" : "http://hl7.org/fhir/ValueSet/referencerange-meaning",
      "version" : "4.0.1",
      "status" : "draft",
      "name" : "ObservationReferenceRangeMeaningCodes",
      "title" : "Observation Reference Range Meaning Codes",
      "description" : "This value set defines a set of codes that can be used to indicate the meaning/use of a reference range for a particular target population.",
      "systems" : [
        "http://terminology.hl7.org/CodeSystem/referencerange-meaning"
      ],
      "oids" : ["2.16.840.1.113883.4.642.3.397"],
      "sources" : ["2.16.840.1.113883.4.642.3.397"],
      "uses" : {
      },
      "StructureDefinition-NoDomainVitalSignsObservationBodyHeight.html" : "NO Domain VitalSigns Observation - Body Height",
      "StructureDefinition-NoDomainVitalSignsObservationRespirationRate.html" : "NO Domain VitalSigns Observation - Respiration Rate",
      "StructureDefinition-NoDomainVitalSignsObservationBodyWeight.html" : "NO Domain VitalSigns Observation - Body Weight",
      "StructureDefinition-NoDomainVitalSignsObservationHeartRate.html" : "NO Domain VitalSigns Observation - Heart Rate",
      "StructureDefinition-NoDomainVitalSignsObservationPulse.html" : "NO Domain VitalSigns Observation - Pulse",
      "StructureDefinition-NoDomainVitalSignsObservationBodyTemp.html" : "NO Domain VitalSigns Observation - Body Temperature",
      "StructureDefinition-NoDomainVitalSignsObservationBloodpressure.html" : "NO Domain VitalSigns Observation - Blood pressure",
      "StructureDefinition-NoDomainVitalSignsObservationOxygenSaturation.html" : "NO Domain VitalSigns Observation - Oxygen Saturation"
    },
    {
      "url" : "http://hl7.org/fhir/ValueSet/security-labels",
      "version" : "4.0.1",
      "status" : "active",
      "name" : "All Security Labels",
      "title" : "SecurityLabels",
      "description" : "A single value set for all security labels defined by FHIR.",
      "systems" : [
        "http://terminology.hl7.org/CodeSystem/v3-ActReason",
        "http://terminology.hl7.org/CodeSystem/v3-ActUSPrivacyLaw",
        "http://terminology.hl7.org/CodeSystem/v3-ObservationValue",
        "http://terminology.hl7.org/CodeSystem/v3-ActCode",
        "http://terminology.hl7.org/CodeSystem/v3-Confidentiality"
      ],
      "oids" : ["2.16.840.1.113883.4.642.3.47"],
      "sources" : ["2.16.840.1.113883.4.642.3.47"],
      "uses" : {
      },
      "StructureDefinition-NoDomainVitalSignsObservationRespirationRate.html" : "NO Domain VitalSigns Observation - Respiration Rate"
    },
    {
      "url" : "http://hl7.org/fhir/ValueSet/ucum-bodylength",
      "version" : "4.0.1",
      "status" : "draft",
      "name" : "BodyLengthUnits",
      "title" : "Body Length Units",
      "description" : "UCUM units for recording body length measures such as height and head circumference",
      "systems" : ["http://unitsofmeasure.org"],
      "oids" : ["2.16.840.1.113883.4.642.3.958"],
      "sources" : ["2.16.840.1.113883.4.642.3.958"],
      "uses" : {
      },
      "StructureDefinition-NoDomainVitalSignsObservationBodyHeight.html" : "NO Domain VitalSigns Observation - Body Height"
    },
    {
      "url" : "http://hl7.org/fhir/ValueSet/ucum-bodytemp",
      "version" : "4.0.1",
      "status" : "draft",
      "name" : "BodyTemperatureUnits",
      "title" : "Body Temperature Units",
      "description" : "UCUM units for recording Body Temperature",
      "systems" : ["http://unitsofmeasure.org"],
      "oids" : ["2.16.840.1.113883.4.642.3.957"],
      "sources" : ["2.16.840.1.113883.4.642.3.957"],
      "uses" : {
      },
      "StructureDefinition-NoDomainVitalSignsObservationBodyTemp.html" : "NO Domain VitalSigns Observation - Body Temperature"
    },
    {
      "url" : "http://hl7.org/fhir/ValueSet/ucum-bodyweight",
      "version" : "4.0.1",
      "status" : "draft",
      "name" : "BodyWeightUnits",
      "title" : "Body Weight Units",
      "description" : "UCUM units for recording Body Weight",
      "systems" : ["http://unitsofmeasure.org"],
      "oids" : ["2.16.840.1.113883.4.642.3.956"],
      "sources" : ["2.16.840.1.113883.4.642.3.956"],
      "uses" : {
      },
      "StructureDefinition-NoDomainVitalSignsObservationBodyWeight.html" : "NO Domain VitalSigns Observation - Body Weight"
    },
    {
      "url" : "http://hl7.org/fhir/ValueSet/ucum-vitals-common",
      "version" : "4.0.1",
      "status" : "draft",
      "name" : "VitalSignsUnits",
      "title" : "Vital Signs Units",
      "description" : "Common UCUM units for recording Vital Signs",
      "systems" : ["http://unitsofmeasure.org"],
      "oids" : ["2.16.840.1.113883.4.642.3.955"],
      "sources" : ["2.16.840.1.113883.4.642.3.955"],
      "uses" : {
      },
      "StructureDefinition-NoDomainVitalSignsObservationBodyHeight.html" : "NO Domain VitalSigns Observation - Body Height",
      "StructureDefinition-NoDomainVitalSignsObservationRespirationRate.html" : "NO Domain VitalSigns Observation - Respiration Rate",
      "StructureDefinition-NoDomainVitalSignsObservationBodyWeight.html" : "NO Domain VitalSigns Observation - Body Weight",
      "StructureDefinition-NoDomainVitalSignsObservationHeartRate.html" : "NO Domain VitalSigns Observation - Heart Rate",
      "StructureDefinition-NoDomainVitalSignsObservationPulse.html" : "NO Domain VitalSigns Observation - Pulse",
      "StructureDefinition-NoDomainVitalSignsObservationBodyTemp.html" : "NO Domain VitalSigns Observation - Body Temperature",
      "StructureDefinition-NoDomainVitalSignsObservationBloodpressure.html" : "NO Domain VitalSigns Observation - Blood pressure",
      "StructureDefinition-NoDomainVitalSignsObservationOxygenSaturation.html" : "NO Domain VitalSigns Observation - Oxygen Saturation"
    }
  ]
}
