<?xml version="1.0" encoding="UTF-8"?>

<Observation xmlns="http://hl7.org/fhir">
  <id value="no-body-weight-create"/>
  <meta>
    <versionId value="0"/>
    <lastUpdated value="2014-01-30T22:35:23+11:00"/>
    <source value="META_VISION"/>
    <profile value="http://hl7.no/fhir/StructureDefinition/NoDomainVitalSignsObservationBodyWeight"/>
  </meta>
  <text>
    <status value="extensions"/><div xmlns="http://www.w3.org/1999/xhtml"><p><b>Generated Narrative: Observation</b><a name="no-body-weight-create"> </a></p><div style="display: inline-block; background-color: #d9e0e7; padding: 6px; margin: 4px; border: 1px solid #8da1b4; border-radius: 5px; line-height: 60%"><p style="margin-bottom: 0px">Resource Observation &quot;no-body-weight-create&quot; Version &quot;0&quot; Updated &quot;2014-01-30 22:35:23+1100&quot; </p><p style="margin-bottom: 0px">Information Source: META_VISION!</p><p style="margin-bottom: 0px">Profile: <a href="StructureDefinition-NoDomainVitalSignsObservationBodyWeight.html">NO Domain VitalSigns Observation - Body Weight</a></p></div><p><b>NoDomainVitalSignsObservationClothingState</b>: Naken (Details: SNOMED CT code 8101000202100 = '8101000202100', stated as 'Naken')</p><p><b>NoDomainVitalSignsObservationConfoundingFactor</b>: sample confounding factor</p><p><b>status</b>: final</p><p><b>category</b>: Vital Signs <span style="background: LightGoldenRodYellow; margin: 4px; border: 1px solid khaki"> (<a href="http://terminology.hl7.org/5.3.0/CodeSystem-observation-category.html">Observation Category Codes</a>#vital-signs)</span></p><p><b>code</b>: Body weight <span style="background: LightGoldenRodYellow; margin: 4px; border: 1px solid khaki"> (<a href="https://loinc.org/">LOINC</a>#29463-7; <a href="https://browser.ihtsdotools.org/">SNOMED CT</a>#27113001)</span></p><p><b>subject</b>: <span>id: 1000807</span></p><p><b>effective</b>: 2021-05-10</p><p><b>performer</b>: </p><ul><li><span>id: 889911</span></li><li><a href="Organization-afa23.html">Organization/afa23</a></li></ul><p><b>value</b>: 49000 g<span style="background: LightGoldenRodYellow"> (Details: UCUM code g = 'g')</span></p><p><b>note</b>: Demo Body Weight</p></div>
  </text>
  <extension url="http://hl7.no/fhir/StructureDefinition/NoDomainVitalSignsObservationClothingState">
    <valueCoding>
      <system value="http://snomed.info/sct"/>
      <code value="8101000202100"/>
      <display value="Naken"/>
    </valueCoding>
  </extension>
  <extension url="http://hl7.no/fhir/StructureDefinition/NoDomainVitalSignsObservationConfoundingFactor">
    <valueString value="sample confounding factor"/>
  </extension>
  <status value="final"/>
  <category>
    <coding>
      <system value="http://terminology.hl7.org/CodeSystem/observation-category"/>
      <code value="vital-signs"/>
      <display value="Vital Signs"/>
    </coding>
  </category>
  <code>
    <coding>
      <system value="http://loinc.org"/>
      <code value="29463-7"/>
      <display value="Body weight"/>
    </coding>
    <coding>
      <system value="http://snomed.info/sct"/>
      <code value="27113001"/>
    </coding>
  </code>
  <subject>
    <identifier>
      <system value="urn:oid:2.16.578.1.12.4.1.4.1"/>
      <value value="1000807"/>
    </identifier>
  </subject>
  <effectiveDateTime value="2021-05-10"/>
  <performer>
    <identifier>
      <system value="urn:oid:2.16.578.1.12.4.1.2"/>
      <value value="889911"/>
    </identifier>
  </performer>
  <performer>
    <reference value="Organization/afa23"/>
    <identifier>
      <system value="urn:oid:1.3.6.1.4.1.9038.70.3"/>
      <value value="23"/>
    </identifier>
  </performer>
  <valueQuantity>
    <value value="49000"/>
    <unit value="g"/>
    <system value="http://unitsofmeasure.org"/>
    <code value="g"/>
  </valueQuantity>
  <note>
    <text value="Demo Body Weight"/>
  </note>
</Observation>