<?xml version="1.0" encoding="UTF-8"?>

<Observation xmlns="http://hl7.org/fhir">
  <id value="no-pulse-rate"/>
  <meta>
    <versionId value="0"/>
    <lastUpdated value="2014-01-30T22:35:23+11:00"/>
    <source value="HL7_Norway"/>
    <profile value="http://hl7.no/fhir/no-domain/vitalsigns/StructureDefinition/no-domain-VitalSigns-Observation-pulse"/>
  </meta>
  <text>
    <status value="extensions"/><div xmlns="http://www.w3.org/1999/xhtml"><p class="res-header-id"><b>Generated Narrative: Observation no-pulse-rate</b></p><a name="no-pulse-rate"> </a><a name="hcno-pulse-rate"> </a><div style="display: inline-block; background-color: #d9e0e7; padding: 6px; margin: 4px; border: 1px solid #8da1b4; border-radius: 5px; line-height: 60%"><p style="margin-bottom: 0px">version: 0; Last updated: 2014-01-30 22:35:23+1100; </p><p style="margin-bottom: 0px">Information Source: <a href="https://simplifier.net/resolve?scope=hl7.fhir.no.basis@2.2.0&amp;canonical=http://fhir.org/packages/hl7.fhir.no.basis/HL7_Norway">HL7_Norway</a></p><p style="margin-bottom: 0px">Profile: <a href="StructureDefinition-no-domain-VitalSigns-Observation-pulse.html">no-domain-VitalSigns-Observation-pulse Profile</a></p></div><p><b>NoDomainVitalSignsPulseRhythm-Extension</b>: <a href="http://snomed.info/id/271636001">SNOMED CT 271636001</a>: Regelmessig</p><p><b>NoDomainVitalSignsConfoundingFactor-Extension</b>: <span title="Codes:">sample confounding factor</span></p><p><b>NoDomainVitalSignsPulseRhythmIrregularity-Extension</b>: <a href="http://snomed.info/id/271638000">SNOMED CT 271638000</a>: Regelmessig uregelmessig</p><p><b>NoDomainVitalSignsClinicalDescription-Extension</b>: </p><blockquote><div><p>Clinical description sample</p>
</div></blockquote><p><b>NoDomainVitalSignsHeartRatePulseBodyPosition-Extension</b>: <a href="http://snomed.info/id/33586001">SNOMED CT 33586001</a>: Sittende</p><p><b>status</b>: Final</p><p><b>category</b>: <span title="Codes:{http://terminology.hl7.org/CodeSystem/observation-category vital-signs}">Vital Signs</span></p><p><b>code</b>: <span title="Codes:{http://loinc.org 8867-4}">Heart rate</span></p><p><b>subject</b>: <a href="Patient-cdp1000240.html">Anonymous Patient (no stated gender), DoB Unknown ( urn:oid:2.16.578.1.12.4.1.4.1#1000240)</a></p><p><b>effective</b>: 2021-05-10</p><p><b>performer</b>: </p><ul><li>Identifier: <code>urn:oid:2.16.578.1.12.4.1.2</code>/889911</li><li><a href="Organization-afa23.html">Organization: identifier = urn:oid:1.3.6.1.4.1.9038.70.3#23</a></li></ul><p><b>value</b>: 61 /min<span style="background: LightGoldenRodYellow"> (Details: UCUM  code/min = '/min')</span></p><p><b>note</b>: </p><blockquote><div><p>Demo Pulse Rate</p>
</div></blockquote><p><b>bodySite</b>: <span title="Codes:{http://snomed.info/sct 29707007}">Tå</span></p></div>
  </text>
  <extension url="http://hl7.no/fhir/no-domain/vitalsigns/StructureDefinition/NoDomainVitalSignsPulseRhythmExtension">
    <valueCoding>
      <system value="http://snomed.info/sct"/>
      <code value="271636001"/>
      <display value="Regelmessig"/>
    </valueCoding>
  </extension>
  <extension url="http://hl7.no/fhir/no-domain/vitalsigns/StructureDefinition/NoDomainVitalSignsConfoundingFactorExtension">
    <valueCodeableConcept>
      <text value="sample confounding factor"/>
    </valueCodeableConcept>
  </extension>
  <extension url="http://hl7.no/fhir/no-domain/vitalsigns/StructureDefinition/NoDomainVitalSignsPulseRhythmIrregularityExtension">
    <valueCoding>
      <system value="http://snomed.info/sct"/>
      <code value="271638000"/>
      <display value="Regelmessig uregelmessig"/>
    </valueCoding>
  </extension>
  <extension url="http://hl7.no/fhir/no-domain/vitalsigns/StructureDefinition/NoDomainVitalSignsClinicalDescriptionExtension">
    <valueAnnotation>
      <text value="Clinical description sample"/>
    </valueAnnotation>
  </extension>
  <extension url="http://hl7.no/fhir/no-domain/vitalsigns/StructureDefinition/NoDomainVitalSignsHeartRatePulseBodyPositionExtension">
    <valueCoding>
      <system value="http://snomed.info/sct"/>
      <code value="33586001"/>
      <display value="Sittende"/>
    </valueCoding>
  </extension>
  <status value="final"/>
  <category>
    <coding>
      <system value="http://terminology.hl7.org/CodeSystem/observation-category"/>
      <code value="vital-signs"/>
    </coding>
  </category>
  <code>
    <coding>
      <system value="http://loinc.org"/>
      <code value="8867-4"/>
      <display value="Heart rate"/>
    </coding>
  </code>
  <subject>
    <reference value="Patient/cdp1000240"/>
    <identifier>
      <system value="urn:oid:2.16.578.1.12.4.1.4.1"/>
      <value value="1000240"/>
    </identifier>
  </subject>
  <effectiveDateTime value="2021-05-10"/>
  <performer>
    <identifier>
      <system value="urn:oid:2.16.578.1.12.4.1.2"/>
      <value value="889911"/>
    </identifier>
  </performer>
  <performer>
    <reference value="Organization/afa23"/>
    <identifier>
      <system value="urn:oid:1.3.6.1.4.1.9038.70.3"/>
      <value value="23"/>
    </identifier>
  </performer>
  <valueQuantity>
    <value value="61"/>
    <unit value="/min"/>
    <system value="http://unitsofmeasure.org"/>
    <code value="/min"/>
  </valueQuantity>
  <note>
    <text value="Demo Pulse Rate"/>
  </note>
  <bodySite>
    <coding>
      <system value="http://snomed.info/sct"/>
      <code value="29707007"/>
      <display value="Tå"/>
    </coding>
  </bodySite>
</Observation>