<?xml version="1.0" encoding="UTF-8"?>

<Observation xmlns="http://hl7.org/fhir">
  <id value="no-respiratory-rate-create"/>
  <meta>
    <versionId value="0"/>
    <lastUpdated value="2014-01-30T22:35:23+11:00"/>
    <source value="HL7_Norway"/>
    <profile value="http://hl7.no/fhir/no-domain/vitalsigns/StructureDefinition/no-domain-VitalSigns-Observation-respirationrate"/>
  </meta>
  <text>
    <status value="extensions"/><div xmlns="http://www.w3.org/1999/xhtml"><p class="res-header-id"><b>Generated Narrative: Observation no-respiratory-rate-create</b></p><a name="no-respiratory-rate-create"> </a><a name="hcno-respiratory-rate-create"> </a><a name="no-respiratory-rate-create-no-NO"> </a><div style="display: inline-block; background-color: #d9e0e7; padding: 6px; margin: 4px; border: 1px solid #8da1b4; border-radius: 5px; line-height: 60%"><p style="margin-bottom: 0px">version: 0; Last updated: 2014-01-30 22:35:23+1100; </p><p style="margin-bottom: 0px">Information Source: <a href="https://simplifier.net/resolve?scope=hl7.fhir.no.basis@2.2.0&amp;canonical=http://fhir.org/packages/hl7.fhir.no.basis/HL7_Norway">HL7_Norway</a></p><p style="margin-bottom: 0px">Profile: <a href="StructureDefinition-no-domain-VitalSigns-Observation-respirationrate.html">no-domain-VitalSigns-Observation-respirationrate Profile</a></p></div><p><b>no/fhir/StructureDefinition/NoDomainVitalSignsRespirationRateBodyPositionExtension</b>: <a href="http://snomed.info/id/10904000">SNOMED CT 10904000</a>: oppreist stilling</p><p><b>no/fhir/StructureDefinition/NoDomainVitalSignsRespirationRegularityExtension</b>: <a href="http://snomed.info/id/276888009">SNOMED CT 276888009</a>: Regelmessig</p><p><b>no/fhir/StructureDefinition/NoDomainVitalSignsRespirationDepthExtension</b>: <a href="http://snomed.info/id/301284009">SNOMED CT 301284009</a>: Normal</p><p><b>no/fhir/StructureDefinition/NoDomainVitalSignsClinicalDescriptionExtension</b>: Description of Respiration</p><p><b>no/fhir/StructureDefinition/NoDomainVitalSignsSpontaneousBreathingExtension</b>: <a href="http://snomed.info/id/241700002">SNOMED CT 241700002</a>: Tilstede</p><blockquote><p><b>no/fhir/StructureDefinition/NoDomainVitalSignsInspiredOxygenExtension</b></p><ul><li>http://hl7.no/fhir/StructureDefinition/NoDomainVitalSignsFlowExtension: 6100 ml/min</li><li>http://hl7.no/fhir/StructureDefinition/NoDomainVitalSignsFiO2Extension: 21/100</li><li>http://hl7.no/fhir/StructureDefinition/NoDomainVitalSignsPercentO2Extension: 21/100</li><li>http://hl7.no/fhir/StructureDefinition/NoDomainVitalSignsOnAirExtension: true</li><li>http://hl7.no/fhir/StructureDefinition/NoDomainVitalSignsMethodofOxygenDeliveryExtension: Maske</li></ul></blockquote><p><b>no/fhir/StructureDefinition/NoDomainVitalSignsConfoundingFactorExtension</b>: <span title="Codes:">sample confounding factor</span></p><p><b>status</b>: Final</p><p><b>category</b>: <span title="Codes:{http://terminology.hl7.org/CodeSystem/observation-category vital-signs}">Vital Signs</span></p><p><b>code</b>: <span title="Codes:{http://loinc.org 9279-1}, {http://snomed.info/sct 271625008}">Respiratory rate</span></p><p><b>subject</b>: <a href="Patient-cdp1000240.html">Anonymous Patient (no stated gender), DoB Unknown ( urn:oid:2.16.578.1.12.4.1.4.1#1000240)</a></p><p><b>effective</b>: 2021-05-10</p><p><b>performer</b>: </p><ul><li><a href="PractitionerRole-agb30.html">PractitionerRole: identifier = urn:oid:1.3.6.1.4.1.9038.51.1#30</a></li><li><a href="Organization-afa23.html">Organization: identifier = urn:oid:1.3.6.1.4.1.9038.70.3#23</a></li></ul><p><b>value</b>: 14 /min<span style="background: LightGoldenRodYellow"> (Details: UCUM  code/min = '/min')</span></p><p><b>interpretation</b>: <span title="Codes:">Clinical interpretation of Respiration</span></p><p><b>note</b>: Demo Respiration</p></div>
  </text>
  <extension url="http://hl7.no/fhir/StructureDefinition/NoDomainVitalSignsRespirationRateBodyPositionExtension">
    <valueCoding>
      <system value="http://snomed.info/sct"/>
      <code value="10904000"/>
      <display value="oppreist stilling"/>
    </valueCoding>
  </extension>
  <extension url="http://hl7.no/fhir/StructureDefinition/NoDomainVitalSignsRespirationRegularityExtension">
    <valueCoding>
      <system value="http://snomed.info/sct"/>
      <code value="276888009"/>
      <display value="Regelmessig"/>
    </valueCoding>
  </extension>
  <extension url="http://hl7.no/fhir/StructureDefinition/NoDomainVitalSignsRespirationDepthExtension">
    <valueCoding>
      <system value="http://snomed.info/sct"/>
      <code value="301284009"/>
      <display value="Normal"/>
    </valueCoding>
  </extension>
  <extension url="http://hl7.no/fhir/StructureDefinition/NoDomainVitalSignsClinicalDescriptionExtension">
    <valueAnnotation>
      <text value="Description of Respiration"/>
    </valueAnnotation>
  </extension>
  <extension url="http://hl7.no/fhir/StructureDefinition/NoDomainVitalSignsSpontaneousBreathingExtension">
    <valueCoding>
      <system value="http://snomed.info/sct"/>
      <code value="241700002"/>
      <display value="Tilstede"/>
    </valueCoding>
  </extension>
  <extension url="http://hl7.no/fhir/StructureDefinition/NoDomainVitalSignsInspiredOxygenExtension">
    <extension url="http://hl7.no/fhir/StructureDefinition/NoDomainVitalSignsFlowExtension">
      <valueQuantity>
        <value value="6100"/>
        <unit value="ml/min"/>
      </valueQuantity>
    </extension>
    <extension url="http://hl7.no/fhir/StructureDefinition/NoDomainVitalSignsFiO2Extension">
      <valueRatio>
        <numerator>
          <value value="21"/>
        </numerator>
        <denominator>
          <value value="100"/>
        </denominator>
      </valueRatio>
    </extension>
    <extension url="http://hl7.no/fhir/StructureDefinition/NoDomainVitalSignsPercentO2Extension">
      <valueRatio>
        <numerator>
          <value value="21"/>
        </numerator>
        <denominator>
          <value value="100"/>
        </denominator>
      </valueRatio>
    </extension>
    <extension url="http://hl7.no/fhir/StructureDefinition/NoDomainVitalSignsOnAirExtension">
      <valueBoolean value="true"/>
    </extension>
    <extension url="http://hl7.no/fhir/StructureDefinition/NoDomainVitalSignsMethodofOxygenDeliveryExtension">
      <valueString value="Maske"/>
    </extension>
  </extension>
  <extension url="http://hl7.no/fhir/StructureDefinition/NoDomainVitalSignsConfoundingFactorExtension">
    <valueCodeableConcept>
      <text value="sample confounding factor"/>
    </valueCodeableConcept>
  </extension>
  <status value="final"/>
  <category>
    <coding>
      <system value="http://terminology.hl7.org/CodeSystem/observation-category"/>
      <code value="vital-signs"/>
    </coding>
  </category>
  <code>
    <coding>
      <system value="http://loinc.org"/>
      <code value="9279-1"/>
      <display value="Respiratory rate"/>
    </coding>
    <coding>
      <system value="http://snomed.info/sct"/>
      <code value="271625008"/>
      <display value="Rate of spontaneous respiration (observable entity)"/>
    </coding>
  </code>
  <subject>
    <reference value="Patient/cdp1000240"/>
    <identifier>
      <system value="urn:oid:2.16.578.1.12.4.1.4.1"/>
      <value value="1000240"/>
    </identifier>
  </subject>
  <effectiveDateTime value="2021-05-10"/>
  <performer>
    <reference value="PractitionerRole/agb30"/>
    <identifier>
      <system value="urn:oid:1.3.6.1.4.1.9038.51.1"/>
      <value value="30"/>
    </identifier>
  </performer>
  <performer>
    <reference value="Organization/afa23"/>
    <identifier>
      <system value="urn:oid:1.3.6.1.4.1.9038.70.3"/>
      <value value="23"/>
    </identifier>
  </performer>
  <valueQuantity>
    <value value="14"/>
    <unit value="/min"/>
    <system value="http://unitsofmeasure.org"/>
    <code value="/min"/>
  </valueQuantity>
  <interpretation>
    <text value="Clinical interpretation of Respiration"/>
  </interpretation>
  <note>
    <text value="Demo Respiration"/>
  </note>
</Observation>