<?xml version="1.0" encoding="UTF-8"?>

<Observation xmlns="http://hl7.org/fhir">
  <id value="no-body-height-create"/>
  <meta>
    <lastUpdated value="2014-01-30T22:35:23+11:00"/>
    <source value="HL7_Norway"/>
    <profile value="http://hl7.no/fhir/StructureDefinition/no-domain-VitalSigns-Observation-bodyheight"/>
  </meta>
  <text>
    <status value="extensions"/><div xmlns="http://www.w3.org/1999/xhtml"><p class="res-header-id"><b>Generated Narrative: Observation no-body-height-create</b></p><a name="no-body-height-create"> </a><a name="hcno-body-height-create"> </a><a name="no-body-height-create-no-NO"> </a><div style="display: inline-block; background-color: #d9e0e7; padding: 6px; margin: 4px; border: 1px solid #8da1b4; border-radius: 5px; line-height: 60%"><p style="margin-bottom: 0px">Last updated: 2014-01-30 22:35:23+1100; </p><p style="margin-bottom: 0px">Information Source: <a href="https://simplifier.net/resolve?scope=hl7.fhir.no.basis@2.2.0&amp;canonical=http://fhir.org/packages/hl7.fhir.no.basis/HL7_Norway">HL7_Norway</a></p><p style="margin-bottom: 0px">Profile: <a href="StructureDefinition-no-domain-VitalSigns-Observation-bodyheight.html">no-domain-VitalSigns-Observation-bodyheight Profile</a></p></div><p><b>NoDomainVitalSignsBodyHeightBodyPosition-Extension</b>: <a href="http://snomed.info/id/10904000">SNOMED CT 10904000</a>: Stående</p><p><b>NoDomainVitalSignsConfoundingFactor-Extension</b>: <span title="Codes:">sample confounding factor</span></p><p><b>status</b>: Final</p><p><b>category</b>: <span title="Codes:{http://terminology.hl7.org/CodeSystem/observation-category vital-signs}">Vital Signs</span></p><p><b>code</b>: <span title="Codes:{http://loinc.org 8302-2}, {http://snomed.info/sct 1153637007}">Body height</span></p><p><b>subject</b>: Identifier: <code>urn:oid:2.16.578.1.12.4.1.4.1</code>/1000807</p><p><b>effective</b>: 2021-05-10</p><p><b>performer</b>: </p><ul><li>Identifier: <code>urn:oid:2.16.578.1.12.4.1.2</code>/889911</li><li><a href="Organization-afa23.html">Organization: identifier = urn:oid:1.3.6.1.4.1.9038.70.3#23</a></li></ul><p><b>value</b>: 156 cm<span style="background: LightGoldenRodYellow"> (Details: UCUM  codecm = 'cm')</span></p><p><b>note</b>: Demo Body Height</p></div>
  </text>
  <extension url="http://hl7.no/fhir/StructureDefinition/NoDomainVitalSignsBodyHeightBodyPositionExtension">
    <valueCoding>
      <system value="http://snomed.info/sct"/>
      <code value="10904000"/>
      <display value="Stående"/>
    </valueCoding>
  </extension>
  <extension url="http://hl7.no/fhir/StructureDefinition/NoDomainVitalSignsConfoundingFactorExtension">
    <valueCodeableConcept>
      <text value="sample confounding factor"/>
    </valueCodeableConcept>
  </extension>
  <status value="final"/>
  <category>
    <coding>
      <system value="http://terminology.hl7.org/CodeSystem/observation-category"/>
      <code value="vital-signs"/>
    </coding>
  </category>
  <code>
    <coding>
      <system value="http://loinc.org"/>
      <code value="8302-2"/>
      <display value="Body height"/>
    </coding>
    <coding>
      <system value="http://snomed.info/sct"/>
      <code value="1153637007"/>
      <display value="Body height"/>
    </coding>
  </code>
  <subject>
    <identifier>
      <system value="urn:oid:2.16.578.1.12.4.1.4.1"/>
      <value value="1000807"/>
    </identifier>
  </subject>
  <effectiveDateTime value="2021-05-10"/>
  <performer>
    <identifier>
      <system value="urn:oid:2.16.578.1.12.4.1.2"/>
      <value value="889911"/>
    </identifier>
  </performer>
  <performer>
    <reference value="Organization/afa23"/>
    <identifier>
      <system value="urn:oid:1.3.6.1.4.1.9038.70.3"/>
      <value value="23"/>
    </identifier>
  </performer>
  <valueQuantity>
    <value value="156"/>
    <unit value="cm"/>
    <system value="http://unitsofmeasure.org"/>
    <code value="cm"/>
  </valueQuantity>
  <note>
    <text value="Demo Body Height"/>
  </note>
</Observation>