<?xml version="1.0" encoding="UTF-8"?>

<Observation xmlns="http://hl7.org/fhir">
  <id value="no-body-temperature-create"/>
  <meta>
    <versionId value="0"/>
    <lastUpdated value="2014-01-30T22:35:23+11:00"/>
    <source value="META_VISION"/>
    <profile value="http://hl7.no/fhir/StructureDefinition/NoDomainVitalSignsObservationBodyTemp"/>
  </meta>
  <text>
    <status value="extensions"/><div xmlns="http://www.w3.org/1999/xhtml"><p><b>Generated Narrative: Observation </b><a name="no-body-temperature-create"> </a><a name="hcno-body-temperature-create"> </a></p><div style="display: inline-block; background-color: #d9e0e7; padding: 6px; margin: 4px; border: 1px solid #8da1b4; border-radius: 5px; line-height: 60%"><p style="margin-bottom: 0px">ResourceObservation &quot;no-body-temperature-create&quot; Version&quot;0&quot; Updated&quot;2014-01-30 22:35:23+1100&quot; </p><p style="margin-bottom: 0px">Information Source: META_VISION!</p><p style="margin-bottom: 0px">Profile: <a href="StructureDefinition-NoDomainVitalSignsObservationBodyTemp.html">NO Domain VitalSigns Observation - Body Temperature</a></p></div><p><b>NoDomainVitalSignsObservationBodyExposure</b>: Naken (Details: SNOMED CT code 5671000202107  = ' 5671000202107 , stated as  Naken ')</p><p><b>NoDomainVitalSignsObservationActiveHeating</b>: active heating sample</p><p><b>NoDomainVitalSignsObservationDaysSinceMenstruationStart</b>: 12</p><p><b>status</b>: final</p><p><b>category</b>: Vital Signs <span style="background: LightGoldenRodYellow; margin: 4px; border: 1px solid khaki"> (<a href="http://terminology.hl7.org/5.5.0/CodeSystem-observation-category.html">Observation Category Codes</a>#vital-signs)</span></p><p><b>code</b>: Body temperature <span style="background: LightGoldenRodYellow; margin: 4px; border: 1px solid khaki"> (<a href="https://loinc.org/">LOINC</a>#8310-5)</span></p><p><b>subject</b>: <span><code>urn:oid:2.16.578.1.12.4.1.4.1</code>/1000239</span></p><p><b>effective</b>: 2021-05-10</p><p><b>performer</b>: </p><ul><li><span><code>urn:oid:2.16.578.1.12.4.1.2</code>/889911</span></li><li><a href="Organization-afa23.html">Organization/afa23</a></li></ul><p><b>value</b>: 37 Cel<span style="background: LightGoldenRodYellow"> (Details: UCUM  codeCel = 'Cel')</span></p><p><b>note</b>: Demo Body Temperature</p><p><b>bodySite</b>: Endetarm <span style="background: LightGoldenRodYellow; margin: 4px; border: 1px solid khaki"> (<a href="https://browser.ihtsdotools.org/">SNOMED CT</a>#34402009)</span></p></div>
  </text>
  <extension url="http://hl7.no/fhir/StructureDefinition/NoDomainVitalSignsObservationBodyExposure">
    <valueCoding>
      <system value="http://snomed.info/sct"/>
      <code value="5671000202107"/>
      <display value="Naken"/>
    </valueCoding>
  </extension>
  <extension url="http://hl7.no/fhir/StructureDefinition/NoDomainVitalSignsObservationActiveHeating">
    <valueString value="active heating sample"/>
  </extension>
  <extension url="http://hl7.no/fhir/StructureDefinition/NoDomainVitalSignsObservationDaysSinceMenstruationStart">
    <valuePositiveInt value="12"/>
  </extension>
  <status value="final"/>
  <category>
    <coding>
      <system value="http://terminology.hl7.org/CodeSystem/observation-category"/>
      <code value="vital-signs"/>
    </coding>
  </category>
  <code>
    <coding>
      <system value="http://loinc.org"/>
      <code value="8310-5"/>
    </coding>
    <text value="Body temperature"/>
  </code>
  <subject>
    <identifier>
      <system value="urn:oid:2.16.578.1.12.4.1.4.1"/>
      <value value="1000239"/>
    </identifier>
  </subject>
  <effectiveDateTime value="2021-05-10"/>
  <performer>
    <identifier>
      <system value="urn:oid:2.16.578.1.12.4.1.2"/>
      <value value="889911"/>
    </identifier>
  </performer>
  <performer>
    <reference value="Organization/afa23"/>
    <identifier>
      <system value="urn:oid:1.3.6.1.4.1.9038.70.3"/>
      <value value="23"/>
    </identifier>
  </performer>
  <valueQuantity>
    <value value="37"/>
    <unit value="Cel"/>
    <system value="http://unitsofmeasure.org"/>
    <code value="Cel"/>
  </valueQuantity>
  <note>
    <text value="Demo Body Temperature"/>
  </note>
  <bodySite>
    <coding>
      <system value="http://snomed.info/sct"/>
      <code value="34402009"/>
      <display value="Endetarm"/>
    </coding>
  </bodySite>
</Observation>