<?xml version="1.0" encoding="UTF-8"?>

<PractitionerRole xmlns="http://hl7.org/fhir">
  <id value="agb104"/>
  <text>
    <status value="generated"/><div xmlns="http://www.w3.org/1999/xhtml"><p><b>Generated Narrative: PractitionerRole</b><a name="agb104"> </a><a name="hcagb104"> </a></p><div style="display: inline-block; background-color: #d9e0e7; padding: 6px; margin: 4px; border: 1px solid #8da1b4; border-radius: 5px; line-height: 60%"><p style="margin-bottom: 0px">Resource PractitionerRole &quot;agb104&quot; </p></div><p><b>identifier</b>: <code>urn:oid:1.3.6.1.4.1.9038.51.1</code>/104</p></div>
  </text>
  <identifier>
    <system value="urn:oid:1.3.6.1.4.1.9038.51.1"/>
    <value value="104"/>
  </identifier>
</PractitionerRole>