<?xml version="1.0" encoding="UTF-8"?>

<ValueSet xmlns="http://hl7.org/fhir">
  <id value="NoDomainVitalSignsObservationBloodpressureBodySite"/>
  <meta>
    <lastUpdated value="2021-03-17T00:00:00+00:00"/>
    <profile value="http://hl7.org/fhir/StructureDefinition/shareablevalueset"/>
  </meta>
  <text>
    <status value="generated"/><div xmlns="http://www.w3.org/1999/xhtml">Placeholder</div>
  </text>
  <extension url="http://hl7.org/fhir/StructureDefinition/structuredefinition-wg">
    <valueCode value="oo"/>
  </extension>
  <extension url="http://hl7.org/fhir/StructureDefinition/structuredefinition-standards-status">
    <valueCode value="draft"/>
  </extension>
  <extension url="http://hl7.org/fhir/StructureDefinition/structuredefinition-fmm">
    <valueInteger value="1"/>
  </extension>
  <url value="http://hl7.no/fhir/ValueSet/NoDomainVitalSignsObservationBloodpressureBodySite"/>
  <version value="0.5.0"/>
  <name value="NoDomainVitalSignsObservationBloodpressureBodySite"/>
  <title value="NoDomainVitalSignsObservationBloodpressureBodySite"/>
  <status value="draft"/>
  <experimental value="false"/>
  <date value="2021-03-17T00:00:00+00:00"/>
  <publisher value="FHIR Project team"/>
  <contact>
    <telecom>
      <system value="url"/>
      <value value="http://hl7.org/fhir"/>
    </telecom>
  </contact>
  <description value="Codes representing body site for blood pressure"/>
  <jurisdiction>
    <coding>
      <system value="urn:iso:std:iso:3166"/>
      <code value="NO"/>
      <display value="Norway"/>
    </coding>
  </jurisdiction>
  <compose>
    <include>
      <system value="http://snomed.info/sct"/>
      <concept>
        <code value="368209003"/>
        <display value="Overarm, høyre"/>
      </concept>
      <concept>
        <code value="368208006"/>
        <display value="Overarm, venstre"/>
      </concept>
      <concept>
        <code value="11207009"/>
        <display value="Lår, høyre"/>
      </concept>
      <concept>
        <code value="61396006"/>
        <display value="Lår, venstre"/>
      </concept>
      <concept>
        <code value="9736006"/>
        <display value="Håndledd, høyre"/>
      </concept>
      <concept>
        <code value="5951000"/>
        <display value="Håndledd, venstre"/>
      </concept>
      <concept>
        <code value="6685009"/>
        <display value="Ankel, høyre"/>
      </concept>
      <concept>
        <code value="51636004"/>
        <display value="Ankel, venstre"/>
      </concept>
      <concept>
        <code value="7569003"/>
        <display value="Finger"/>
      </concept>
      <concept>
        <code value="29707007"/>
        <display value="Tå"/>
      </concept>
      <concept>
        <code value="2402003"/>
        <display value="Fotrygg"/>
      </concept>
      <concept>
        <code value="51114001"/>
        <display value="Intra-arterielt"/>
      </concept>
    </include>
  </compose>
</ValueSet>