<?xml version="1.0" encoding="UTF-8"?>

<ValueSet xmlns="http://hl7.org/fhir">
  <id value="NoDomainVitalSignsObservationHeartRhythmIrregularity"/>
  <meta>
    <lastUpdated value="2025-01-28T00:00:00+00:00"/>
    <profile value="http://hl7.org/fhir/StructureDefinition/shareablevalueset"/>
  </meta>
  <text>
    <status value="generated"/><div xmlns="http://www.w3.org/1999/xhtml"><p class="res-header-id"><b>Generated Narrative: ValueSet NoDomainVitalSignsObservationHeartRhythmIrregularity</b></p><a name="NoDomainVitalSignsObservationHeartRhythmIrregularity"> </a><a name="hcNoDomainVitalSignsObservationHeartRhythmIrregularity"> </a><a name="NoDomainVitalSignsObservationHeartRhythmIrregularity-no-NO"> </a><div style="display: inline-block; background-color: #d9e0e7; padding: 6px; margin: 4px; border: 1px solid #8da1b4; border-radius: 5px; line-height: 60%"><p style="margin-bottom: 0px">Last updated: 2025-01-28 00:00:00+0000</p><p style="margin-bottom: 0px">Profile: <a href="http://hl7.org/fhir/R4/shareablevalueset.html">Shareable ValueSet</a></p></div><ul><li>Include these codes as defined in <a href="http://www.snomed.org/"><code>http://snomed.info/sct</code></a><table class="none"><tr><td style="white-space:nowrap"><b>Code</b></td><td><b>Display</b></td></tr><tr><td><a href="http://snomed.info/id/4251000202104">4251000202104</a></td><td>Regelmessig</td></tr><tr><td><a href="http://snomed.info/id/361137007">361137007</a></td><td>Uregelmessig</td></tr><tr><td><a href="http://snomed.info/id/248652003">248652003</a></td><td>Regelmessig uregelmessig</td></tr><tr><td><a href="http://snomed.info/id/248651005">248651005</a></td><td>Uregelmessig uregelmessig</td></tr></table></li></ul></div>
  </text>
  <extension url="http://hl7.org/fhir/StructureDefinition/structuredefinition-wg">
    <valueCode value="oo"/>
  </extension>
  <extension url="http://hl7.org/fhir/StructureDefinition/structuredefinition-standards-status">
    <valueCode value="draft"/>
  </extension>
  <extension url="http://hl7.org/fhir/StructureDefinition/structuredefinition-fmm">
    <valueInteger value="1"/>
  </extension>
  <url value="http://hl7.no/fhir/ValueSet/NoDomainVitalSignsObservationHeartRhythmIrregularity"/>
  <version value="0.8.1"/>
  <name value="NoDomainVitalSignsObservationHeartRhythmIrregularity"/>
  <title value="NoDomainVitalSignsObservationHeartRhythmIrregularity"/>
  <status value="draft"/>
  <experimental value="false"/>
  <date value="2025-03-21T10:58:46+00:00"/>
  <publisher value="HL7 Norway"/>
  <contact>
    <name value="HL7 Norway"/>
    <telecom>
      <system value="url"/>
      <value value="http://www.hl7.no"/>
    </telecom>
  </contact>
  <description value="Codes representing heart rhythm irregularity for heart rate"/>
  <jurisdiction>
    <coding>
      <system value="urn:iso:std:iso:3166"/>
      <code value="NO"/>
      <display value="Norway"/>
    </coding>
  </jurisdiction>
  <copyright value="This resource includes content from SNOMED Clinical Terms® (SNOMED CT®) which is copyright of the International Health Terminology Standards Development Organisation (IHTSDO). Implementers of these specifications must have the appropriate SNOMED CT Affiliate license - for more information contact http://www.snomed.org/snomed-ct/get-snomed-ct or info@snomed.org"/>
  <compose>
    <include>
      <system value="http://snomed.info/sct"/>
      <concept>
        <code value="4251000202104"/>
        <display value="Regelmessig"/>
      </concept>
      <concept>
        <code value="361137007"/>
        <display value="Uregelmessig"/>
      </concept>
      <concept>
        <code value="248652003"/>
        <display value="Regelmessig uregelmessig"/>
      </concept>
      <concept>
        <code value="248651005"/>
        <display value="Uregelmessig uregelmessig"/>
      </concept>
    </include>
  </compose>
</ValueSet>