<?xml version="1.0" encoding="UTF-8"?>

<ValueSet xmlns="http://hl7.org/fhir">
  <id value="NoDomainVitalSignsObservationCuffsize"/>
  <meta>
    <lastUpdated value="2021-03-17T00:00:00+00:00"/>
    <profile value="http://hl7.org/fhir/StructureDefinition/shareablevalueset"/>
  </meta>
  <text>
    <status value="generated"/><div xmlns="http://www.w3.org/1999/xhtml"><p class="res-header-id"><b>Generated Narrative: ValueSet NoDomainVitalSignsObservationCuffsize</b></p><a name="NoDomainVitalSignsObservationCuffsize"> </a><a name="hcNoDomainVitalSignsObservationCuffsize"> </a><a name="NoDomainVitalSignsObservationCuffsize-no-NO"> </a><div style="display: inline-block; background-color: #d9e0e7; padding: 6px; margin: 4px; border: 1px solid #8da1b4; border-radius: 5px; line-height: 60%"><p style="margin-bottom: 0px">Last updated: 2021-03-17 00:00:00+0000</p><p style="margin-bottom: 0px">Profile: <a href="http://hl7.org/fhir/R4/shareablevalueset.html">Shareable ValueSet</a></p></div><ul><li>Include these codes as defined in <a href="http://www.snomed.org/"><code>http://snomed.info/sct</code></a><table class="none"><tr><td style="white-space:nowrap"><b>Code</b></td><td><b>Display</b></td></tr><tr><td><a href="http://snomed.info/id/720736009">720736009</a></td><td>Barn</td></tr><tr><td><a href="http://snomed.info/id/720740000">720740000</a></td><td>Lår voksne</td></tr><tr><td><a href="http://snomed.info/id/4231000202108">4231000202108</a></td><td>Neonatal</td></tr><tr><td><a href="http://snomed.info/id/397641000202108">397641000202108</a></td><td>Små voksne</td></tr><tr><td><a href="http://snomed.info/id/4281000202107">4281000202107</a></td><td>Spedbarn</td></tr><tr><td><a href="http://snomed.info/id/397631000202102">397631000202102</a></td><td>Store voksne</td></tr><tr><td><a href="http://snomed.info/id/720737000">720737000</a></td><td>Voksne</td></tr></table></li></ul></div>
  </text>
  <extension url="http://hl7.org/fhir/StructureDefinition/structuredefinition-wg">
    <valueCode value="oo"/>
  </extension>
  <extension url="http://hl7.org/fhir/StructureDefinition/structuredefinition-standards-status">
    <valueCode value="draft"/>
  </extension>
  <extension url="http://hl7.org/fhir/StructureDefinition/structuredefinition-fmm">
    <valueInteger value="1"/>
  </extension>
  <url value="http://hl7.no/fhir/ValueSet/NoDomainVitalSignsObservationCuffsize"/>
  <version value="0.7.6"/>
  <name value="NoDomainVitalSignsObservationCuffsize"/>
  <title value="NoDomainVitalSignsObservationCuffsize"/>
  <status value="draft"/>
  <experimental value="false"/>
  <date value="2021-03-17T00:00:00+00:00"/>
  <description value="Codes representing cuff size"/>
  <jurisdiction>
    <coding>
      <system value="urn:iso:std:iso:3166"/>
      <code value="NO"/>
      <display value="Norway"/>
    </coding>
  </jurisdiction>
  <compose>
    <include>
      <system value="http://snomed.info/sct"/>
      <concept>
        <code value="720736009"/>
        <display value="Barn"/>
      </concept>
      <concept>
        <code value="720740000"/>
        <display value="Lår voksne"/>
      </concept>
      <concept>
        <code value="4231000202108"/>
        <display value="Neonatal"/>
      </concept>
      <concept>
        <code value="397641000202108"/>
        <display value="Små voksne"/>
      </concept>
      <concept>
        <code value="4281000202107"/>
        <display value="Spedbarn"/>
      </concept>
      <concept>
        <code value="397631000202102"/>
        <display value="Store voksne"/>
      </concept>
      <concept>
        <code value="720737000"/>
        <display value="Voksne"/>
      </concept>
    </include>
  </compose>
</ValueSet>