{
  "resourceType" : "Bundle",
  "id" : "92bb17e8-e14e-4a31-ab80-2b5caa8d4fe5",
  "meta" : {
    "lastUpdated" : "2025-09-08T08:52:54.081+00:00"
  },
  "type" : "collection",
  "entry" : [{
    "fullUrl" : "http://hl7.no/fhir/no-domain/vitalsigns/ValueSet/NoDomainVitalSignsBloodPressureMeasurementMethodValueSet",
    "resource" : {
      "resourceType" : "ValueSet",
      "meta" : {
        "lastUpdated" : "2025-01-28T00:00:00+00:00",
        "profile" : ["http://hl7.org/fhir/StructureDefinition/shareablevalueset"]
      },
      "text" : {
        "status" : "generated",
        "div" : "<div xmlns=\"http://www.w3.org/1999/xhtml\"><p class=\"res-header-id\"/><p style=\"border: black 1px dotted; background-color: #EEEEEE; padding: 8px; margin-bottom: 8px\">Expansion from tx.fhir.org based on SNOMED CT International edition 01-Feb 2025</p><p>This value set contains 2 concepts</p><table class=\"codes\"><tr><td style=\"white-space:nowrap\"><b>Code</b></td><td><b>System</b></td><td><b>Display</b></td></tr><tr><td style=\"white-space:nowrap\"><a name=\"x-http://snomed.info/sct-37931006\"> </a>\u00a0\u00a0<a href=\"http://snomed.info/id/37931006\">37931006</a></td><td>http://snomed.info/sct</td><td>Auscultation</td></tr><tr><td style=\"white-space:nowrap\"><a name=\"x-http://snomed.info/sct-113011001\"> </a>\u00a0\u00a0<a href=\"http://snomed.info/id/113011001\">113011001</a></td><td>http://snomed.info/sct</td><td>Palpation</td></tr></table></div>"
      },
      "url" : "http://hl7.no/fhir/no-domain/vitalsigns/ValueSet/NoDomainVitalSignsBloodPressureMeasurementMethodValueSet",
      "version" : "0.9.1",
      "name" : "NoDomainVitalSignsBloodPressureMeasurementMethodValueSet",
      "title" : "NoDomainVitalSignsBloodPressureMeasurementMethod-ValueSet",
      "status" : "draft",
      "experimental" : false,
      "date" : "2025-09-08T08:52:11+00:00",
      "jurisdiction" : [{
        "coding" : [{
          "system" : "urn:iso:std:iso:3166",
          "code" : "NO",
          "display" : "Norway"
        }]
      }],
      "expansion" : {
        "identifier" : "urn:uuid:74c99270-9586-4dbb-ab80-8d296bf27ade",
        "timestamp" : "2025-09-08T08:54:02.100Z",
        "total" : 2,
        "offset" : 0,
        "parameter" : [{
          "name" : "limitedExpansion",
          "valueBoolean" : true
        },
        {
          "name" : "excludeNested",
          "valueBoolean" : false
        },
        {
          "name" : "offset",
          "valueInteger" : 0
        },
        {
          "name" : "count",
          "valueInteger" : 1000
        },
        {
          "name" : "used-codesystem",
          "valueUri" : "http://snomed.info/sct|http://snomed.info/sct/900000000000207008/version/20250201"
        },
        {
          "name" : "version",
          "valueUri" : "http://snomed.info/sct|http://snomed.info/sct/900000000000207008/version/20250201"
        }],
        "contains" : [{
          "system" : "http://snomed.info/sct",
          "code" : "37931006",
          "display" : "Auscultation"
        },
        {
          "system" : "http://snomed.info/sct",
          "code" : "113011001",
          "display" : "Palpation"
        }]
      }
    }
  },
  {
    "fullUrl" : "http://hl7.no/fhir/no-domain/vitalsigns/ValueSet/NoDomainVitalSignsBloodpressureBodySiteValueSet",
    "resource" : {
      "resourceType" : "ValueSet",
      "meta" : {
        "lastUpdated" : "2025-01-28T00:00:00+00:00",
        "profile" : ["http://hl7.org/fhir/StructureDefinition/shareablevalueset"]
      },
      "text" : {
        "status" : "generated",
        "div" : "<div xmlns=\"http://www.w3.org/1999/xhtml\"><p class=\"res-header-id\"/><p style=\"border: black 1px dotted; background-color: #EEEEEE; padding: 8px; margin-bottom: 8px\">Expansion from tx.fhir.org based on SNOMED CT International edition 01-Feb 2025</p><p>This value set contains 12 concepts</p><table class=\"codes\"><tr><td style=\"white-space:nowrap\"><b>Code</b></td><td><b>System</b></td><td><b>Display</b></td></tr><tr><td style=\"white-space:nowrap\"><a name=\"x-http://snomed.info/sct-6685009\"> </a>\u00a0\u00a0<a href=\"http://snomed.info/id/6685009\">6685009</a></td><td>http://snomed.info/sct</td><td>Right ankle</td></tr><tr><td style=\"white-space:nowrap\"><a name=\"x-http://snomed.info/sct-51636004\"> </a>\u00a0\u00a0<a href=\"http://snomed.info/id/51636004\">51636004</a></td><td>http://snomed.info/sct</td><td>Left ankle</td></tr><tr><td style=\"white-space:nowrap\"><a name=\"x-http://snomed.info/sct-7569003\"> </a>\u00a0\u00a0<a href=\"http://snomed.info/id/7569003\">7569003</a></td><td>http://snomed.info/sct</td><td>Finger</td></tr><tr><td style=\"white-space:nowrap\"><a name=\"x-http://snomed.info/sct-2402003\"> </a>\u00a0\u00a0<a href=\"http://snomed.info/id/2402003\">2402003</a></td><td>http://snomed.info/sct</td><td>Dorsum of foot</td></tr><tr><td style=\"white-space:nowrap\"><a name=\"x-http://snomed.info/sct-9736006\"> </a>\u00a0\u00a0<a href=\"http://snomed.info/id/9736006\">9736006</a></td><td>http://snomed.info/sct</td><td>Right wrist</td></tr><tr><td style=\"white-space:nowrap\"><a name=\"x-http://snomed.info/sct-5951000\"> </a>\u00a0\u00a0<a href=\"http://snomed.info/id/5951000\">5951000</a></td><td>http://snomed.info/sct</td><td>Left wrist</td></tr><tr><td style=\"white-space:nowrap\"><a name=\"x-http://snomed.info/sct-51114001\"> </a>\u00a0\u00a0<a href=\"http://snomed.info/id/51114001\">51114001</a></td><td>http://snomed.info/sct</td><td>Artery</td></tr><tr><td style=\"white-space:nowrap\"><a name=\"x-http://snomed.info/sct-11207009\"> </a>\u00a0\u00a0<a href=\"http://snomed.info/id/11207009\">11207009</a></td><td>http://snomed.info/sct</td><td>Right thigh</td></tr><tr><td style=\"white-space:nowrap\"><a name=\"x-http://snomed.info/sct-61396006\"> </a>\u00a0\u00a0<a href=\"http://snomed.info/id/61396006\">61396006</a></td><td>http://snomed.info/sct</td><td>Left thigh</td></tr><tr><td style=\"white-space:nowrap\"><a name=\"x-http://snomed.info/sct-368209003\"> </a>\u00a0\u00a0<a href=\"http://snomed.info/id/368209003\">368209003</a></td><td>http://snomed.info/sct</td><td>Right upper arm</td></tr><tr><td style=\"white-space:nowrap\"><a name=\"x-http://snomed.info/sct-368208006\"> </a>\u00a0\u00a0<a href=\"http://snomed.info/id/368208006\">368208006</a></td><td>http://snomed.info/sct</td><td>Left upper arm structure</td></tr><tr><td style=\"white-space:nowrap\"><a name=\"x-http://snomed.info/sct-29707007\"> </a>\u00a0\u00a0<a href=\"http://snomed.info/id/29707007\">29707007</a></td><td>http://snomed.info/sct</td><td>Toe</td></tr></table></div>"
      },
      "url" : "http://hl7.no/fhir/no-domain/vitalsigns/ValueSet/NoDomainVitalSignsBloodpressureBodySiteValueSet",
      "version" : "0.9.1",
      "name" : "NoDomainVitalSignsBloodpressureBodySiteValueSet",
      "title" : "NoDomainVitalSignsBloodpressureBodySite-ValueSet",
      "status" : "draft",
      "experimental" : false,
      "date" : "2025-09-08T08:52:11+00:00",
      "jurisdiction" : [{
        "coding" : [{
          "system" : "urn:iso:std:iso:3166",
          "code" : "NO",
          "display" : "Norway"
        }]
      }],
      "expansion" : {
        "identifier" : "urn:uuid:f30710c0-eaf4-4ffa-9c55-8ee9505ddbe8",
        "timestamp" : "2025-09-08T08:54:03.658Z",
        "total" : 12,
        "offset" : 0,
        "parameter" : [{
          "name" : "limitedExpansion",
          "valueBoolean" : true
        },
        {
          "name" : "excludeNested",
          "valueBoolean" : false
        },
        {
          "name" : "offset",
          "valueInteger" : 0
        },
        {
          "name" : "count",
          "valueInteger" : 1000
        },
        {
          "name" : "used-codesystem",
          "valueUri" : "http://snomed.info/sct|http://snomed.info/sct/900000000000207008/version/20250201"
        },
        {
          "name" : "version",
          "valueUri" : "http://snomed.info/sct|http://snomed.info/sct/900000000000207008/version/20250201"
        }],
        "contains" : [{
          "system" : "http://snomed.info/sct",
          "code" : "6685009",
          "display" : "Right ankle"
        },
        {
          "system" : "http://snomed.info/sct",
          "code" : "51636004",
          "display" : "Left ankle"
        },
        {
          "system" : "http://snomed.info/sct",
          "code" : "7569003",
          "display" : "Finger"
        },
        {
          "system" : "http://snomed.info/sct",
          "code" : "2402003",
          "display" : "Dorsum of foot"
        },
        {
          "system" : "http://snomed.info/sct",
          "code" : "9736006",
          "display" : "Right wrist"
        },
        {
          "system" : "http://snomed.info/sct",
          "code" : "5951000",
          "display" : "Left wrist"
        },
        {
          "system" : "http://snomed.info/sct",
          "code" : "51114001",
          "display" : "Artery"
        },
        {
          "system" : "http://snomed.info/sct",
          "code" : "11207009",
          "display" : "Right thigh"
        },
        {
          "system" : "http://snomed.info/sct",
          "code" : "61396006",
          "display" : "Left thigh"
        },
        {
          "system" : "http://snomed.info/sct",
          "code" : "368209003",
          "display" : "Right upper arm"
        },
        {
          "system" : "http://snomed.info/sct",
          "code" : "368208006",
          "display" : "Left upper arm structure"
        },
        {
          "system" : "http://snomed.info/sct",
          "code" : "29707007",
          "display" : "Toe"
        }]
      }
    }
  },
  {
    "fullUrl" : "http://hl7.no/fhir/no-domain/vitalsigns/ValueSet/NoDomainVitalSignsBodyExposureValueSet",
    "resource" : {
      "resourceType" : "ValueSet",
      "meta" : {
        "lastUpdated" : "2025-01-28T00:00:00+00:00",
        "profile" : ["http://hl7.org/fhir/StructureDefinition/shareablevalueset"]
      },
      "text" : {
        "status" : "generated",
        "div" : "<div xmlns=\"http://www.w3.org/1999/xhtml\"><p class=\"res-header-id\"/><p style=\"border: black 1px dotted; background-color: #EEEEEE; padding: 8px; margin-bottom: 8px\">Expansion from tx.fhir.org based on SNOMED CT International edition 01-Feb 2025</p><p>This value set contains 0 concepts</p><table class=\"codes\"><tr><td style=\"white-space:nowrap\"><b>Code</b></td><td><b>System</b></td><td><b>Display</b></td></tr></table></div>"
      },
      "url" : "http://hl7.no/fhir/no-domain/vitalsigns/ValueSet/NoDomainVitalSignsBodyExposureValueSet",
      "version" : "0.9.1",
      "name" : "NoDomainVitalSignsBodyExposureValueSet",
      "title" : "NoDomainVitalSignsBodyExposure-ValueSet",
      "status" : "draft",
      "experimental" : false,
      "date" : "2025-09-08T08:52:11+00:00",
      "jurisdiction" : [{
        "coding" : [{
          "system" : "urn:iso:std:iso:3166",
          "code" : "NO",
          "display" : "Norway"
        }]
      }],
      "expansion" : {
        "identifier" : "urn:uuid:e9286797-8b4b-48af-870a-bc25a72bd4fa",
        "timestamp" : "2025-09-08T08:54:04.022Z",
        "total" : 0,
        "offset" : 0,
        "parameter" : [{
          "name" : "limitedExpansion",
          "valueBoolean" : true
        },
        {
          "name" : "excludeNested",
          "valueBoolean" : false
        },
        {
          "name" : "offset",
          "valueInteger" : 0
        },
        {
          "name" : "count",
          "valueInteger" : 1000
        },
        {
          "name" : "used-codesystem",
          "valueUri" : "http://snomed.info/sct|http://snomed.info/sct/900000000000207008/version/20250201"
        },
        {
          "name" : "version",
          "valueUri" : "http://snomed.info/sct|http://snomed.info/sct/900000000000207008/version/20250201"
        }]
      }
    }
  },
  {
    "fullUrl" : "http://hl7.no/fhir/no-domain/vitalsigns/ValueSet/NoDomainVitalSignsBodyHeightBodyPositionValueSet",
    "resource" : {
      "resourceType" : "ValueSet",
      "meta" : {
        "lastUpdated" : "2025-01-28T00:00:00+00:00",
        "profile" : ["http://hl7.org/fhir/StructureDefinition/shareablevalueset"]
      },
      "text" : {
        "status" : "generated",
        "div" : "<div xmlns=\"http://www.w3.org/1999/xhtml\"><p class=\"res-header-id\"/><p style=\"border: black 1px dotted; background-color: #EEEEEE; padding: 8px; margin-bottom: 8px\">Expansion from tx.fhir.org based on SNOMED CT International edition 01-Feb 2025</p><p>This value set contains 1 concepts</p><table class=\"codes\"><tr><td style=\"white-space:nowrap\"><b>Code</b></td><td><b>System</b></td><td><b>Display</b></td></tr><tr><td style=\"white-space:nowrap\"><a name=\"x-http://snomed.info/sct-10904000\"> </a>\u00a0\u00a0<a href=\"http://snomed.info/id/10904000\">10904000</a></td><td>http://snomed.info/sct</td><td>Orthostatic body position</td></tr></table></div>"
      },
      "url" : "http://hl7.no/fhir/no-domain/vitalsigns/ValueSet/NoDomainVitalSignsBodyHeightBodyPositionValueSet",
      "version" : "0.9.1",
      "name" : "NoDomainVitalSignsBodyHeightBodyPositionValueSet",
      "title" : "NoDomainVitalSignsBodyHeightBodyPosition-ValueSet",
      "status" : "draft",
      "experimental" : false,
      "date" : "2025-09-08T08:52:11+00:00",
      "jurisdiction" : [{
        "coding" : [{
          "system" : "urn:iso:std:iso:3166",
          "code" : "NO",
          "display" : "Norway"
        }]
      }],
      "expansion" : {
        "identifier" : "urn:uuid:371afde0-cda1-4bcb-9fe9-90ca7cd48910",
        "timestamp" : "2025-09-08T08:54:04.351Z",
        "total" : 1,
        "offset" : 0,
        "parameter" : [{
          "name" : "limitedExpansion",
          "valueBoolean" : true
        },
        {
          "name" : "excludeNested",
          "valueBoolean" : false
        },
        {
          "name" : "offset",
          "valueInteger" : 0
        },
        {
          "name" : "count",
          "valueInteger" : 1000
        },
        {
          "name" : "used-codesystem",
          "valueUri" : "http://snomed.info/sct|http://snomed.info/sct/900000000000207008/version/20250201"
        },
        {
          "name" : "version",
          "valueUri" : "http://snomed.info/sct|http://snomed.info/sct/900000000000207008/version/20250201"
        }],
        "contains" : [{
          "system" : "http://snomed.info/sct",
          "code" : "10904000",
          "display" : "Orthostatic body position"
        }]
      }
    }
  },
  {
    "fullUrl" : "http://hl7.no/fhir/no-domain/vitalsigns/ValueSet/NoDomainVitalSignsBodyTempBodySiteValueSet",
    "resource" : {
      "resourceType" : "ValueSet",
      "meta" : {
        "lastUpdated" : "2025-01-28T00:00:00+00:00",
        "profile" : ["http://hl7.org/fhir/StructureDefinition/shareablevalueset"]
      },
      "text" : {
        "status" : "generated",
        "div" : "<div xmlns=\"http://www.w3.org/1999/xhtml\"><p class=\"res-header-id\"/><p style=\"border: black 1px dotted; background-color: #EEEEEE; padding: 8px; margin-bottom: 8px\">Expansion from tx.fhir.org based on SNOMED CT International edition 01-Feb 2025</p><p>This value set contains 13 concepts</p><table class=\"codes\"><tr><td style=\"white-space:nowrap\"><b>Code</b></td><td><b>System</b></td><td><b>Display</b></td></tr><tr><td style=\"white-space:nowrap\"><a name=\"x-http://snomed.info/sct-91470000\"> </a>\u00a0\u00a0<a href=\"http://snomed.info/id/91470000\">91470000</a></td><td>http://snomed.info/sct</td><td>Axillary region</td></tr><tr><td style=\"white-space:nowrap\"><a name=\"x-http://snomed.info/sct-34402009\"> </a>\u00a0\u00a0<a href=\"http://snomed.info/id/34402009\">34402009</a></td><td>http://snomed.info/sct</td><td>Rectum</td></tr><tr><td style=\"white-space:nowrap\"><a name=\"x-http://snomed.info/sct-39937001\"> </a>\u00a0\u00a0<a href=\"http://snomed.info/id/39937001\">39937001</a></td><td>http://snomed.info/sct</td><td>Skin</td></tr><tr><td style=\"white-space:nowrap\"><a name=\"x-http://snomed.info/sct-59820001\"> </a>\u00a0\u00a0<a href=\"http://snomed.info/id/59820001\">59820001</a></td><td>http://snomed.info/sct</td><td>Blood vessel</td></tr><tr><td style=\"white-space:nowrap\"><a name=\"x-http://snomed.info/sct-26893007\"> </a>\u00a0\u00a0<a href=\"http://snomed.info/id/26893007\">26893007</a></td><td>http://snomed.info/sct</td><td>Inguinal region</td></tr><tr><td style=\"white-space:nowrap\"><a name=\"x-http://snomed.info/sct-122861001\"> </a>\u00a0\u00a0<a href=\"http://snomed.info/id/122861001\">122861001</a></td><td>http://snomed.info/sct</td><td>Supramylohyoid space</td></tr><tr><td style=\"white-space:nowrap\"><a name=\"x-http://snomed.info/sct-71836000\"> </a>\u00a0\u00a0<a href=\"http://snomed.info/id/71836000\">71836000</a></td><td>http://snomed.info/sct</td><td>Nasopharynx</td></tr><tr><td style=\"white-space:nowrap\"><a name=\"x-http://snomed.info/sct-42859004\"> </a>\u00a0\u00a0<a href=\"http://snomed.info/id/42859004\">42859004</a></td><td>http://snomed.info/sct</td><td>Tympanic membrane</td></tr><tr><td style=\"white-space:nowrap\"><a name=\"x-http://snomed.info/sct-52795006\"> </a>\u00a0\u00a0<a href=\"http://snomed.info/id/52795006\">52795006</a></td><td>http://snomed.info/sct</td><td>Forehead</td></tr><tr><td style=\"white-space:nowrap\"><a name=\"x-http://snomed.info/sct-76784001\"> </a>\u00a0\u00a0<a href=\"http://snomed.info/id/76784001\">76784001</a></td><td>http://snomed.info/sct</td><td>Vagina</td></tr><tr><td style=\"white-space:nowrap\"><a name=\"x-http://snomed.info/sct-32849002\"> </a>\u00a0\u00a0<a href=\"http://snomed.info/id/32849002\">32849002</a></td><td>http://snomed.info/sct</td><td>Esophagus</td></tr><tr><td style=\"white-space:nowrap\"><a name=\"x-http://snomed.info/sct-450721000\"> </a>\u00a0\u00a0<a href=\"http://snomed.info/id/450721000\">450721000</a></td><td>http://snomed.info/sct</td><td>Structure of temporal region</td></tr><tr><td style=\"white-space:nowrap\"><a name=\"x-http://snomed.info/sct-89837001\"> </a>\u00a0\u00a0<a href=\"http://snomed.info/id/89837001\">89837001</a></td><td>http://snomed.info/sct</td><td>Urinary bladder</td></tr></table></div>"
      },
      "url" : "http://hl7.no/fhir/no-domain/vitalsigns/ValueSet/NoDomainVitalSignsBodyTempBodySiteValueSet",
      "version" : "0.9.1",
      "name" : "NoDomainVitalSignsBodyTempBodySiteValueSet",
      "title" : "NoDomainVitalSignsBodyTempBodySite-ValueSet",
      "status" : "draft",
      "experimental" : false,
      "date" : "2025-09-08T08:52:11+00:00",
      "jurisdiction" : [{
        "coding" : [{
          "system" : "urn:iso:std:iso:3166",
          "code" : "NO",
          "display" : "Norway"
        }]
      }],
      "expansion" : {
        "identifier" : "urn:uuid:2b63c7c9-db28-4db8-b863-05cbe2abe42b",
        "timestamp" : "2025-09-08T08:54:04.685Z",
        "total" : 13,
        "offset" : 0,
        "parameter" : [{
          "name" : "limitedExpansion",
          "valueBoolean" : true
        },
        {
          "name" : "excludeNested",
          "valueBoolean" : false
        },
        {
          "name" : "offset",
          "valueInteger" : 0
        },
        {
          "name" : "count",
          "valueInteger" : 1000
        },
        {
          "name" : "used-codesystem",
          "valueUri" : "http://snomed.info/sct|http://snomed.info/sct/900000000000207008/version/20250201"
        },
        {
          "name" : "version",
          "valueUri" : "http://snomed.info/sct|http://snomed.info/sct/900000000000207008/version/20250201"
        }],
        "contains" : [{
          "system" : "http://snomed.info/sct",
          "code" : "91470000",
          "display" : "Axillary region"
        },
        {
          "system" : "http://snomed.info/sct",
          "code" : "34402009",
          "display" : "Rectum"
        },
        {
          "system" : "http://snomed.info/sct",
          "code" : "39937001",
          "display" : "Skin"
        },
        {
          "system" : "http://snomed.info/sct",
          "code" : "59820001",
          "display" : "Blood vessel"
        },
        {
          "system" : "http://snomed.info/sct",
          "code" : "26893007",
          "display" : "Inguinal region"
        },
        {
          "system" : "http://snomed.info/sct",
          "code" : "122861001",
          "display" : "Supramylohyoid space"
        },
        {
          "system" : "http://snomed.info/sct",
          "code" : "71836000",
          "display" : "Nasopharynx"
        },
        {
          "system" : "http://snomed.info/sct",
          "code" : "42859004",
          "display" : "Tympanic membrane"
        },
        {
          "system" : "http://snomed.info/sct",
          "code" : "52795006",
          "display" : "Forehead"
        },
        {
          "system" : "http://snomed.info/sct",
          "code" : "76784001",
          "display" : "Vagina"
        },
        {
          "system" : "http://snomed.info/sct",
          "code" : "32849002",
          "display" : "Esophagus"
        },
        {
          "system" : "http://snomed.info/sct",
          "code" : "450721000",
          "display" : "Structure of temporal region"
        },
        {
          "system" : "http://snomed.info/sct",
          "code" : "89837001",
          "display" : "Urinary bladder"
        }]
      }
    }
  },
  {
    "fullUrl" : "http://hl7.no/fhir/no-domain/vitalsigns/ValueSet/NoDomainVitalSignsClothingStateValueSet",
    "resource" : {
      "resourceType" : "ValueSet",
      "meta" : {
        "lastUpdated" : "2025-01-28T00:00:00+00:00",
        "profile" : ["http://hl7.org/fhir/StructureDefinition/shareablevalueset"]
      },
      "text" : {
        "status" : "generated",
        "div" : "<div xmlns=\"http://www.w3.org/1999/xhtml\"><p class=\"res-header-id\"/><p style=\"border: black 1px dotted; background-color: #EEEEEE; padding: 8px; margin-bottom: 8px\">Expansion from tx.fhir.org based on SNOMED CT International edition 01-Feb 2025</p><p>This value set contains 0 concepts</p><table class=\"codes\"><tr><td style=\"white-space:nowrap\"><b>Code</b></td><td><b>System</b></td><td><b>Display</b></td></tr></table></div>"
      },
      "url" : "http://hl7.no/fhir/no-domain/vitalsigns/ValueSet/NoDomainVitalSignsClothingStateValueSet",
      "version" : "0.9.1",
      "name" : "NoDomainVitalSignsClothingStateValueSet",
      "title" : "NoDomainVitalSignsClothingState-ValueSet",
      "status" : "draft",
      "experimental" : false,
      "date" : "2025-09-08T08:52:11+00:00",
      "jurisdiction" : [{
        "coding" : [{
          "system" : "urn:iso:std:iso:3166",
          "code" : "NO",
          "display" : "Norway"
        }]
      }],
      "expansion" : {
        "identifier" : "urn:uuid:05a966b7-821c-4ba9-8765-0430460b18b7",
        "timestamp" : "2025-09-08T08:54:05.022Z",
        "total" : 0,
        "offset" : 0,
        "parameter" : [{
          "name" : "limitedExpansion",
          "valueBoolean" : true
        },
        {
          "name" : "excludeNested",
          "valueBoolean" : false
        },
        {
          "name" : "offset",
          "valueInteger" : 0
        },
        {
          "name" : "count",
          "valueInteger" : 1000
        },
        {
          "name" : "used-codesystem",
          "valueUri" : "http://snomed.info/sct|http://snomed.info/sct/900000000000207008/version/20250201"
        },
        {
          "name" : "version",
          "valueUri" : "http://snomed.info/sct|http://snomed.info/sct/900000000000207008/version/20250201"
        }]
      }
    }
  },
  {
    "fullUrl" : "http://hl7.no/fhir/no-domain/vitalsigns/ValueSet/NoDomainVitalSignsCuffsizeValueSet",
    "resource" : {
      "resourceType" : "ValueSet",
      "meta" : {
        "lastUpdated" : "2025-01-28T00:00:00+00:00",
        "profile" : ["http://hl7.org/fhir/StructureDefinition/shareablevalueset"]
      },
      "text" : {
        "status" : "generated",
        "div" : "<div xmlns=\"http://www.w3.org/1999/xhtml\"><p class=\"res-header-id\"/><p style=\"border: black 1px dotted; background-color: #EEEEEE; padding: 8px; margin-bottom: 8px\">Expansion from tx.fhir.org based on SNOMED CT International edition 01-Feb 2025</p><p>This value set contains 3 concepts</p><table class=\"codes\"><tr><td style=\"white-space:nowrap\"><b>Code</b></td><td><b>System</b></td><td><b>Display</b></td></tr><tr><td style=\"white-space:nowrap\"><a name=\"x-http://snomed.info/sct-720736009\"> </a>\u00a0\u00a0<a href=\"http://snomed.info/id/720736009\">720736009</a></td><td>http://snomed.info/sct</td><td>Blood pressure cuff, pediatric size (physical object)</td></tr><tr><td style=\"white-space:nowrap\"><a name=\"x-http://snomed.info/sct-720740000\"> </a>\u00a0\u00a0<a href=\"http://snomed.info/id/720740000\">720740000</a></td><td>http://snomed.info/sct</td><td>Blood pressure cuff, adult thigh type (physical object)</td></tr><tr><td style=\"white-space:nowrap\"><a name=\"x-http://snomed.info/sct-720737000\"> </a>\u00a0\u00a0<a href=\"http://snomed.info/id/720737000\">720737000</a></td><td>http://snomed.info/sct</td><td>Blood pressure cuff, adult size (physical object)</td></tr></table></div>"
      },
      "url" : "http://hl7.no/fhir/no-domain/vitalsigns/ValueSet/NoDomainVitalSignsCuffsizeValueSet",
      "version" : "0.9.1",
      "name" : "NoDomainVitalSignsCuffsizeValueSet",
      "title" : "NoDomainVitalSignsCuffsize-ValueSet",
      "status" : "draft",
      "experimental" : false,
      "date" : "2025-09-08T08:52:11+00:00",
      "jurisdiction" : [{
        "coding" : [{
          "system" : "urn:iso:std:iso:3166",
          "code" : "NO",
          "display" : "Norway"
        }]
      }],
      "expansion" : {
        "identifier" : "urn:uuid:75a49494-2957-4034-8110-0600b8f13d18",
        "timestamp" : "2025-09-08T08:54:05.340Z",
        "total" : 3,
        "offset" : 0,
        "parameter" : [{
          "name" : "limitedExpansion",
          "valueBoolean" : true
        },
        {
          "name" : "excludeNested",
          "valueBoolean" : false
        },
        {
          "name" : "offset",
          "valueInteger" : 0
        },
        {
          "name" : "count",
          "valueInteger" : 1000
        },
        {
          "name" : "used-codesystem",
          "valueUri" : "http://snomed.info/sct|http://snomed.info/sct/900000000000207008/version/20250201"
        },
        {
          "name" : "version",
          "valueUri" : "http://snomed.info/sct|http://snomed.info/sct/900000000000207008/version/20250201"
        }],
        "contains" : [{
          "system" : "http://snomed.info/sct",
          "code" : "720736009",
          "display" : "Blood pressure cuff, pediatric size (physical object)"
        },
        {
          "system" : "http://snomed.info/sct",
          "code" : "720740000",
          "display" : "Blood pressure cuff, adult thigh type (physical object)"
        },
        {
          "system" : "http://snomed.info/sct",
          "code" : "720737000",
          "display" : "Blood pressure cuff, adult size (physical object)"
        }]
      }
    }
  },
  {
    "fullUrl" : "http://hl7.no/fhir/no-domain/vitalsigns/ValueSet/NoDomainVitalSignsDiastolicEndPointValueSet",
    "resource" : {
      "resourceType" : "ValueSet",
      "meta" : {
        "lastUpdated" : "2021-03-17T00:00:00+00:00",
        "profile" : ["http://hl7.org/fhir/StructureDefinition/shareablevalueset"]
      },
      "text" : {
        "status" : "generated",
        "div" : "<div xmlns=\"http://www.w3.org/1999/xhtml\"><p class=\"res-header-id\"/><p style=\"border: black 1px dotted; background-color: #EEEEEE; padding: 8px; margin-bottom: 8px\">Expansion from tx.fhir.org based on SNOMED CT International edition 01-Feb 2025</p><p>This value set contains 0 concepts</p><table class=\"codes\"><tr><td style=\"white-space:nowrap\"><b>Code</b></td><td><b>System</b></td><td><b>Display</b></td></tr></table></div>"
      },
      "url" : "http://hl7.no/fhir/no-domain/vitalsigns/ValueSet/NoDomainVitalSignsDiastolicEndPointValueSet",
      "version" : "0.9.1",
      "name" : "NoDomainVitalSignsDiastolicendPointValueSet",
      "title" : "NoDomainVitalSignsDiastolicendPoint-ValueSet",
      "status" : "draft",
      "experimental" : false,
      "date" : "2021-03-17T00:00:00+00:00",
      "jurisdiction" : [{
        "coding" : [{
          "system" : "urn:iso:std:iso:3166",
          "code" : "NO",
          "display" : "Norway"
        }]
      }],
      "expansion" : {
        "identifier" : "urn:uuid:d761b60b-5420-46f0-90a4-d514c3375209",
        "timestamp" : "2025-09-08T08:54:05.696Z",
        "total" : 0,
        "offset" : 0,
        "parameter" : [{
          "name" : "limitedExpansion",
          "valueBoolean" : true
        },
        {
          "name" : "excludeNested",
          "valueBoolean" : false
        },
        {
          "name" : "offset",
          "valueInteger" : 0
        },
        {
          "name" : "count",
          "valueInteger" : 1000
        },
        {
          "name" : "used-codesystem",
          "valueUri" : "http://snomed.info/sct|http://snomed.info/sct/900000000000207008/version/20250201"
        },
        {
          "name" : "version",
          "valueUri" : "http://snomed.info/sct|http://snomed.info/sct/900000000000207008/version/20250201"
        }]
      }
    }
  },
  {
    "fullUrl" : "http://hl7.no/fhir/no-domain/vitalsigns/ValueSet/NoDomainVitalSignsHeartRateBodySiteValueSet",
    "resource" : {
      "resourceType" : "ValueSet",
      "meta" : {
        "lastUpdated" : "2025-01-28T00:00:00+00:00",
        "profile" : ["http://hl7.org/fhir/StructureDefinition/shareablevalueset"]
      },
      "text" : {
        "status" : "generated",
        "div" : "<div xmlns=\"http://www.w3.org/1999/xhtml\"><p class=\"res-header-id\"/><p style=\"border: black 1px dotted; background-color: #EEEEEE; padding: 8px; margin-bottom: 8px\">Expansion from tx.fhir.org based on SNOMED CT International edition 01-Feb 2025</p><p>This value set contains 1 concepts</p><table class=\"codes\"><tr><td style=\"white-space:nowrap\"><b>Code</b></td><td><b>System</b></td><td><b>Display</b></td></tr><tr><td style=\"white-space:nowrap\"><a name=\"x-http://snomed.info/sct-80891009\"> </a>\u00a0\u00a0<a href=\"http://snomed.info/id/80891009\">80891009</a></td><td>http://snomed.info/sct</td><td>Heart</td></tr></table></div>"
      },
      "url" : "http://hl7.no/fhir/no-domain/vitalsigns/ValueSet/NoDomainVitalSignsHeartRateBodySiteValueSet",
      "version" : "0.9.1",
      "name" : "NoDomainVitalSignsHeartRateBodySiteValueSet",
      "title" : "NoDomainVitalSignsHeartRateBodySite-ValueSet",
      "status" : "draft",
      "experimental" : false,
      "date" : "2025-09-08T08:52:11+00:00",
      "jurisdiction" : [{
        "coding" : [{
          "system" : "urn:iso:std:iso:3166",
          "code" : "NO",
          "display" : "Norway"
        }]
      }],
      "expansion" : {
        "identifier" : "urn:uuid:7059b8e4-4165-448f-a27e-bbc77f013049",
        "timestamp" : "2025-09-08T08:54:06.024Z",
        "total" : 1,
        "offset" : 0,
        "parameter" : [{
          "name" : "limitedExpansion",
          "valueBoolean" : true
        },
        {
          "name" : "excludeNested",
          "valueBoolean" : false
        },
        {
          "name" : "offset",
          "valueInteger" : 0
        },
        {
          "name" : "count",
          "valueInteger" : 1000
        },
        {
          "name" : "used-codesystem",
          "valueUri" : "http://snomed.info/sct|http://snomed.info/sct/900000000000207008/version/20250201"
        },
        {
          "name" : "version",
          "valueUri" : "http://snomed.info/sct|http://snomed.info/sct/900000000000207008/version/20250201"
        }],
        "contains" : [{
          "system" : "http://snomed.info/sct",
          "code" : "80891009",
          "display" : "Heart"
        }]
      }
    }
  },
  {
    "fullUrl" : "http://hl7.no/fhir/no-domain/vitalsigns/ValueSet/NoDomainVitalSignsHeartRateMeasurementMethodValueSet",
    "resource" : {
      "resourceType" : "ValueSet",
      "meta" : {
        "lastUpdated" : "2025-01-28T00:00:00+00:00",
        "profile" : ["http://hl7.org/fhir/StructureDefinition/shareablevalueset"]
      },
      "text" : {
        "status" : "generated",
        "div" : "<div xmlns=\"http://www.w3.org/1999/xhtml\"><p class=\"res-header-id\"/><p style=\"border: black 1px dotted; background-color: #EEEEEE; padding: 8px; margin-bottom: 8px\">Expansion from tx.fhir.org based on SNOMED CT International edition 01-Feb 2025</p><p>This value set contains 2 concepts</p><table class=\"codes\"><tr><td style=\"white-space:nowrap\"><b>Code</b></td><td><b>System</b></td><td><b>Display</b></td></tr><tr><td style=\"white-space:nowrap\"><a name=\"x-http://snomed.info/sct-37931006\"> </a>\u00a0\u00a0<a href=\"http://snomed.info/id/37931006\">37931006</a></td><td>http://snomed.info/sct</td><td>Auscultation</td></tr><tr><td style=\"white-space:nowrap\"><a name=\"x-http://snomed.info/sct-113011001\"> </a>\u00a0\u00a0<a href=\"http://snomed.info/id/113011001\">113011001</a></td><td>http://snomed.info/sct</td><td>Palpation</td></tr></table></div>"
      },
      "url" : "http://hl7.no/fhir/no-domain/vitalsigns/ValueSet/NoDomainVitalSignsHeartRateMeasurementMethodValueSet",
      "version" : "0.9.1",
      "name" : "NoDomainVitalSignsHeartRateMeasurementMethodValueSet",
      "title" : "NoDomainVitalSignsHeartRateMeasurementMethod-ValueSet",
      "status" : "draft",
      "experimental" : false,
      "date" : "2025-09-08T08:52:11+00:00",
      "jurisdiction" : [{
        "coding" : [{
          "system" : "urn:iso:std:iso:3166",
          "code" : "NO",
          "display" : "Norway"
        }]
      }],
      "expansion" : {
        "identifier" : "urn:uuid:7ed3aeb8-4c73-4350-9900-22731734ce73",
        "timestamp" : "2025-09-08T08:54:06.347Z",
        "total" : 2,
        "offset" : 0,
        "parameter" : [{
          "name" : "limitedExpansion",
          "valueBoolean" : true
        },
        {
          "name" : "excludeNested",
          "valueBoolean" : false
        },
        {
          "name" : "offset",
          "valueInteger" : 0
        },
        {
          "name" : "count",
          "valueInteger" : 1000
        },
        {
          "name" : "used-codesystem",
          "valueUri" : "http://snomed.info/sct|http://snomed.info/sct/900000000000207008/version/20250201"
        },
        {
          "name" : "version",
          "valueUri" : "http://snomed.info/sct|http://snomed.info/sct/900000000000207008/version/20250201"
        }],
        "contains" : [{
          "system" : "http://snomed.info/sct",
          "code" : "37931006",
          "display" : "Auscultation"
        },
        {
          "system" : "http://snomed.info/sct",
          "code" : "113011001",
          "display" : "Palpation"
        }]
      }
    }
  },
  {
    "fullUrl" : "http://hl7.no/fhir/no-domain/vitalsigns/ValueSet/NoDomainVitalSignsHeartRatePulseBodyPositionValueSet",
    "resource" : {
      "resourceType" : "ValueSet",
      "meta" : {
        "lastUpdated" : "2025-01-28T00:00:00+00:00",
        "profile" : ["http://hl7.org/fhir/StructureDefinition/shareablevalueset"]
      },
      "text" : {
        "status" : "generated",
        "div" : "<div xmlns=\"http://www.w3.org/1999/xhtml\"><p class=\"res-header-id\"/><p style=\"border: black 1px dotted; background-color: #EEEEEE; padding: 8px; margin-bottom: 8px\">Expansion from tx.fhir.org based on SNOMED CT International edition 01-Feb 2025</p><p>This value set contains 3 concepts</p><table class=\"codes\"><tr><td style=\"white-space:nowrap\"><b>Code</b></td><td><b>System</b></td><td><b>Display</b></td></tr><tr><td style=\"white-space:nowrap\"><a name=\"x-http://snomed.info/sct-33586001\"> </a>\u00a0\u00a0<a href=\"http://snomed.info/id/33586001\">33586001</a></td><td>http://snomed.info/sct</td><td>Sitting position</td></tr><tr><td style=\"white-space:nowrap\"><a name=\"x-http://snomed.info/sct-10904000\"> </a>\u00a0\u00a0<a href=\"http://snomed.info/id/10904000\">10904000</a></td><td>http://snomed.info/sct</td><td>Orthostatic body position</td></tr><tr><td style=\"white-space:nowrap\"><a name=\"x-http://snomed.info/sct-272580008\"> </a>\u00a0\u00a0<a href=\"http://snomed.info/id/272580008\">272580008</a></td><td>http://snomed.info/sct</td><td>Semi-recumbent position</td></tr></table></div>"
      },
      "url" : "http://hl7.no/fhir/no-domain/vitalsigns/ValueSet/NoDomainVitalSignsHeartRatePulseBodyPositionValueSet",
      "version" : "0.9.1",
      "name" : "NoDomainVitalSignsHeartRatePulseBodyPositionValueSet",
      "title" : "NoDomainVitalSignsHeartRatePulseBodyPosition-ValueSet",
      "status" : "draft",
      "experimental" : false,
      "date" : "2025-09-08T08:52:11+00:00",
      "jurisdiction" : [{
        "coding" : [{
          "system" : "urn:iso:std:iso:3166",
          "code" : "NO",
          "display" : "Norway"
        }]
      }],
      "expansion" : {
        "identifier" : "urn:uuid:191cddc4-71b2-4920-b6bd-3d8b87c4bdad",
        "timestamp" : "2025-09-08T08:54:06.674Z",
        "total" : 3,
        "offset" : 0,
        "parameter" : [{
          "name" : "limitedExpansion",
          "valueBoolean" : true
        },
        {
          "name" : "excludeNested",
          "valueBoolean" : false
        },
        {
          "name" : "offset",
          "valueInteger" : 0
        },
        {
          "name" : "count",
          "valueInteger" : 1000
        },
        {
          "name" : "used-codesystem",
          "valueUri" : "http://snomed.info/sct|http://snomed.info/sct/900000000000207008/version/20250201"
        },
        {
          "name" : "version",
          "valueUri" : "http://snomed.info/sct|http://snomed.info/sct/900000000000207008/version/20250201"
        }],
        "contains" : [{
          "system" : "http://snomed.info/sct",
          "code" : "33586001",
          "display" : "Sitting position"
        },
        {
          "system" : "http://snomed.info/sct",
          "code" : "10904000",
          "display" : "Orthostatic body position"
        },
        {
          "system" : "http://snomed.info/sct",
          "code" : "272580008",
          "display" : "Semi-recumbent position"
        }]
      }
    }
  },
  {
    "fullUrl" : "http://hl7.no/fhir/no-domain/vitalsigns/ValueSet/NoDomainVitalSignsHeartRhythmIrregularityValueSet",
    "resource" : {
      "resourceType" : "ValueSet",
      "meta" : {
        "lastUpdated" : "2025-01-28T00:00:00+00:00",
        "profile" : ["http://hl7.org/fhir/StructureDefinition/shareablevalueset"]
      },
      "text" : {
        "status" : "generated",
        "div" : "<div xmlns=\"http://www.w3.org/1999/xhtml\"><p class=\"res-header-id\"/><p style=\"border: black 1px dotted; background-color: #EEEEEE; padding: 8px; margin-bottom: 8px\">Expansion from tx.fhir.org based on SNOMED CT International edition 01-Feb 2025</p><p>This value set contains 3 concepts</p><table class=\"codes\"><tr><td style=\"white-space:nowrap\"><b>Code</b></td><td><b>System</b></td><td><b>Display</b></td></tr><tr><td style=\"white-space:nowrap\"><a name=\"x-http://snomed.info/sct-361137007\"> </a>\u00a0\u00a0<a href=\"http://snomed.info/id/361137007\">361137007</a></td><td>http://snomed.info/sct</td><td>Irregular heart beat</td></tr><tr><td style=\"white-space:nowrap\"><a name=\"x-http://snomed.info/sct-248652003\"> </a>\u00a0\u00a0<a href=\"http://snomed.info/id/248652003\">248652003</a></td><td>http://snomed.info/sct</td><td>Heart regularly irregular</td></tr><tr><td style=\"white-space:nowrap\"><a name=\"x-http://snomed.info/sct-248651005\"> </a>\u00a0\u00a0<a href=\"http://snomed.info/id/248651005\">248651005</a></td><td>http://snomed.info/sct</td><td>Heart irregularly irregular</td></tr></table></div>"
      },
      "url" : "http://hl7.no/fhir/no-domain/vitalsigns/ValueSet/NoDomainVitalSignsHeartRhythmIrregularityValueSet",
      "version" : "0.9.1",
      "name" : "NoDomainVitalSignsHeartRhythmIrregularityValueSet",
      "title" : "NoDomainVitalSignsHeartRhythmIrregularity-ValueSet",
      "status" : "draft",
      "experimental" : false,
      "date" : "2025-09-08T08:52:11+00:00",
      "jurisdiction" : [{
        "coding" : [{
          "system" : "urn:iso:std:iso:3166",
          "code" : "NO",
          "display" : "Norway"
        }]
      }],
      "expansion" : {
        "identifier" : "urn:uuid:526f128e-8dc2-43c3-a5f0-ec79b84fc5ef",
        "timestamp" : "2025-09-08T08:54:07.004Z",
        "total" : 3,
        "offset" : 0,
        "parameter" : [{
          "name" : "limitedExpansion",
          "valueBoolean" : true
        },
        {
          "name" : "excludeNested",
          "valueBoolean" : false
        },
        {
          "name" : "offset",
          "valueInteger" : 0
        },
        {
          "name" : "count",
          "valueInteger" : 1000
        },
        {
          "name" : "used-codesystem",
          "valueUri" : "http://snomed.info/sct|http://snomed.info/sct/900000000000207008/version/20250201"
        },
        {
          "name" : "version",
          "valueUri" : "http://snomed.info/sct|http://snomed.info/sct/900000000000207008/version/20250201"
        }],
        "contains" : [{
          "system" : "http://snomed.info/sct",
          "code" : "361137007",
          "display" : "Irregular heart beat"
        },
        {
          "system" : "http://snomed.info/sct",
          "code" : "248652003",
          "display" : "Heart regularly irregular"
        },
        {
          "system" : "http://snomed.info/sct",
          "code" : "248651005",
          "display" : "Heart irregularly irregular"
        }]
      }
    }
  },
  {
    "fullUrl" : "http://hl7.no/fhir/no-domain/vitalsigns/ValueSet/NoDomainVitalSignsPulseBodySiteValueSet",
    "resource" : {
      "resourceType" : "ValueSet",
      "meta" : {
        "lastUpdated" : "2025-01-28T00:00:00+00:00",
        "profile" : ["http://hl7.org/fhir/StructureDefinition/shareablevalueset"]
      },
      "text" : {
        "status" : "generated",
        "div" : "<div xmlns=\"http://www.w3.org/1999/xhtml\"><p class=\"res-header-id\"/><p style=\"border: black 1px dotted; background-color: #EEEEEE; padding: 8px; margin-bottom: 8px\">Expansion from tx.fhir.org based on SNOMED CT International edition 01-Feb 2025</p><p>This value set contains 12 concepts</p><table class=\"codes\"><tr><td style=\"white-space:nowrap\"><b>Code</b></td><td><b>System</b></td><td><b>Display</b></td></tr><tr><td style=\"white-space:nowrap\"><a name=\"x-http://snomed.info/sct-723962009\"> </a>\u00a0\u00a0<a href=\"http://snomed.info/id/723962009\">723962009</a></td><td>http://snomed.info/sct</td><td>Structure of right brachial artery (body structure)</td></tr><tr><td style=\"white-space:nowrap\"><a name=\"x-http://snomed.info/sct-723961002\"> </a>\u00a0\u00a0<a href=\"http://snomed.info/id/723961002\">723961002</a></td><td>http://snomed.info/sct</td><td>Structure of left brachial artery (body structure)</td></tr><tr><td style=\"white-space:nowrap\"><a name=\"x-http://snomed.info/sct-721033002\"> </a>\u00a0\u00a0<a href=\"http://snomed.info/id/721033002\">721033002</a></td><td>http://snomed.info/sct</td><td>Structure of right carotid artery (body structure)</td></tr><tr><td style=\"white-space:nowrap\"><a name=\"x-http://snomed.info/sct-721028001\"> </a>\u00a0\u00a0<a href=\"http://snomed.info/id/721028001\">721028001</a></td><td>http://snomed.info/sct</td><td>Structure of left carotid artery (body structure)</td></tr><tr><td style=\"white-space:nowrap\"><a name=\"x-http://snomed.info/sct-69833005\"> </a>\u00a0\u00a0<a href=\"http://snomed.info/id/69833005\">69833005</a></td><td>http://snomed.info/sct</td><td>Right femoral artery</td></tr><tr><td style=\"white-space:nowrap\"><a name=\"x-http://snomed.info/sct-113270003\"> </a>\u00a0\u00a0<a href=\"http://snomed.info/id/113270003\">113270003</a></td><td>http://snomed.info/sct</td><td>Left femoral artery</td></tr><tr><td style=\"white-space:nowrap\"><a name=\"x-http://snomed.info/sct-7569003\"> </a>\u00a0\u00a0<a href=\"http://snomed.info/id/7569003\">7569003</a></td><td>http://snomed.info/sct</td><td>Finger</td></tr><tr><td style=\"white-space:nowrap\"><a name=\"x-http://snomed.info/sct-48800003\"> </a>\u00a0\u00a0<a href=\"http://snomed.info/id/48800003\">48800003</a></td><td>http://snomed.info/sct</td><td>Ear lobule</td></tr><tr><td style=\"white-space:nowrap\"><a name=\"x-http://snomed.info/sct-368503001\"> </a>\u00a0\u00a0<a href=\"http://snomed.info/id/368503001\">368503001</a></td><td>http://snomed.info/sct</td><td>Right radial artery</td></tr><tr><td style=\"white-space:nowrap\"><a name=\"x-http://snomed.info/sct-368504007\"> </a>\u00a0\u00a0<a href=\"http://snomed.info/id/368504007\">368504007</a></td><td>http://snomed.info/sct</td><td>Structure of left radial artery</td></tr><tr><td style=\"white-space:nowrap\"><a name=\"x-http://snomed.info/sct-29707007\"> </a>\u00a0\u00a0<a href=\"http://snomed.info/id/29707007\">29707007</a></td><td>http://snomed.info/sct</td><td>Toe</td></tr><tr><td style=\"white-space:nowrap\"><a name=\"x-http://snomed.info/sct-86547008\"> </a>\u00a0\u00a0<a href=\"http://snomed.info/id/86547008\">86547008</a></td><td>http://snomed.info/sct</td><td>Dorsalis pedis artery</td></tr></table></div>"
      },
      "url" : "http://hl7.no/fhir/no-domain/vitalsigns/ValueSet/NoDomainVitalSignsPulseBodySiteValueSet",
      "version" : "0.9.1",
      "name" : "NoDomainVitalSignsPulseBodySiteValueSet",
      "title" : "NoDomainVitalSignsPulseBodySite-ValueSet",
      "status" : "draft",
      "experimental" : false,
      "date" : "2025-09-08T08:52:11+00:00",
      "jurisdiction" : [{
        "coding" : [{
          "system" : "urn:iso:std:iso:3166",
          "code" : "NO",
          "display" : "Norway"
        }]
      }],
      "expansion" : {
        "identifier" : "urn:uuid:b8b46b11-236a-452d-93f2-421643eeda21",
        "timestamp" : "2025-09-08T08:54:07.342Z",
        "total" : 12,
        "offset" : 0,
        "parameter" : [{
          "name" : "limitedExpansion",
          "valueBoolean" : true
        },
        {
          "name" : "excludeNested",
          "valueBoolean" : false
        },
        {
          "name" : "offset",
          "valueInteger" : 0
        },
        {
          "name" : "count",
          "valueInteger" : 1000
        },
        {
          "name" : "used-codesystem",
          "valueUri" : "http://snomed.info/sct|http://snomed.info/sct/900000000000207008/version/20250201"
        },
        {
          "name" : "version",
          "valueUri" : "http://snomed.info/sct|http://snomed.info/sct/900000000000207008/version/20250201"
        }],
        "contains" : [{
          "system" : "http://snomed.info/sct",
          "code" : "723962009",
          "display" : "Structure of right brachial artery (body structure)"
        },
        {
          "system" : "http://snomed.info/sct",
          "code" : "723961002",
          "display" : "Structure of left brachial artery (body structure)"
        },
        {
          "system" : "http://snomed.info/sct",
          "code" : "721033002",
          "display" : "Structure of right carotid artery (body structure)"
        },
        {
          "system" : "http://snomed.info/sct",
          "code" : "721028001",
          "display" : "Structure of left carotid artery (body structure)"
        },
        {
          "system" : "http://snomed.info/sct",
          "code" : "69833005",
          "display" : "Right femoral artery"
        },
        {
          "system" : "http://snomed.info/sct",
          "code" : "113270003",
          "display" : "Left femoral artery"
        },
        {
          "system" : "http://snomed.info/sct",
          "code" : "7569003",
          "display" : "Finger"
        },
        {
          "system" : "http://snomed.info/sct",
          "code" : "48800003",
          "display" : "Ear lobule"
        },
        {
          "system" : "http://snomed.info/sct",
          "code" : "368503001",
          "display" : "Right radial artery"
        },
        {
          "system" : "http://snomed.info/sct",
          "code" : "368504007",
          "display" : "Structure of left radial artery"
        },
        {
          "system" : "http://snomed.info/sct",
          "code" : "29707007",
          "display" : "Toe"
        },
        {
          "system" : "http://snomed.info/sct",
          "code" : "86547008",
          "display" : "Dorsalis pedis artery"
        }]
      }
    }
  },
  {
    "fullUrl" : "http://hl7.no/fhir/no-domain/vitalsigns/ValueSet/NoDomainVitalSignsPulseMeasurementMethodValueSet",
    "resource" : {
      "resourceType" : "ValueSet",
      "meta" : {
        "lastUpdated" : "2025-01-28T00:00:00+00:00",
        "profile" : ["http://hl7.org/fhir/StructureDefinition/shareablevalueset"]
      },
      "text" : {
        "status" : "generated",
        "div" : "<div xmlns=\"http://www.w3.org/1999/xhtml\"><p class=\"res-header-id\"/><p style=\"border: black 1px dotted; background-color: #EEEEEE; padding: 8px; margin-bottom: 8px\">Expansion from tx.fhir.org based on SNOMED CT International edition 01-Feb 2025</p><p>This value set contains 2 concepts</p><table class=\"codes\"><tr><td style=\"white-space:nowrap\"><b>Code</b></td><td><b>System</b></td><td><b>Display</b></td></tr><tr><td style=\"white-space:nowrap\"><a name=\"x-http://snomed.info/sct-37931006\"> </a>\u00a0\u00a0<a href=\"http://snomed.info/id/37931006\">37931006</a></td><td>http://snomed.info/sct</td><td>Auscultation</td></tr><tr><td style=\"white-space:nowrap\"><a name=\"x-http://snomed.info/sct-113011001\"> </a>\u00a0\u00a0<a href=\"http://snomed.info/id/113011001\">113011001</a></td><td>http://snomed.info/sct</td><td>Palpation</td></tr></table></div>"
      },
      "url" : "http://hl7.no/fhir/no-domain/vitalsigns/ValueSet/NoDomainVitalSignsPulseMeasurementMethodValueSet",
      "version" : "0.9.1",
      "name" : "NoDomainVitalSignsPulseMeasurementMethodValueSet",
      "title" : "NoDomainVitalSignsPulseMeasurementMethod-ValueSet",
      "status" : "draft",
      "experimental" : false,
      "date" : "2025-09-08T08:52:11+00:00",
      "jurisdiction" : [{
        "coding" : [{
          "system" : "urn:iso:std:iso:3166",
          "code" : "NO",
          "display" : "Norway"
        }]
      }],
      "expansion" : {
        "identifier" : "urn:uuid:960ab04b-dd88-45be-9a65-fedc80f9f94d",
        "timestamp" : "2025-09-08T08:54:07.702Z",
        "total" : 2,
        "offset" : 0,
        "parameter" : [{
          "name" : "limitedExpansion",
          "valueBoolean" : true
        },
        {
          "name" : "excludeNested",
          "valueBoolean" : false
        },
        {
          "name" : "offset",
          "valueInteger" : 0
        },
        {
          "name" : "count",
          "valueInteger" : 1000
        },
        {
          "name" : "used-codesystem",
          "valueUri" : "http://snomed.info/sct|http://snomed.info/sct/900000000000207008/version/20250201"
        },
        {
          "name" : "version",
          "valueUri" : "http://snomed.info/sct|http://snomed.info/sct/900000000000207008/version/20250201"
        }],
        "contains" : [{
          "system" : "http://snomed.info/sct",
          "code" : "37931006",
          "display" : "Auscultation"
        },
        {
          "system" : "http://snomed.info/sct",
          "code" : "113011001",
          "display" : "Palpation"
        }]
      }
    }
  },
  {
    "fullUrl" : "http://hl7.no/fhir/no-domain/vitalsigns/ValueSet/NoDomainVitalSignsPulseRhythmIrregularityValueSet",
    "resource" : {
      "resourceType" : "ValueSet",
      "meta" : {
        "lastUpdated" : "2025-01-28T00:00:00+00:00",
        "profile" : ["http://hl7.org/fhir/StructureDefinition/shareablevalueset"]
      },
      "text" : {
        "status" : "generated",
        "div" : "<div xmlns=\"http://www.w3.org/1999/xhtml\"><p class=\"res-header-id\"/><p style=\"border: black 1px dotted; background-color: #EEEEEE; padding: 8px; margin-bottom: 8px\">Expansion from tx.fhir.org based on SNOMED CT International edition 01-Feb 2025</p><p>This value set contains 2 concepts</p><table class=\"codes\"><tr><td style=\"white-space:nowrap\"><b>Code</b></td><td><b>System</b></td><td><b>Display</b></td></tr><tr><td style=\"white-space:nowrap\"><a name=\"x-http://snomed.info/sct-271638000\"> </a>\u00a0\u00a0<a href=\"http://snomed.info/id/271638000\">271638000</a></td><td>http://snomed.info/sct</td><td>Pulse regularly irregular</td></tr><tr><td style=\"white-space:nowrap\"><a name=\"x-http://snomed.info/sct-271637005\"> </a>\u00a0\u00a0<a href=\"http://snomed.info/id/271637005\">271637005</a></td><td>http://snomed.info/sct</td><td>Pulse irregularly irregular</td></tr></table></div>"
      },
      "url" : "http://hl7.no/fhir/no-domain/vitalsigns/ValueSet/NoDomainVitalSignsPulseRhythmIrregularityValueSet",
      "version" : "0.9.1",
      "name" : "NoDomainVitalSignsPulseRhythmIrregularityValueSet",
      "title" : "NoDomainVitalSignsPulseRhythmIrregularity-ValueSet",
      "status" : "draft",
      "experimental" : false,
      "date" : "2025-09-08T08:52:11+00:00",
      "jurisdiction" : [{
        "coding" : [{
          "system" : "urn:iso:std:iso:3166",
          "code" : "NO",
          "display" : "Norway"
        }]
      }],
      "expansion" : {
        "identifier" : "urn:uuid:a5d772e2-8dbf-499c-b880-b90a8036ca3d",
        "timestamp" : "2025-09-08T08:54:08.020Z",
        "total" : 2,
        "offset" : 0,
        "parameter" : [{
          "name" : "limitedExpansion",
          "valueBoolean" : true
        },
        {
          "name" : "excludeNested",
          "valueBoolean" : false
        },
        {
          "name" : "offset",
          "valueInteger" : 0
        },
        {
          "name" : "count",
          "valueInteger" : 1000
        },
        {
          "name" : "used-codesystem",
          "valueUri" : "http://snomed.info/sct|http://snomed.info/sct/900000000000207008/version/20250201"
        },
        {
          "name" : "version",
          "valueUri" : "http://snomed.info/sct|http://snomed.info/sct/900000000000207008/version/20250201"
        }],
        "contains" : [{
          "system" : "http://snomed.info/sct",
          "code" : "271638000",
          "display" : "Pulse regularly irregular"
        },
        {
          "system" : "http://snomed.info/sct",
          "code" : "271637005",
          "display" : "Pulse irregularly irregular"
        }]
      }
    }
  },
  {
    "fullUrl" : "http://hl7.no/fhir/no-domain/vitalsigns/ValueSet/NoDomainVitalSignsPulseRhythmValueSet",
    "resource" : {
      "resourceType" : "ValueSet",
      "meta" : {
        "lastUpdated" : "2025-01-28T00:00:00+00:00",
        "profile" : ["http://hl7.org/fhir/StructureDefinition/shareablevalueset"]
      },
      "text" : {
        "status" : "generated",
        "div" : "<div xmlns=\"http://www.w3.org/1999/xhtml\"><p class=\"res-header-id\"/><p style=\"border: black 1px dotted; background-color: #EEEEEE; padding: 8px; margin-bottom: 8px\">Expansion from tx.fhir.org based on SNOMED CT International edition 01-Feb 2025</p><p>This value set contains 2 concepts</p><table class=\"codes\"><tr><td style=\"white-space:nowrap\"><b>Code</b></td><td><b>System</b></td><td><b>Display</b></td></tr><tr><td style=\"white-space:nowrap\"><a name=\"x-http://snomed.info/sct-271636001\"> </a>\u00a0\u00a0<a href=\"http://snomed.info/id/271636001\">271636001</a></td><td>http://snomed.info/sct</td><td>Pulse regular</td></tr><tr><td style=\"white-space:nowrap\"><a name=\"x-http://snomed.info/sct-61086009\"> </a>\u00a0\u00a0<a href=\"http://snomed.info/id/61086009\">61086009</a></td><td>http://snomed.info/sct</td><td>Uregelmessig</td></tr></table></div>"
      },
      "url" : "http://hl7.no/fhir/no-domain/vitalsigns/ValueSet/NoDomainVitalSignsPulseRhythmValueSet",
      "version" : "0.9.1",
      "name" : "NoDomainVitalSignsPulseRhythmValueSet",
      "title" : "NoDomainVitalSignsPulseRhythm-ValueSet",
      "status" : "draft",
      "experimental" : false,
      "date" : "2025-09-08T08:52:11+00:00",
      "jurisdiction" : [{
        "coding" : [{
          "system" : "urn:iso:std:iso:3166",
          "code" : "NO",
          "display" : "Norway"
        }]
      }],
      "expansion" : {
        "identifier" : "urn:uuid:c3a0f221-6e06-4d12-810e-e111e6963249",
        "timestamp" : "2025-09-08T08:54:08.338Z",
        "total" : 2,
        "offset" : 0,
        "parameter" : [{
          "name" : "limitedExpansion",
          "valueBoolean" : true
        },
        {
          "name" : "excludeNested",
          "valueBoolean" : false
        },
        {
          "name" : "offset",
          "valueInteger" : 0
        },
        {
          "name" : "count",
          "valueInteger" : 1000
        },
        {
          "name" : "used-codesystem",
          "valueUri" : "http://snomed.info/sct|http://snomed.info/sct/900000000000207008/version/20250201"
        },
        {
          "name" : "version",
          "valueUri" : "http://snomed.info/sct|http://snomed.info/sct/900000000000207008/version/20250201"
        }],
        "contains" : [{
          "system" : "http://snomed.info/sct",
          "code" : "271636001",
          "display" : "Pulse regular"
        },
        {
          "system" : "http://snomed.info/sct",
          "code" : "61086009",
          "display" : "Uregelmessig"
        }]
      }
    }
  },
  {
    "fullUrl" : "http://hl7.no/fhir/no-domain/vitalsigns/ValueSet/NoDomainVitalSignsRespirationRateBodyPositionValueSet",
    "resource" : {
      "resourceType" : "ValueSet",
      "meta" : {
        "lastUpdated" : "2025-01-28T00:00:00+00:00",
        "profile" : ["http://hl7.org/fhir/StructureDefinition/shareablevalueset"]
      },
      "text" : {
        "status" : "generated",
        "div" : "<div xmlns=\"http://www.w3.org/1999/xhtml\"><p class=\"res-header-id\"/><p style=\"border: black 1px dotted; background-color: #EEEEEE; padding: 8px; margin-bottom: 8px\">Expansion from tx.fhir.org based on SNOMED CT International edition 01-Feb 2025</p><p>This value set contains 5 concepts</p><table class=\"codes\"><tr><td style=\"white-space:nowrap\"><b>Code</b></td><td><b>System</b></td><td><b>Display</b></td></tr><tr><td style=\"white-space:nowrap\"><a name=\"x-http://snomed.info/sct-1240000\"> </a>\u00a0\u00a0<a href=\"http://snomed.info/id/1240000\">1240000</a></td><td>http://snomed.info/sct</td><td>Prone body position</td></tr><tr><td style=\"white-space:nowrap\"><a name=\"x-http://snomed.info/sct-40199007\"> </a>\u00a0\u00a0<a href=\"http://snomed.info/id/40199007\">40199007</a></td><td>http://snomed.info/sct</td><td>Supine body position</td></tr><tr><td style=\"white-space:nowrap\"><a name=\"x-http://snomed.info/sct-33586001\"> </a>\u00a0\u00a0<a href=\"http://snomed.info/id/33586001\">33586001</a></td><td>http://snomed.info/sct</td><td>Sitting position</td></tr><tr><td style=\"white-space:nowrap\"><a name=\"x-http://snomed.info/sct-10904000\"> </a>\u00a0\u00a0<a href=\"http://snomed.info/id/10904000\">10904000</a></td><td>http://snomed.info/sct</td><td>Orthostatic body position</td></tr><tr><td style=\"white-space:nowrap\"><a name=\"x-http://snomed.info/sct-272580008\"> </a>\u00a0\u00a0<a href=\"http://snomed.info/id/272580008\">272580008</a></td><td>http://snomed.info/sct</td><td>Semi-recumbent position</td></tr></table></div>"
      },
      "url" : "http://hl7.no/fhir/no-domain/vitalsigns/ValueSet/NoDomainVitalSignsRespirationRateBodyPositionValueSet",
      "version" : "0.9.1",
      "name" : "NoDomainVitalSignsRespirationRateBodyPositionValueSet",
      "title" : "NoDomainVitalSignsRespirationRateBodyPosition-ValueSet",
      "status" : "draft",
      "experimental" : false,
      "date" : "2025-09-08T08:52:11+00:00",
      "jurisdiction" : [{
        "coding" : [{
          "system" : "urn:iso:std:iso:3166",
          "code" : "NO",
          "display" : "Norway"
        }]
      }],
      "expansion" : {
        "identifier" : "urn:uuid:fcc35053-e7a3-4b89-87f2-4e17f28b2c32",
        "timestamp" : "2025-09-08T08:54:08.658Z",
        "total" : 5,
        "offset" : 0,
        "parameter" : [{
          "name" : "limitedExpansion",
          "valueBoolean" : true
        },
        {
          "name" : "excludeNested",
          "valueBoolean" : false
        },
        {
          "name" : "offset",
          "valueInteger" : 0
        },
        {
          "name" : "count",
          "valueInteger" : 1000
        },
        {
          "name" : "used-codesystem",
          "valueUri" : "http://snomed.info/sct|http://snomed.info/sct/900000000000207008/version/20250201"
        },
        {
          "name" : "version",
          "valueUri" : "http://snomed.info/sct|http://snomed.info/sct/900000000000207008/version/20250201"
        }],
        "contains" : [{
          "system" : "http://snomed.info/sct",
          "code" : "1240000",
          "display" : "Prone body position"
        },
        {
          "system" : "http://snomed.info/sct",
          "code" : "40199007",
          "display" : "Supine body position"
        },
        {
          "system" : "http://snomed.info/sct",
          "code" : "33586001",
          "display" : "Sitting position"
        },
        {
          "system" : "http://snomed.info/sct",
          "code" : "10904000",
          "display" : "Orthostatic body position"
        },
        {
          "system" : "http://snomed.info/sct",
          "code" : "272580008",
          "display" : "Semi-recumbent position"
        }]
      }
    }
  },
  {
    "fullUrl" : "http://hl7.no/fhir/no-domain/vitalsigns/ValueSet/NoDomainVitalSignsRespirationRateDepthValueSet",
    "resource" : {
      "resourceType" : "ValueSet",
      "meta" : {
        "lastUpdated" : "2025-01-28T00:00:00+00:00",
        "profile" : ["http://hl7.org/fhir/StructureDefinition/shareablevalueset"]
      },
      "text" : {
        "status" : "generated",
        "div" : "<div xmlns=\"http://www.w3.org/1999/xhtml\"><p class=\"res-header-id\"/><p style=\"border: black 1px dotted; background-color: #EEEEEE; padding: 8px; margin-bottom: 8px\">Expansion from tx.fhir.org based on SNOMED CT International edition 01-Feb 2025</p><p>This value set contains 4 concepts</p><table class=\"codes\"><tr><td style=\"white-space:nowrap\"><b>Code</b></td><td><b>System</b></td><td><b>Display</b></td></tr><tr><td style=\"white-space:nowrap\"><a name=\"x-http://snomed.info/sct-289123006\"> </a>\u00a0\u00a0<a href=\"http://snomed.info/id/289123006\">289123006</a></td><td>http://snomed.info/sct</td><td>Deep breathing</td></tr><tr><td style=\"white-space:nowrap\"><a name=\"x-http://snomed.info/sct-301284009\"> </a>\u00a0\u00a0<a href=\"http://snomed.info/id/301284009\">301284009</a></td><td>http://snomed.info/sct</td><td>Normal depth of breathing</td></tr><tr><td style=\"white-space:nowrap\"><a name=\"x-http://snomed.info/sct-386616007\"> </a>\u00a0\u00a0<a href=\"http://snomed.info/id/386616007\">386616007</a></td><td>http://snomed.info/sct</td><td>Shallow breathing (finding)</td></tr><tr><td style=\"white-space:nowrap\"><a name=\"x-http://snomed.info/sct-248587009\"> </a>\u00a0\u00a0<a href=\"http://snomed.info/id/248587009\">248587009</a></td><td>http://snomed.info/sct</td><td>Depth of respiration varies</td></tr></table></div>"
      },
      "url" : "http://hl7.no/fhir/no-domain/vitalsigns/ValueSet/NoDomainVitalSignsRespirationRateDepthValueSet",
      "version" : "0.9.1",
      "name" : "NoDomainVitalSignsRespirationRateDepthValueSet",
      "title" : "NoDomainVitalSignsRespirationRateDepth-ValueSet",
      "status" : "draft",
      "experimental" : false,
      "date" : "2025-09-08T08:52:11+00:00",
      "jurisdiction" : [{
        "coding" : [{
          "system" : "urn:iso:std:iso:3166",
          "code" : "NO",
          "display" : "Norway"
        }]
      }],
      "expansion" : {
        "identifier" : "urn:uuid:bae13eb3-3806-4221-abf0-8e2ffc2cceff",
        "timestamp" : "2025-09-08T08:54:08.993Z",
        "total" : 4,
        "offset" : 0,
        "parameter" : [{
          "name" : "limitedExpansion",
          "valueBoolean" : true
        },
        {
          "name" : "excludeNested",
          "valueBoolean" : false
        },
        {
          "name" : "offset",
          "valueInteger" : 0
        },
        {
          "name" : "count",
          "valueInteger" : 1000
        },
        {
          "name" : "used-codesystem",
          "valueUri" : "http://snomed.info/sct|http://snomed.info/sct/900000000000207008/version/20250201"
        },
        {
          "name" : "version",
          "valueUri" : "http://snomed.info/sct|http://snomed.info/sct/900000000000207008/version/20250201"
        }],
        "contains" : [{
          "system" : "http://snomed.info/sct",
          "code" : "289123006",
          "display" : "Deep breathing"
        },
        {
          "system" : "http://snomed.info/sct",
          "code" : "301284009",
          "display" : "Normal depth of breathing"
        },
        {
          "system" : "http://snomed.info/sct",
          "code" : "386616007",
          "display" : "Shallow breathing (finding)"
        },
        {
          "system" : "http://snomed.info/sct",
          "code" : "248587009",
          "display" : "Depth of respiration varies"
        }]
      }
    }
  },
  {
    "fullUrl" : "http://hl7.no/fhir/no-domain/vitalsigns/ValueSet/NoDomainVitalSignsRespirationRegularityValueSet",
    "resource" : {
      "resourceType" : "ValueSet",
      "meta" : {
        "lastUpdated" : "2025-01-28T00:00:00+00:00",
        "profile" : ["http://hl7.org/fhir/StructureDefinition/shareablevalueset"]
      },
      "text" : {
        "status" : "generated",
        "div" : "<div xmlns=\"http://www.w3.org/1999/xhtml\"><p class=\"res-header-id\"/><p style=\"border: black 1px dotted; background-color: #EEEEEE; padding: 8px; margin-bottom: 8px\">Expansion from tx.fhir.org based on SNOMED CT International edition 01-Feb 2025</p><p>This value set contains 2 concepts</p><table class=\"codes\"><tr><td style=\"white-space:nowrap\"><b>Code</b></td><td><b>System</b></td><td><b>Display</b></td></tr><tr><td style=\"white-space:nowrap\"><a name=\"x-http://snomed.info/sct-276888009\"> </a>\u00a0\u00a0<a href=\"http://snomed.info/id/276888009\">276888009</a></td><td>http://snomed.info/sct</td><td>SR - Normal spontaneous respiration</td></tr><tr><td style=\"white-space:nowrap\"><a name=\"x-http://snomed.info/sct-248585001\"> </a>\u00a0\u00a0<a href=\"http://snomed.info/id/248585001\">248585001</a></td><td>http://snomed.info/sct</td><td>Irregular breathing</td></tr></table></div>"
      },
      "url" : "http://hl7.no/fhir/no-domain/vitalsigns/ValueSet/NoDomainVitalSignsRespirationRegularityValueSet",
      "version" : "0.9.1",
      "name" : "NoDomainVitalSignsRespirationRegularityValueSet",
      "title" : "NoDomainVitalSignsRespirationRegularity-ValueSet",
      "status" : "draft",
      "experimental" : false,
      "date" : "2025-09-08T08:52:11+00:00",
      "jurisdiction" : [{
        "coding" : [{
          "system" : "urn:iso:std:iso:3166",
          "code" : "NO",
          "display" : "Norway"
        }]
      }],
      "expansion" : {
        "identifier" : "urn:uuid:ffefcd03-65b6-4ba1-ab31-7b1e320ecd2d",
        "timestamp" : "2025-09-08T08:54:09.326Z",
        "total" : 2,
        "offset" : 0,
        "parameter" : [{
          "name" : "limitedExpansion",
          "valueBoolean" : true
        },
        {
          "name" : "excludeNested",
          "valueBoolean" : false
        },
        {
          "name" : "offset",
          "valueInteger" : 0
        },
        {
          "name" : "count",
          "valueInteger" : 1000
        },
        {
          "name" : "used-codesystem",
          "valueUri" : "http://snomed.info/sct|http://snomed.info/sct/900000000000207008/version/20250201"
        },
        {
          "name" : "version",
          "valueUri" : "http://snomed.info/sct|http://snomed.info/sct/900000000000207008/version/20250201"
        }],
        "contains" : [{
          "system" : "http://snomed.info/sct",
          "code" : "276888009",
          "display" : "SR - Normal spontaneous respiration"
        },
        {
          "system" : "http://snomed.info/sct",
          "code" : "248585001",
          "display" : "Irregular breathing"
        }]
      }
    }
  },
  {
    "fullUrl" : "http://hl7.no/fhir/no-domain/vitalsigns/ValueSet/NoDomainVitalSignsSleepStatusValueSet",
    "resource" : {
      "resourceType" : "ValueSet",
      "meta" : {
        "lastUpdated" : "2025-01-28T00:00:00+00:00",
        "profile" : ["http://hl7.org/fhir/StructureDefinition/shareablevalueset"]
      },
      "text" : {
        "status" : "generated",
        "div" : "<div xmlns=\"http://www.w3.org/1999/xhtml\"><p class=\"res-header-id\"/><p style=\"border: black 1px dotted; background-color: #EEEEEE; padding: 8px; margin-bottom: 8px\">Expansion from tx.fhir.org based on SNOMED CT International edition 01-Feb 2025</p><p>This value set contains 2 concepts</p><table class=\"codes\"><tr><td style=\"white-space:nowrap\"><b>Code</b></td><td><b>System</b></td><td><b>Display</b></td></tr><tr><td style=\"white-space:nowrap\"><a name=\"x-http://snomed.info/sct-248220008\"> </a>\u00a0\u00a0<a href=\"http://snomed.info/id/248220008\">248220008</a></td><td>http://snomed.info/sct</td><td>Asleep</td></tr><tr><td style=\"white-space:nowrap\"><a name=\"x-http://snomed.info/sct-248218005\"> </a>\u00a0\u00a0<a href=\"http://snomed.info/id/248218005\">248218005</a></td><td>http://snomed.info/sct</td><td>Awake</td></tr></table></div>"
      },
      "url" : "http://hl7.no/fhir/no-domain/vitalsigns/ValueSet/NoDomainVitalSignsSleepStatusValueSet",
      "version" : "0.9.1",
      "name" : "NoDomainVitalSignsSleepStatusValueSet",
      "title" : "NoDomainVitalSignsSleepStatus-ValueSet",
      "status" : "draft",
      "experimental" : false,
      "date" : "2025-09-08T08:52:11+00:00",
      "jurisdiction" : [{
        "coding" : [{
          "system" : "urn:iso:std:iso:3166",
          "code" : "NO",
          "display" : "Norway"
        }]
      }],
      "expansion" : {
        "identifier" : "urn:uuid:ca6bfaa7-5fdd-4978-866e-c471bf9790c9",
        "timestamp" : "2025-09-08T08:54:09.647Z",
        "total" : 2,
        "offset" : 0,
        "parameter" : [{
          "name" : "limitedExpansion",
          "valueBoolean" : true
        },
        {
          "name" : "excludeNested",
          "valueBoolean" : false
        },
        {
          "name" : "offset",
          "valueInteger" : 0
        },
        {
          "name" : "count",
          "valueInteger" : 1000
        },
        {
          "name" : "used-codesystem",
          "valueUri" : "http://snomed.info/sct|http://snomed.info/sct/900000000000207008/version/20250201"
        },
        {
          "name" : "version",
          "valueUri" : "http://snomed.info/sct|http://snomed.info/sct/900000000000207008/version/20250201"
        }],
        "contains" : [{
          "system" : "http://snomed.info/sct",
          "code" : "248220008",
          "display" : "Asleep"
        },
        {
          "system" : "http://snomed.info/sct",
          "code" : "248218005",
          "display" : "Awake"
        }]
      }
    }
  },
  {
    "fullUrl" : "http://hl7.no/fhir/no-domain/vitalsigns/ValueSet/NoDomainVitalSignsSpontaneousBreathingValueSet",
    "resource" : {
      "resourceType" : "ValueSet",
      "meta" : {
        "lastUpdated" : "2025-01-28T00:00:00+00:00",
        "profile" : ["http://hl7.org/fhir/StructureDefinition/shareablevalueset"]
      },
      "text" : {
        "status" : "generated",
        "div" : "<div xmlns=\"http://www.w3.org/1999/xhtml\"><p class=\"res-header-id\"/><p style=\"border: black 1px dotted; background-color: #EEEEEE; padding: 8px; margin-bottom: 8px\">Expansion from tx.fhir.org based on SNOMED CT International edition 01-Feb 2025</p><p>This value set contains 1 concepts</p><table class=\"codes\"><tr><td style=\"white-space:nowrap\"><b>Code</b></td><td><b>System</b></td><td><b>Display</b></td></tr><tr><td style=\"white-space:nowrap\"><a name=\"x-http://snomed.info/sct-241700002\"> </a>\u00a0\u00a0<a href=\"http://snomed.info/id/241700002\">241700002</a></td><td>http://snomed.info/sct</td><td>Spontaneous ventilation</td></tr></table></div>"
      },
      "url" : "http://hl7.no/fhir/no-domain/vitalsigns/ValueSet/NoDomainVitalSignsSpontaneousBreathingValueSet",
      "version" : "0.9.1",
      "name" : "NoDomainVitalSignsSpontaneousBreathingValueSet",
      "title" : "NoDomainVitalSignsSpontaneousBreathing-ValueSet",
      "status" : "draft",
      "experimental" : false,
      "date" : "2025-09-08T08:52:11+00:00",
      "jurisdiction" : [{
        "coding" : [{
          "system" : "urn:iso:std:iso:3166",
          "code" : "NO",
          "display" : "Norway"
        }]
      }],
      "expansion" : {
        "identifier" : "urn:uuid:fe9e3bb4-ec0e-48cc-860e-7876cfd216cd",
        "timestamp" : "2025-09-08T08:54:09.973Z",
        "total" : 1,
        "offset" : 0,
        "parameter" : [{
          "name" : "limitedExpansion",
          "valueBoolean" : true
        },
        {
          "name" : "excludeNested",
          "valueBoolean" : false
        },
        {
          "name" : "offset",
          "valueInteger" : 0
        },
        {
          "name" : "count",
          "valueInteger" : 1000
        },
        {
          "name" : "used-codesystem",
          "valueUri" : "http://snomed.info/sct|http://snomed.info/sct/900000000000207008/version/20250201"
        },
        {
          "name" : "version",
          "valueUri" : "http://snomed.info/sct|http://snomed.info/sct/900000000000207008/version/20250201"
        }],
        "contains" : [{
          "system" : "http://snomed.info/sct",
          "code" : "241700002",
          "display" : "Spontaneous ventilation"
        }]
      }
    }
  }]
}