{"resourceType":"ImplementationGuide","id":"hl7.fhir.no.domain.vitalsigns","text":{"status":"generated","div":"<div xmlns=\"http://www.w3.org/1999/xhtml\"><p class=\"res-header-id\"><b>Generated Narrative: ImplementationGuide hl7.fhir.no.domain.vitalsigns</b></p><a name=\"hl7.fhir.no.domain.vitalsigns\"> </a><a name=\"hchl7.fhir.no.domain.vitalsigns\"> </a><a name=\"hl7.fhir.no.domain.vitalsigns-no-NO\"> </a><h2>NoDomainVitalSigns</h2><p>The official URL for this implementation guide is: </p><pre>http://hl7.no/fhir/no-domain/vitalsigns/ImplementationGuide/hl7.fhir.no.domain.vitalsigns</pre></div>"},"url":"http://hl7.no/fhir/no-domain/vitalsigns/ImplementationGuide/hl7.fhir.no.domain.vitalsigns","version":"0.9.1","name":"NoDomainVitalSigns","status":"draft","date":"2025-06-14T07:54:50+00:00","publisher":"HL7 Norway","contact":[{"name":"HL7 Norway","telecom":[{"system":"url","value":"http://www.hl7.no"}]}],"jurisdiction":[{"coding":[{"system":"urn:iso:std:iso:3166","code":"NO","display":"Norway"}]}],"packageId":"hl7.fhir.no.domain.vitalsigns","license":"CC0-1.0","fhirVersion":["4.0.1"],"dependsOn":[{"id":"hl7tx","extension":[{"url":"http://hl7.org/fhir/tools/StructureDefinition/implementationguide-dependency-comment","valueMarkdown":"Automatically added as a dependency - all IGs depend on HL7 Terminology"}],"uri":"http://terminology.hl7.org/ImplementationGuide/hl7.terminology","packageId":"hl7.terminology.r4","version":"6.4.0"},{"id":"hl7ext","extension":[{"url":"http://hl7.org/fhir/tools/StructureDefinition/implementationguide-dependency-comment","valueMarkdown":"Automatically added as a dependency - all IGs depend on the HL7 Extension Pack"}],"uri":"http://hl7.org/fhir/extensions/ImplementationGuide/hl7.fhir.uv.extensions","packageId":"hl7.fhir.uv.extensions.r4","version":"5.2.0"},{"id":"hl7_fhir_no_basis","uri":"http://fhir.org/packages/hl7.fhir.no.basis/ImplementationGuide/hl7.fhir.no.basis","packageId":"hl7.fhir.no.basis","version":"2.2.0"}],"definition":{"extension":[{"extension":[{"url":"code","valueString":"copyrightyear"},{"url":"value","valueString":"2024+"}],"url":"http://hl7.org/fhir/tools/StructureDefinition/ig-parameter"},{"extension":[{"url":"code","valueString":"releaselabel"},{"url":"value","valueString":"ballotNormative-2"}],"url":"http://hl7.org/fhir/tools/StructureDefinition/ig-parameter"},{"extension":[{"url":"code","valueString":"autoload-resources"},{"url":"value","valueString":"true"}],"url":"http://hl7.org/fhir/tools/StructureDefinition/ig-parameter"},{"extension":[{"url":"code","valueString":"path-liquid"},{"url":"value","valueString":"template/liquid"}],"url":"http://hl7.org/fhir/tools/StructureDefinition/ig-parameter"},{"extension":[{"url":"code","valueString":"path-liquid"},{"url":"value","valueString":"input/liquid"}],"url":"http://hl7.org/fhir/tools/StructureDefinition/ig-parameter"},{"extension":[{"url":"code","valueString":"path-qa"},{"url":"value","valueString":"temp/qa"}],"url":"http://hl7.org/fhir/tools/StructureDefinition/ig-parameter"},{"extension":[{"url":"code","valueString":"path-temp"},{"url":"value","valueString":"temp/pages"}],"url":"http://hl7.org/fhir/tools/StructureDefinition/ig-parameter"},{"extension":[{"url":"code","valueString":"path-output"},{"url":"value","valueString":"output"}],"url":"http://hl7.org/fhir/tools/StructureDefinition/ig-parameter"},{"extension":[{"url":"code","valueString":"path-suppressed-warnings"},{"url":"value","valueString":"input/ignoreWarnings.txt"}],"url":"http://hl7.org/fhir/tools/StructureDefinition/ig-parameter"},{"extension":[{"url":"code","valueString":"path-history"},{"url":"value","valueString":"http://hl7.no/fhir/no-domain/vitalsigns/history.html"}],"url":"http://hl7.org/fhir/tools/StructureDefinition/ig-parameter"},{"extension":[{"url":"code","valueString":"template-html"},{"url":"value","valueString":"template-page.html"}],"url":"http://hl7.org/fhir/tools/StructureDefinition/ig-parameter"},{"extension":[{"url":"code","valueString":"template-md"},{"url":"value","valueString":"template-page-md.html"}],"url":"http://hl7.org/fhir/tools/StructureDefinition/ig-parameter"},{"extension":[{"url":"code","valueString":"apply-contact"},{"url":"value","valueString":"true"}],"url":"http://hl7.org/fhir/tools/StructureDefinition/ig-parameter"},{"extension":[{"url":"code","valueString":"apply-context"},{"url":"value","valueString":"true"}],"url":"http://hl7.org/fhir/tools/StructureDefinition/ig-parameter"},{"extension":[{"url":"code","valueString":"apply-copyright"},{"url":"value","valueString":"true"}],"url":"http://hl7.org/fhir/tools/StructureDefinition/ig-parameter"},{"extension":[{"url":"code","valueString":"apply-jurisdiction"},{"url":"value","valueString":"true"}],"url":"http://hl7.org/fhir/tools/StructureDefinition/ig-parameter"},{"extension":[{"url":"code","valueString":"apply-license"},{"url":"value","valueString":"true"}],"url":"http://hl7.org/fhir/tools/StructureDefinition/ig-parameter"},{"extension":[{"url":"code","valueString":"apply-publisher"},{"url":"value","valueString":"true"}],"url":"http://hl7.org/fhir/tools/StructureDefinition/ig-parameter"},{"extension":[{"url":"code","valueString":"apply-version"},{"url":"value","valueString":"true"}],"url":"http://hl7.org/fhir/tools/StructureDefinition/ig-parameter"},{"extension":[{"url":"code","valueString":"apply-wg"},{"url":"value","valueString":"true"}],"url":"http://hl7.org/fhir/tools/StructureDefinition/ig-parameter"},{"extension":[{"url":"code","valueString":"active-tables"},{"url":"value","valueString":"true"}],"url":"http://hl7.org/fhir/tools/StructureDefinition/ig-parameter"},{"extension":[{"url":"code","valueString":"fmm-definition"},{"url":"value","valueString":"http://hl7.org/fhir/versions.html#maturity"}],"url":"http://hl7.org/fhir/tools/StructureDefinition/ig-parameter"},{"extension":[{"url":"code","valueString":"propagate-status"},{"url":"value","valueString":"true"}],"url":"http://hl7.org/fhir/tools/StructureDefinition/ig-parameter"},{"extension":[{"url":"code","valueString":"excludelogbinaryformat"},{"url":"value","valueString":"true"}],"url":"http://hl7.org/fhir/tools/StructureDefinition/ig-parameter"},{"extension":[{"url":"code","valueString":"tabbed-snapshots"},{"url":"value","valueString":"true"}],"url":"http://hl7.org/fhir/tools/StructureDefinition/ig-parameter"},{"url":"http://hl7.org/fhir/tools/StructureDefinition/ig-internal-dependency","valueCode":"hl7.fhir.uv.tools.r4#0.5.0"},{"extension":[{"url":"code","valueCode":"copyrightyear"},{"url":"value","valueString":"2024+"}],"url":"http://hl7.org/fhir/tools/StructureDefinition/ig-parameter"},{"extension":[{"url":"code","valueCode":"releaselabel"},{"url":"value","valueString":"ballotNormative-2"}],"url":"http://hl7.org/fhir/tools/StructureDefinition/ig-parameter"},{"extension":[{"url":"code","valueCode":"autoload-resources"},{"url":"value","valueString":"true"}],"url":"http://hl7.org/fhir/tools/StructureDefinition/ig-parameter"},{"extension":[{"url":"code","valueCode":"path-liquid"},{"url":"value","valueString":"template/liquid"}],"url":"http://hl7.org/fhir/tools/StructureDefinition/ig-parameter"},{"extension":[{"url":"code","valueCode":"path-liquid"},{"url":"value","valueString":"input/liquid"}],"url":"http://hl7.org/fhir/tools/StructureDefinition/ig-parameter"},{"extension":[{"url":"code","valueCode":"path-qa"},{"url":"value","valueString":"temp/qa"}],"url":"http://hl7.org/fhir/tools/StructureDefinition/ig-parameter"},{"extension":[{"url":"code","valueCode":"path-temp"},{"url":"value","valueString":"temp/pages"}],"url":"http://hl7.org/fhir/tools/StructureDefinition/ig-parameter"},{"extension":[{"url":"code","valueCode":"path-output"},{"url":"value","valueString":"output"}],"url":"http://hl7.org/fhir/tools/StructureDefinition/ig-parameter"},{"extension":[{"url":"code","valueCode":"path-suppressed-warnings"},{"url":"value","valueString":"input/ignoreWarnings.txt"}],"url":"http://hl7.org/fhir/tools/StructureDefinition/ig-parameter"},{"extension":[{"url":"code","valueCode":"path-history"},{"url":"value","valueString":"http://hl7.no/fhir/no-domain/vitalsigns/history.html"}],"url":"http://hl7.org/fhir/tools/StructureDefinition/ig-parameter"},{"extension":[{"url":"code","valueCode":"template-html"},{"url":"value","valueString":"template-page.html"}],"url":"http://hl7.org/fhir/tools/StructureDefinition/ig-parameter"},{"extension":[{"url":"code","valueCode":"template-md"},{"url":"value","valueString":"template-page-md.html"}],"url":"http://hl7.org/fhir/tools/StructureDefinition/ig-parameter"},{"extension":[{"url":"code","valueCode":"apply-contact"},{"url":"value","valueString":"true"}],"url":"http://hl7.org/fhir/tools/StructureDefinition/ig-parameter"},{"extension":[{"url":"code","valueCode":"apply-context"},{"url":"value","valueString":"true"}],"url":"http://hl7.org/fhir/tools/StructureDefinition/ig-parameter"},{"extension":[{"url":"code","valueCode":"apply-copyright"},{"url":"value","valueString":"true"}],"url":"http://hl7.org/fhir/tools/StructureDefinition/ig-parameter"},{"extension":[{"url":"code","valueCode":"apply-jurisdiction"},{"url":"value","valueString":"true"}],"url":"http://hl7.org/fhir/tools/StructureDefinition/ig-parameter"},{"extension":[{"url":"code","valueCode":"apply-license"},{"url":"value","valueString":"true"}],"url":"http://hl7.org/fhir/tools/StructureDefinition/ig-parameter"},{"extension":[{"url":"code","valueCode":"apply-publisher"},{"url":"value","valueString":"true"}],"url":"http://hl7.org/fhir/tools/StructureDefinition/ig-parameter"},{"extension":[{"url":"code","valueCode":"apply-version"},{"url":"value","valueString":"true"}],"url":"http://hl7.org/fhir/tools/StructureDefinition/ig-parameter"},{"extension":[{"url":"code","valueCode":"apply-wg"},{"url":"value","valueString":"true"}],"url":"http://hl7.org/fhir/tools/StructureDefinition/ig-parameter"},{"extension":[{"url":"code","valueCode":"active-tables"},{"url":"value","valueString":"true"}],"url":"http://hl7.org/fhir/tools/StructureDefinition/ig-parameter"},{"extension":[{"url":"code","valueCode":"fmm-definition"},{"url":"value","valueString":"http://hl7.org/fhir/versions.html#maturity"}],"url":"http://hl7.org/fhir/tools/StructureDefinition/ig-parameter"},{"extension":[{"url":"code","valueCode":"propagate-status"},{"url":"value","valueString":"true"}],"url":"http://hl7.org/fhir/tools/StructureDefinition/ig-parameter"},{"extension":[{"url":"code","valueCode":"excludelogbinaryformat"},{"url":"value","valueString":"true"}],"url":"http://hl7.org/fhir/tools/StructureDefinition/ig-parameter"},{"extension":[{"url":"code","valueCode":"tabbed-snapshots"},{"url":"value","valueString":"true"}],"url":"http://hl7.org/fhir/tools/StructureDefinition/ig-parameter"},{"extension":[{"url":"code","valueCode":"copyrightyear"},{"url":"value","valueString":"2024+"}],"url":"http://hl7.org/fhir/tools/StructureDefinition/ig-parameter"},{"extension":[{"url":"code","valueCode":"releaselabel"},{"url":"value","valueString":"ballotNormative-2"}],"url":"http://hl7.org/fhir/tools/StructureDefinition/ig-parameter"},{"extension":[{"url":"code","valueCode":"autoload-resources"},{"url":"value","valueString":"true"}],"url":"http://hl7.org/fhir/tools/StructureDefinition/ig-parameter"},{"extension":[{"url":"code","valueCode":"path-liquid"},{"url":"value","valueString":"template/liquid"}],"url":"http://hl7.org/fhir/tools/StructureDefinition/ig-parameter"},{"extension":[{"url":"code","valueCode":"path-liquid"},{"url":"value","valueString":"input/liquid"}],"url":"http://hl7.org/fhir/tools/StructureDefinition/ig-parameter"},{"extension":[{"url":"code","valueCode":"path-qa"},{"url":"value","valueString":"temp/qa"}],"url":"http://hl7.org/fhir/tools/StructureDefinition/ig-parameter"},{"extension":[{"url":"code","valueCode":"path-temp"},{"url":"value","valueString":"temp/pages"}],"url":"http://hl7.org/fhir/tools/StructureDefinition/ig-parameter"},{"extension":[{"url":"code","valueCode":"path-output"},{"url":"value","valueString":"output"}],"url":"http://hl7.org/fhir/tools/StructureDefinition/ig-parameter"},{"extension":[{"url":"code","valueCode":"path-suppressed-warnings"},{"url":"value","valueString":"input/ignoreWarnings.txt"}],"url":"http://hl7.org/fhir/tools/StructureDefinition/ig-parameter"},{"extension":[{"url":"code","valueCode":"path-history"},{"url":"value","valueString":"http://hl7.no/fhir/no-domain/vitalsigns/history.html"}],"url":"http://hl7.org/fhir/tools/StructureDefinition/ig-parameter"},{"extension":[{"url":"code","valueCode":"template-html"},{"url":"value","valueString":"template-page.html"}],"url":"http://hl7.org/fhir/tools/StructureDefinition/ig-parameter"},{"extension":[{"url":"code","valueCode":"template-md"},{"url":"value","valueString":"template-page-md.html"}],"url":"http://hl7.org/fhir/tools/StructureDefinition/ig-parameter"},{"extension":[{"url":"code","valueCode":"apply-contact"},{"url":"value","valueString":"true"}],"url":"http://hl7.org/fhir/tools/StructureDefinition/ig-parameter"},{"extension":[{"url":"code","valueCode":"apply-context"},{"url":"value","valueString":"true"}],"url":"http://hl7.org/fhir/tools/StructureDefinition/ig-parameter"},{"extension":[{"url":"code","valueCode":"apply-copyright"},{"url":"value","valueString":"true"}],"url":"http://hl7.org/fhir/tools/StructureDefinition/ig-parameter"},{"extension":[{"url":"code","valueCode":"apply-jurisdiction"},{"url":"value","valueString":"true"}],"url":"http://hl7.org/fhir/tools/StructureDefinition/ig-parameter"},{"extension":[{"url":"code","valueCode":"apply-license"},{"url":"value","valueString":"true"}],"url":"http://hl7.org/fhir/tools/StructureDefinition/ig-parameter"},{"extension":[{"url":"code","valueCode":"apply-publisher"},{"url":"value","valueString":"true"}],"url":"http://hl7.org/fhir/tools/StructureDefinition/ig-parameter"},{"extension":[{"url":"code","valueCode":"apply-version"},{"url":"value","valueString":"true"}],"url":"http://hl7.org/fhir/tools/StructureDefinition/ig-parameter"},{"extension":[{"url":"code","valueCode":"apply-wg"},{"url":"value","valueString":"true"}],"url":"http://hl7.org/fhir/tools/StructureDefinition/ig-parameter"},{"extension":[{"url":"code","valueCode":"active-tables"},{"url":"value","valueString":"true"}],"url":"http://hl7.org/fhir/tools/StructureDefinition/ig-parameter"},{"extension":[{"url":"code","valueCode":"fmm-definition"},{"url":"value","valueString":"http://hl7.org/fhir/versions.html#maturity"}],"url":"http://hl7.org/fhir/tools/StructureDefinition/ig-parameter"},{"extension":[{"url":"code","valueCode":"propagate-status"},{"url":"value","valueString":"true"}],"url":"http://hl7.org/fhir/tools/StructureDefinition/ig-parameter"},{"extension":[{"url":"code","valueCode":"excludelogbinaryformat"},{"url":"value","valueString":"true"}],"url":"http://hl7.org/fhir/tools/StructureDefinition/ig-parameter"},{"extension":[{"url":"code","valueCode":"tabbed-snapshots"},{"url":"value","valueString":"true"}],"url":"http://hl7.org/fhir/tools/StructureDefinition/ig-parameter"}],"grouping":[{"id":"-str-profile","name":"Structures: Resource Profiles","description":"These define constraints on FHIR resources for systems conforming to this implementation guide."},{"id":"-str-extension","name":"Structures: Extension Definitions","description":"These define constraints on FHIR data types for systems conforming to this implementation guide."},{"id":"-term-valueset","name":"Terminology: Value Sets","description":"These define sets of codes used by systems conforming to this implementation guide."},{"id":"-ex-example","name":"Example: Example Instances","description":"These are example instances that show what data produced and consumed by systems conforming with this implementation guide might look like."}],"resource":[{"extension":[{"url":"http://hl7.org/fhir/tools/StructureDefinition/resource-sort","valueInteger":999999999},{"url":"http://hl7.org/fhir/StructureDefinition/implementationguide-page","valueUri":"StructureDefinition-no-domain-VitalSigns-Observation-bloodpressure.html"}],"reference":{"reference":"StructureDefinition/no-domain-VitalSigns-Observation-bloodpressure"},"name":"no-domain-VitalSigns-Observation-bloodpressure Profile","description":"Domain profile for Norwegian Vital Signs Observation of Blood Pressure. To be used for recording an individual's systemic arterial blood pressure.\nIt represents the local measurement of arterial blood pressure, serving as a surrogate for arterial pressure in the systemic circulation.","exampleBoolean":false,"groupingId":"-str-profile"},{"extension":[{"url":"http://hl7.org/fhir/tools/StructureDefinition/resource-sort","valueInteger":999999999},{"url":"http://hl7.org/fhir/StructureDefinition/implementationguide-page","valueUri":"StructureDefinition-no-domain-VitalSigns-Observation-bodyheight.html"}],"reference":{"reference":"StructureDefinition/no-domain-VitalSigns-Observation-bodyheight"},"name":"no-domain-VitalSigns-Observation-bodyheight Profile","description":"Domain profile for Norwegian Vital Signs Observation Body Height information.  \nTo be used for recording the measured height or body length of an individual at any point in time. It represents the individual's height or length measured from the crown of the head to the sole of the foot.","exampleBoolean":false,"groupingId":"-str-profile"},{"extension":[{"url":"http://hl7.org/fhir/tools/StructureDefinition/resource-sort","valueInteger":999999999},{"url":"http://hl7.org/fhir/StructureDefinition/implementationguide-page","valueUri":"StructureDefinition-no-domain-VitalSigns-Observation-bodytemp.html"}],"reference":{"reference":"StructureDefinition/no-domain-VitalSigns-Observation-bodytemp"},"name":"no-domain-VitalSigns-Observation-bodytemp Profile","description":"Domain profile for Norwegian Vital Signs Observation Body Temperature information. To be used for recording the measurement of an individual's body temperature. which is a surrogate for the core body temperature of the individual.","exampleBoolean":false,"groupingId":"-str-profile"},{"extension":[{"url":"http://hl7.org/fhir/tools/StructureDefinition/resource-sort","valueInteger":999999999},{"url":"http://hl7.org/fhir/StructureDefinition/implementationguide-page","valueUri":"StructureDefinition-no-domain-VitalSigns-Observation-bodyweight.html"}],"reference":{"reference":"StructureDefinition/no-domain-VitalSigns-Observation-bodyweight"},"name":"no-domain-VitalSigns-Observation-bodyweight Profile","description":"Domain profile for Norwegian Vital Signs Observation Body Weight information. To be used for recording the actual measurement of body weight, including when the individual is missing a body part due to a congenital cause or after surgical removal.","exampleBoolean":false,"groupingId":"-str-profile"},{"extension":[{"url":"http://hl7.org/fhir/tools/StructureDefinition/resource-sort","valueInteger":999999999},{"url":"http://hl7.org/fhir/StructureDefinition/implementationguide-page","valueUri":"StructureDefinition-no-domain-VitalSigns-Observation-heartrate.html"}],"reference":{"reference":"StructureDefinition/no-domain-VitalSigns-Observation-heartrate"},"name":"no-domain-VitalSigns-Observation-heartrate Profile","description":"Domain profile for Norwegian Vital Signs Observation Heart Rate information.  \nTo be used for recording the rate and associated attributes for a heart beat. This profile describes how to use a SNOMED code to indicate that the measurement is a general heart rate measurement, and not a more specific measurement of the actual heart beat or pulse reading.","exampleBoolean":false,"groupingId":"-str-profile"},{"extension":[{"url":"http://hl7.org/fhir/tools/StructureDefinition/resource-sort","valueInteger":999999999},{"url":"http://hl7.org/fhir/StructureDefinition/implementationguide-page","valueUri":"StructureDefinition-no-domain-VitalSigns-Observation-oxygensaturation.html"}],"reference":{"reference":"StructureDefinition/no-domain-VitalSigns-Observation-oxygensaturation"},"name":"no-domain-VitalSigns-Observation-oxygensaturation Profile","description":"Domain profile for Norwegian Vital Signs Observation Oxygen Saturation information.  \nTo be used for recording blood oxygen and related measurements, measured by pulse oximetry or pulse CO-oximetry.","exampleBoolean":false,"groupingId":"-str-profile"},{"extension":[{"url":"http://hl7.org/fhir/tools/StructureDefinition/resource-sort","valueInteger":999999999},{"url":"http://hl7.org/fhir/StructureDefinition/implementationguide-page","valueUri":"StructureDefinition-no-domain-VitalSigns-Observation-pulse.html"}],"reference":{"reference":"StructureDefinition/no-domain-VitalSigns-Observation-pulse"},"name":"no-domain-VitalSigns-Observation-pulse Profile","description":"Domain profile for Norwegian Vital Signs Observation Pulse information. To be used for recording the number of times your arteries create a noticeable pulse due to increase in blood pressure. This profile describes how to use a SNOMED code to indicate that the measurement is actually a pulse measurement at systemic artery, and not a general heart rate measurement that can be measured both as pulse and the actual heart beat.","exampleBoolean":false,"groupingId":"-str-profile"},{"extension":[{"url":"http://hl7.org/fhir/tools/StructureDefinition/resource-sort","valueInteger":999999999},{"url":"http://hl7.org/fhir/StructureDefinition/implementationguide-page","valueUri":"StructureDefinition-no-domain-VitalSigns-Observation-respirationrate.html"}],"reference":{"reference":"StructureDefinition/no-domain-VitalSigns-Observation-respirationrate"},"name":"no-domain-VitalSigns-Observation-respirationrate Profile","description":"Domain profile for Norwegian Vital Signs Observation Respiration Rate information.  \nTo be used for recording the observed and measured characteristics of spontaneous breathing by an individual, including respiratory rate, depth and rhythm.","exampleBoolean":false,"groupingId":"-str-profile"},{"extension":[{"url":"http://hl7.org/fhir/tools/StructureDefinition/resource-sort","valueInteger":999999999},{"url":"http://hl7.org/fhir/StructureDefinition/implementationguide-page","valueUri":"StructureDefinition-NoDomainVitalSignsActiveHeatingExtension.html"}],"reference":{"reference":"StructureDefinition/NoDomainVitalSignsActiveHeatingExtension"},"name":"NoDomainVitalSignsActiveHeating-Extension","description":"description of the conditions applied","exampleBoolean":false,"groupingId":"-str-extension"},{"extension":[{"url":"http://hl7.org/fhir/tools/StructureDefinition/resource-sort","valueInteger":999999999},{"url":"http://hl7.org/fhir/StructureDefinition/implementationguide-page","valueUri":"StructureDefinition-NoDomainVitalSignsBloodpressureBodyPositionExtension.html"}],"reference":{"reference":"StructureDefinition/NoDomainVitalSignsBloodpressureBodyPositionExtension"},"name":"NoDomainVitalSignsBloodpressureBodyPosition-Extension","description":"The position of the individual at the time of measurement.","exampleBoolean":false,"groupingId":"-str-extension"},{"extension":[{"url":"http://hl7.org/fhir/tools/StructureDefinition/resource-sort","valueInteger":999999999},{"url":"http://hl7.org/fhir/StructureDefinition/implementationguide-page","valueUri":"StructureDefinition-NoDomainVitalSignsBloodpressureDiastolicFormulaExtension.html"}],"reference":{"reference":"StructureDefinition/NoDomainVitalSignsBloodpressureDiastolicFormulaExtension"},"name":"NoDomainVitalSignsBloodpressureDiastolicFormula-Extension","description":"Formula used to calculate the pressure.","exampleBoolean":false,"groupingId":"-str-extension"},{"extension":[{"url":"http://hl7.org/fhir/tools/StructureDefinition/resource-sort","valueInteger":999999999},{"url":"http://hl7.org/fhir/StructureDefinition/implementationguide-page","valueUri":"StructureDefinition-NoDomainVitalSignsBloodpressureMeanArterialFormulaExtension.html"}],"reference":{"reference":"StructureDefinition/NoDomainVitalSignsBloodpressureMeanArterialFormulaExtension"},"name":"NoDomainVitalSignsBloodpressureMeanArterialFormula-Extension","description":"Formula used to calculate the pressure.","exampleBoolean":false,"groupingId":"-str-extension"},{"extension":[{"url":"http://hl7.org/fhir/tools/StructureDefinition/resource-sort","valueInteger":999999999},{"url":"http://hl7.org/fhir/StructureDefinition/implementationguide-page","valueUri":"StructureDefinition-NoDomainVitalSignsBloodpressureSystolicFormulaExtension.html"}],"reference":{"reference":"StructureDefinition/NoDomainVitalSignsBloodpressureSystolicFormulaExtension"},"name":"NoDomainVitalSignsBloodpressureSystolicFormula-Extension","description":"Formula used to calculate the pressure.","exampleBoolean":false,"groupingId":"-str-extension"},{"extension":[{"url":"http://hl7.org/fhir/tools/StructureDefinition/resource-sort","valueInteger":999999999},{"url":"http://hl7.org/fhir/StructureDefinition/implementationguide-page","valueUri":"StructureDefinition-NoDomainVitalSignsBodyExposureExtension.html"}],"reference":{"reference":"StructureDefinition/NoDomainVitalSignsBodyExposureExtension"},"name":"NoDomainVitalSignsBodyExposure-Extension","description":"The degree of exposure of the individual at the time of measurement.","exampleBoolean":false,"groupingId":"-str-extension"},{"extension":[{"url":"http://hl7.org/fhir/tools/StructureDefinition/resource-sort","valueInteger":999999999},{"url":"http://hl7.org/fhir/StructureDefinition/implementationguide-page","valueUri":"StructureDefinition-NoDomainVitalSignsBodyHeightBodyPositionExtension.html"}],"reference":{"reference":"StructureDefinition/NoDomainVitalSignsBodyHeightBodyPositionExtension"},"name":"NoDomainVitalSignsBodyHeightBodyPosition-Extension","description":"Position of individual when body height measured.","exampleBoolean":false,"groupingId":"-str-extension"},{"extension":[{"url":"http://hl7.org/fhir/tools/StructureDefinition/resource-sort","valueInteger":999999999},{"url":"http://hl7.org/fhir/StructureDefinition/implementationguide-page","valueUri":"StructureDefinition-NoDomainVitalSignsCharacterOfPulseExtension.html"}],"reference":{"reference":"StructureDefinition/NoDomainVitalSignsCharacterOfPulseExtension"},"name":"NoDomainVitalSignsCharacterOfPulse-Extension","description":"Description of the character of the pulse.","exampleBoolean":false,"groupingId":"-str-extension"},{"extension":[{"url":"http://hl7.org/fhir/tools/StructureDefinition/resource-sort","valueInteger":999999999},{"url":"http://hl7.org/fhir/StructureDefinition/implementationguide-page","valueUri":"StructureDefinition-NoDomainVitalSignsClinicalDescriptionExtension.html"}],"reference":{"reference":"StructureDefinition/NoDomainVitalSignsClinicalDescriptionExtension"},"name":"NoDomainVitalSignsClinicalDescription-Extension","description":"Narrative description about the pulse or heart beat.","exampleBoolean":false,"groupingId":"-str-extension"},{"extension":[{"url":"http://hl7.org/fhir/tools/StructureDefinition/resource-sort","valueInteger":999999999},{"url":"http://hl7.org/fhir/StructureDefinition/implementationguide-page","valueUri":"StructureDefinition-NoDomainVitalSignsClothingStateExtension.html"}],"reference":{"reference":"StructureDefinition/NoDomainVitalSignsClothingStateExtension"},"name":"NoDomainVitalSignsClothingState-Extension","description":"Description of the state of dress of the person at the time of weighing.","exampleBoolean":false,"groupingId":"-str-extension"},{"extension":[{"url":"http://hl7.org/fhir/tools/StructureDefinition/resource-sort","valueInteger":999999999},{"url":"http://hl7.org/fhir/StructureDefinition/implementationguide-page","valueUri":"StructureDefinition-NoDomainVitalSignsConfoundingFactorExtension.html"}],"reference":{"reference":"StructureDefinition/NoDomainVitalSignsConfoundingFactorExtension"},"name":"NoDomainVitalSignsConfoundingFactor-Extension","description":"Confounding factor is Issues or factors that may impact on the measurement, not captured in other fields","exampleBoolean":false,"groupingId":"-str-extension"},{"extension":[{"url":"http://hl7.org/fhir/tools/StructureDefinition/resource-sort","valueInteger":999999999},{"url":"http://hl7.org/fhir/StructureDefinition/implementationguide-page","valueUri":"StructureDefinition-NoDomainVitalSignsCuffSizeExtension.html"}],"reference":{"reference":"StructureDefinition/NoDomainVitalSignsCuffSizeExtension"},"name":"NoDomainVitalSignsCuffSize-Extension","description":"The size of the cuff used for blood pressure measurement.","exampleBoolean":false,"groupingId":"-str-extension"},{"extension":[{"url":"http://hl7.org/fhir/tools/StructureDefinition/resource-sort","valueInteger":999999999},{"url":"http://hl7.org/fhir/StructureDefinition/implementationguide-page","valueUri":"StructureDefinition-NoDomainVitalSignsDaysSinceMenstruationStartExtension.html"}],"reference":{"reference":"StructureDefinition/NoDomainVitalSignsDaysSinceMenstruationStartExtension"},"name":"NoDomainVitalSignsDaysSinceMenstruationStart-Extension","description":"Current day of the menstrual cycle.","exampleBoolean":false,"groupingId":"-str-extension"},{"extension":[{"url":"http://hl7.org/fhir/tools/StructureDefinition/resource-sort","valueInteger":999999999},{"url":"http://hl7.org/fhir/StructureDefinition/implementationguide-page","valueUri":"StructureDefinition-NoDomainVitalSignsDiastolicEndPointExtension.html"}],"reference":{"reference":"StructureDefinition/NoDomainVitalSignsDiastolicEndPointExtension"},"name":"NoDomainVitalSignsDiastolicEndPoint-Extension","description":"Record which Korotkoff sound is used for determining diastolic pressure using auscultative method.","exampleBoolean":false,"groupingId":"-str-extension"},{"extension":[{"url":"http://hl7.org/fhir/tools/StructureDefinition/resource-sort","valueInteger":999999999},{"url":"http://hl7.org/fhir/StructureDefinition/implementationguide-page","valueUri":"StructureDefinition-NoDomainVitalSignsFiO2Extension.html"}],"reference":{"reference":"StructureDefinition/NoDomainVitalSignsFiO2Extension"},"name":"NoDomainVitalSignsFiO2-Extension","description":"Fraction of oxygen in inspired air.","exampleBoolean":false,"groupingId":"-str-extension"},{"extension":[{"url":"http://hl7.org/fhir/tools/StructureDefinition/resource-sort","valueInteger":999999999},{"url":"http://hl7.org/fhir/StructureDefinition/implementationguide-page","valueUri":"StructureDefinition-NoDomainVitalSignsFlowExtension.html"}],"reference":{"reference":"StructureDefinition/NoDomainVitalSignsFlowExtension"},"name":"NoDomainVitalSignsFlow-Extension","description":"Oxygen flow rate given to an individual.","exampleBoolean":false,"groupingId":"-str-extension"},{"extension":[{"url":"http://hl7.org/fhir/tools/StructureDefinition/resource-sort","valueInteger":999999999},{"url":"http://hl7.org/fhir/StructureDefinition/implementationguide-page","valueUri":"StructureDefinition-NoDomainVitalSignsHeartRatePulseBodyPositionExtension.html"}],"reference":{"reference":"StructureDefinition/NoDomainVitalSignsHeartRatePulseBodyPositionExtension"},"name":"NoDomainVitalSignsHeartRatePulseBodyPosition-Extension","description":"Record which Korotkoff sound is used for determining diastolic pressure using auscultative method.","exampleBoolean":false,"groupingId":"-str-extension"},{"extension":[{"url":"http://hl7.org/fhir/tools/StructureDefinition/resource-sort","valueInteger":999999999},{"url":"http://hl7.org/fhir/StructureDefinition/implementationguide-page","valueUri":"StructureDefinition-NoDomainVitalSignsHeartRhythmIrregularityExtension.html"}],"reference":{"reference":"StructureDefinition/NoDomainVitalSignsHeartRhythmIrregularityExtension"},"name":"NoDomainVitalSignsHeartRhythmIrregularity-Extension","description":"Patterns  of the  heart beat.","exampleBoolean":false,"groupingId":"-str-extension"},{"extension":[{"url":"http://hl7.org/fhir/tools/StructureDefinition/resource-sort","valueInteger":999999999},{"url":"http://hl7.org/fhir/StructureDefinition/implementationguide-page","valueUri":"StructureDefinition-NoDomainVitalSignsInspiredOxygenExtension.html"}],"reference":{"reference":"StructureDefinition/NoDomainVitalSignsInspiredOxygenExtension"},"name":"NoDomainVitalSignsInspiredOxygen-Extension","description":"Details of the amount of oxygen available to the subject at the time of observation.","exampleBoolean":false,"groupingId":"-str-extension"},{"extension":[{"url":"http://hl7.org/fhir/tools/StructureDefinition/resource-sort","valueInteger":999999999},{"url":"http://hl7.org/fhir/StructureDefinition/implementationguide-page","valueUri":"StructureDefinition-NoDomainVitalSignsMethodofOxygenDeliveryExtension.html"}],"reference":{"reference":"StructureDefinition/NoDomainVitalSignsMethodofOxygenDeliveryExtension"},"name":"NoDomainVitalSignsMethodofOxygenDelivery-Extension","description":"The method used to deliver the oxygen.","exampleBoolean":false,"groupingId":"-str-extension"},{"extension":[{"url":"http://hl7.org/fhir/tools/StructureDefinition/resource-sort","valueInteger":999999999},{"url":"http://hl7.org/fhir/StructureDefinition/implementationguide-page","valueUri":"StructureDefinition-NoDomainVitalSignsOnAirExtension.html"}],"reference":{"reference":"StructureDefinition/NoDomainVitalSignsOnAirExtension"},"name":"NoDomainVitalSignsOnAir-Extension","description":"The patient is receiving air, equivalent to 21% O₂ or 0.21 FiO₂ and an oxygen flow rate of 0 litres per minute.","exampleBoolean":false,"groupingId":"-str-extension"},{"extension":[{"url":"http://hl7.org/fhir/tools/StructureDefinition/resource-sort","valueInteger":999999999},{"url":"http://hl7.org/fhir/StructureDefinition/implementationguide-page","valueUri":"StructureDefinition-NoDomainVitalSignsPercentO2Extension.html"}],"reference":{"reference":"StructureDefinition/NoDomainVitalSignsPercentO2Extension"},"name":"NoDomainVitalSignsPercentO2-Extension","description":"Percentage of oxygen in inspired air.","exampleBoolean":false,"groupingId":"-str-extension"},{"extension":[{"url":"http://hl7.org/fhir/tools/StructureDefinition/resource-sort","valueInteger":999999999},{"url":"http://hl7.org/fhir/StructureDefinition/implementationguide-page","valueUri":"StructureDefinition-NoDomainVitalSignsPulseRhythmExtension.html"}],"reference":{"reference":"StructureDefinition/NoDomainVitalSignsPulseRhythmExtension"},"name":"NoDomainVitalSignsPulseRhythm-Extension","description":"Regularity of the pulse","exampleBoolean":false,"groupingId":"-str-extension"},{"extension":[{"url":"http://hl7.org/fhir/tools/StructureDefinition/resource-sort","valueInteger":999999999},{"url":"http://hl7.org/fhir/StructureDefinition/implementationguide-page","valueUri":"StructureDefinition-NoDomainVitalSignsPulseRhythmIrregularityExtension.html"}],"reference":{"reference":"StructureDefinition/NoDomainVitalSignsPulseRhythmIrregularityExtension"},"name":"NoDomainVitalSignsPulseRhythmIrregularity-Extension","description":"More specific pattern of an irregular pulse or heart beat.","exampleBoolean":false,"groupingId":"-str-extension"},{"extension":[{"url":"http://hl7.org/fhir/tools/StructureDefinition/resource-sort","valueInteger":999999999},{"url":"http://hl7.org/fhir/StructureDefinition/implementationguide-page","valueUri":"StructureDefinition-NoDomainVitalSignsRespirationDepthExtension.html"}],"reference":{"reference":"StructureDefinition/NoDomainVitalSignsRespirationDepthExtension"},"name":"NoDomainVitalSignsRespirationDepth-Extension","description":"The depth of spontaneous breathing.","exampleBoolean":false,"groupingId":"-str-extension"},{"extension":[{"url":"http://hl7.org/fhir/tools/StructureDefinition/resource-sort","valueInteger":999999999},{"url":"http://hl7.org/fhir/StructureDefinition/implementationguide-page","valueUri":"StructureDefinition-NoDomainVitalSignsRespirationRateBodyPositionExtension.html"}],"reference":{"reference":"StructureDefinition/NoDomainVitalSignsRespirationRateBodyPositionExtension"},"name":"NoDomainVitalSignsRespirationRateBodyPosition-Extension","description":"The body position of the individual during the observation.","exampleBoolean":false,"groupingId":"-str-extension"},{"extension":[{"url":"http://hl7.org/fhir/tools/StructureDefinition/resource-sort","valueInteger":999999999},{"url":"http://hl7.org/fhir/StructureDefinition/implementationguide-page","valueUri":"StructureDefinition-NoDomainVitalSignsRespirationRegularityExtension.html"}],"reference":{"reference":"StructureDefinition/NoDomainVitalSignsRespirationRegularityExtension"},"name":"NoDomainVitalSignsRespirationRegularity-Extension","description":"The regularity of spontaneous breathing.","exampleBoolean":false,"groupingId":"-str-extension"},{"extension":[{"url":"http://hl7.org/fhir/tools/StructureDefinition/resource-sort","valueInteger":999999999},{"url":"http://hl7.org/fhir/StructureDefinition/implementationguide-page","valueUri":"StructureDefinition-NoDomainVitalSignsSleepStatusExtension.html"}],"reference":{"reference":"StructureDefinition/NoDomainVitalSignsSleepStatusExtension"},"name":"NoDomainVitalSignsSleepStatus-Extension","description":"Sleep status - supports interpretation of 24 hour ambulatory blood pressure records.","exampleBoolean":false,"groupingId":"-str-extension"},{"extension":[{"url":"http://hl7.org/fhir/tools/StructureDefinition/resource-sort","valueInteger":999999999},{"url":"http://hl7.org/fhir/StructureDefinition/implementationguide-page","valueUri":"StructureDefinition-NoDomainVitalSignsSpontaneousBreathingExtension.html"}],"reference":{"reference":"StructureDefinition/NoDomainVitalSignsSpontaneousBreathingExtension"},"name":"NoDomainVitalSignsSpontaneousBreathing-Extension","description":"A narrative description about the spontaneous breathing of the individual.","exampleBoolean":false,"groupingId":"-str-extension"},{"extension":[{"url":"http://hl7.org/fhir/tools/StructureDefinition/resource-sort","valueInteger":999999999},{"url":"http://hl7.org/fhir/StructureDefinition/implementationguide-page","valueUri":"StructureDefinition-NoDomainVitalSignsTiltExtension.html"}],"reference":{"reference":"StructureDefinition/NoDomainVitalSignsTiltExtension"},"name":"NoDomainVitalSignsTilt-Extension","description":"The craniocaudal tilt of the surface on which the person is lying at the time of measurement.","exampleBoolean":false,"groupingId":"-str-extension"},{"extension":[{"url":"http://hl7.org/fhir/tools/StructureDefinition/resource-sort","valueInteger":999999999},{"url":"http://hl7.org/fhir/StructureDefinition/implementationguide-page","valueUri":"ValueSet-NoDomainVitalSignsBloodPressureMeasurementMethodValueSet.html"}],"reference":{"reference":"ValueSet/NoDomainVitalSignsBloodPressureMeasurementMethodValueSet"},"name":"NoDomainVitalSignsBloodPressureMeasurementMethod-ValueSet","description":"Codes representing measurement method for HeartRate","exampleBoolean":false,"groupingId":"-term-valueset"},{"extension":[{"url":"http://hl7.org/fhir/tools/StructureDefinition/resource-sort","valueInteger":999999999},{"url":"http://hl7.org/fhir/StructureDefinition/implementationguide-page","valueUri":"ValueSet-NoDomainVitalSignsBloodpressureBodyPositionValueSet.html"}],"reference":{"reference":"ValueSet/NoDomainVitalSignsBloodpressureBodyPositionValueSet"},"name":"NoDomainVitalSignsBloodpressureBodyPosition-ValueSet","description":"Codes representing body position for blood pressure","exampleBoolean":false,"groupingId":"-term-valueset"},{"extension":[{"url":"http://hl7.org/fhir/tools/StructureDefinition/resource-sort","valueInteger":999999999},{"url":"http://hl7.org/fhir/StructureDefinition/implementationguide-page","valueUri":"ValueSet-NoDomainVitalSignsBloodpressureBodySiteValueSet.html"}],"reference":{"reference":"ValueSet/NoDomainVitalSignsBloodpressureBodySiteValueSet"},"name":"NoDomainVitalSignsBloodpressureBodySite-ValueSet","description":"Codes representing body site for blood pressure","exampleBoolean":false,"groupingId":"-term-valueset"},{"extension":[{"url":"http://hl7.org/fhir/tools/StructureDefinition/resource-sort","valueInteger":999999999},{"url":"http://hl7.org/fhir/StructureDefinition/implementationguide-page","valueUri":"ValueSet-NoDomainVitalSignsBodyExposureValueSet.html"}],"reference":{"reference":"ValueSet/NoDomainVitalSignsBodyExposureValueSet"},"name":"NoDomainVitalSignsBodyExposure-ValueSet","description":"Codes representing body exposure","exampleBoolean":false,"groupingId":"-term-valueset"},{"extension":[{"url":"http://hl7.org/fhir/tools/StructureDefinition/resource-sort","valueInteger":999999999},{"url":"http://hl7.org/fhir/StructureDefinition/implementationguide-page","valueUri":"ValueSet-NoDomainVitalSignsBodyHeightBodyPositionValueSet.html"}],"reference":{"reference":"ValueSet/NoDomainVitalSignsBodyHeightBodyPositionValueSet"},"name":"NoDomainVitalSignsBodyHeightBodyPosition-ValueSet","description":"Codes representing body position for body height","exampleBoolean":false,"groupingId":"-term-valueset"},{"extension":[{"url":"http://hl7.org/fhir/tools/StructureDefinition/resource-sort","valueInteger":999999999},{"url":"http://hl7.org/fhir/StructureDefinition/implementationguide-page","valueUri":"ValueSet-NoDomainVitalSignsBodyTempBodySiteValueSet.html"}],"reference":{"reference":"ValueSet/NoDomainVitalSignsBodyTempBodySiteValueSet"},"name":"NoDomainVitalSignsBodyTempBodySite-ValueSet","description":"Codes representing body site for body temperature","exampleBoolean":false,"groupingId":"-term-valueset"},{"extension":[{"url":"http://hl7.org/fhir/tools/StructureDefinition/resource-sort","valueInteger":999999999},{"url":"http://hl7.org/fhir/StructureDefinition/implementationguide-page","valueUri":"ValueSet-NoDomainVitalSignsClothingStateValueSet.html"}],"reference":{"reference":"ValueSet/NoDomainVitalSignsClothingStateValueSet"},"name":"NoDomainVitalSignsClothingState-ValueSet","description":"Codes representing level of clothing","exampleBoolean":false,"groupingId":"-term-valueset"},{"extension":[{"url":"http://hl7.org/fhir/tools/StructureDefinition/resource-sort","valueInteger":999999999},{"url":"http://hl7.org/fhir/StructureDefinition/implementationguide-page","valueUri":"ValueSet-NoDomainVitalSignsCuffsizeValueSet.html"}],"reference":{"reference":"ValueSet/NoDomainVitalSignsCuffsizeValueSet"},"name":"NoDomainVitalSignsCuffsize-ValueSet","description":"Codes representing cuff size","exampleBoolean":false,"groupingId":"-term-valueset"},{"extension":[{"url":"http://hl7.org/fhir/tools/StructureDefinition/resource-sort","valueInteger":999999999},{"url":"http://hl7.org/fhir/StructureDefinition/implementationguide-page","valueUri":"ValueSet-NoDomainVitalSignsDiastolicEndPointValueSet.html"}],"reference":{"reference":"ValueSet/NoDomainVitalSignsDiastolicEndPointValueSet"},"name":"NoDomainVitalSignsDiastolicendPoint-ValueSet","description":"Codes representing Diastolic end point","exampleBoolean":false,"groupingId":"-term-valueset"},{"extension":[{"url":"http://hl7.org/fhir/tools/StructureDefinition/resource-sort","valueInteger":999999999},{"url":"http://hl7.org/fhir/StructureDefinition/implementationguide-page","valueUri":"ValueSet-NoDomainVitalSignsHeartRateBodySiteValueSet.html"}],"reference":{"reference":"ValueSet/NoDomainVitalSignsHeartRateBodySiteValueSet"},"name":"NoDomainVitalSignsHeartRateBodySite-ValueSet","description":"Codes representing body site for heart rate","exampleBoolean":false,"groupingId":"-term-valueset"},{"extension":[{"url":"http://hl7.org/fhir/tools/StructureDefinition/resource-sort","valueInteger":999999999},{"url":"http://hl7.org/fhir/StructureDefinition/implementationguide-page","valueUri":"ValueSet-NoDomainVitalSignsHeartRateMeasurementMethodValueSet.html"}],"reference":{"reference":"ValueSet/NoDomainVitalSignsHeartRateMeasurementMethodValueSet"},"name":"NoDomainVitalSignsHeartRateMeasurementMethod-ValueSet","description":"Codes representing measurement method for HeartRate","exampleBoolean":false,"groupingId":"-term-valueset"},{"extension":[{"url":"http://hl7.org/fhir/tools/StructureDefinition/resource-sort","valueInteger":999999999},{"url":"http://hl7.org/fhir/StructureDefinition/implementationguide-page","valueUri":"ValueSet-NoDomainVitalSignsHeartRatePulseBodyPositionValueSet.html"}],"reference":{"reference":"ValueSet/NoDomainVitalSignsHeartRatePulseBodyPositionValueSet"},"name":"NoDomainVitalSignsHeartRatePulseBodyPosition-ValueSet","description":"Codes representing body position for heart rate or Pulse","exampleBoolean":false,"groupingId":"-term-valueset"},{"extension":[{"url":"http://hl7.org/fhir/tools/StructureDefinition/resource-sort","valueInteger":999999999},{"url":"http://hl7.org/fhir/StructureDefinition/implementationguide-page","valueUri":"ValueSet-NoDomainVitalSignsHeartRhythmIrregularityValueSet.html"}],"reference":{"reference":"ValueSet/NoDomainVitalSignsHeartRhythmIrregularityValueSet"},"name":"NoDomainVitalSignsHeartRhythmIrregularity-ValueSet","description":"Codes representing heart rhythm irregularity for heart rate","exampleBoolean":false,"groupingId":"-term-valueset"},{"extension":[{"url":"http://hl7.org/fhir/tools/StructureDefinition/resource-sort","valueInteger":999999999},{"url":"http://hl7.org/fhir/StructureDefinition/implementationguide-page","valueUri":"ValueSet-NoDomainVitalSignsPulseBodySiteValueSet.html"}],"reference":{"reference":"ValueSet/NoDomainVitalSignsPulseBodySiteValueSet"},"name":"NoDomainVitalSignsPulseBodySite-ValueSet","description":"Codes representing body site for pulse","exampleBoolean":false,"groupingId":"-term-valueset"},{"extension":[{"url":"http://hl7.org/fhir/tools/StructureDefinition/resource-sort","valueInteger":999999999},{"url":"http://hl7.org/fhir/StructureDefinition/implementationguide-page","valueUri":"ValueSet-NoDomainVitalSignsPulseMeasurementMethodValueSet.html"}],"reference":{"reference":"ValueSet/NoDomainVitalSignsPulseMeasurementMethodValueSet"},"name":"NoDomainVitalSignsPulseMeasurementMethod-ValueSet","description":"Codes representing measurement method for HeartRate","exampleBoolean":false,"groupingId":"-term-valueset"},{"extension":[{"url":"http://hl7.org/fhir/tools/StructureDefinition/resource-sort","valueInteger":999999999},{"url":"http://hl7.org/fhir/StructureDefinition/implementationguide-page","valueUri":"ValueSet-NoDomainVitalSignsPulseRhythmValueSet.html"}],"reference":{"reference":"ValueSet/NoDomainVitalSignsPulseRhythmValueSet"},"name":"NoDomainVitalSignsPulseRhythm-ValueSet","description":"Codes representing  rhythm of Pulse","exampleBoolean":false,"groupingId":"-term-valueset"},{"extension":[{"url":"http://hl7.org/fhir/tools/StructureDefinition/resource-sort","valueInteger":999999999},{"url":"http://hl7.org/fhir/StructureDefinition/implementationguide-page","valueUri":"ValueSet-NoDomainVitalSignsPulseRhythmIrregularityValueSet.html"}],"reference":{"reference":"ValueSet/NoDomainVitalSignsPulseRhythmIrregularityValueSet"},"name":"NoDomainVitalSignsPulseRhythmIrregularity-ValueSet","description":"Codes representing heart rhythm irregularity for Pulse","exampleBoolean":false,"groupingId":"-term-valueset"},{"extension":[{"url":"http://hl7.org/fhir/tools/StructureDefinition/resource-sort","valueInteger":999999999},{"url":"http://hl7.org/fhir/StructureDefinition/implementationguide-page","valueUri":"ValueSet-NoDomainVitalSignsRespirationRateBodyPositionValueSet.html"}],"reference":{"reference":"ValueSet/NoDomainVitalSignsRespirationRateBodyPositionValueSet"},"name":"NoDomainVitalSignsRespirationRateBodyPosition-ValueSet","description":"Codes representing body position for respiration rate","exampleBoolean":false,"groupingId":"-term-valueset"},{"extension":[{"url":"http://hl7.org/fhir/tools/StructureDefinition/resource-sort","valueInteger":999999999},{"url":"http://hl7.org/fhir/StructureDefinition/implementationguide-page","valueUri":"ValueSet-NoDomainVitalSignsRespirationRateDepthValueSet.html"}],"reference":{"reference":"ValueSet/NoDomainVitalSignsRespirationRateDepthValueSet"},"name":"NoDomainVitalSignsRespirationRateDepth-ValueSet","description":"Codes representing depth for respiration rate","exampleBoolean":false,"groupingId":"-term-valueset"},{"extension":[{"url":"http://hl7.org/fhir/tools/StructureDefinition/resource-sort","valueInteger":999999999},{"url":"http://hl7.org/fhir/StructureDefinition/implementationguide-page","valueUri":"ValueSet-NoDomainVitalSignsRespirationRegularityValueSet.html"}],"reference":{"reference":"ValueSet/NoDomainVitalSignsRespirationRegularityValueSet"},"name":"NoDomainVitalSignsRespirationRegularity-ValueSet","description":"Codes representing Respiration Regularity","exampleBoolean":false,"groupingId":"-term-valueset"},{"extension":[{"url":"http://hl7.org/fhir/tools/StructureDefinition/resource-sort","valueInteger":999999999},{"url":"http://hl7.org/fhir/StructureDefinition/implementationguide-page","valueUri":"ValueSet-NoDomainVitalSignsSleepStatusValueSet.html"}],"reference":{"reference":"ValueSet/NoDomainVitalSignsSleepStatusValueSet"},"name":"NoDomainVitalSignsSleepStatus-ValueSet","description":"Codes representing Sleep Status","exampleBoolean":false,"groupingId":"-term-valueset"},{"extension":[{"url":"http://hl7.org/fhir/tools/StructureDefinition/resource-sort","valueInteger":999999999},{"url":"http://hl7.org/fhir/StructureDefinition/implementationguide-page","valueUri":"ValueSet-NoDomainVitalSignsSpontaneousBreathingValueSet.html"}],"reference":{"reference":"ValueSet/NoDomainVitalSignsSpontaneousBreathingValueSet"},"name":"NoDomainVitalSignsSpontaneousBreathing-ValueSet","description":"Codes representing Respiration Spontaneous breathing","exampleBoolean":false,"groupingId":"-term-valueset"},{"extension":[{"url":"http://hl7.org/fhir/tools/StructureDefinition/resource-sort","valueInteger":999999999},{"url":"http://hl7.org/fhir/StructureDefinition/implementationguide-page","valueUri":"Organization-afa23.html"}],"reference":{"reference":"Organization/afa23"},"name":"Organization details of afa23","exampleBoolean":true,"groupingId":"-ex-example"},{"extension":[{"url":"http://hl7.org/fhir/tools/StructureDefinition/resource-sort","valueInteger":999999999},{"url":"http://hl7.org/fhir/StructureDefinition/implementationguide-page","valueUri":"Patient-cdp1000240.html"}],"reference":{"reference":"Patient/cdp1000240"},"name":"Patient details of cdp1000240","exampleBoolean":true,"groupingId":"-ex-example"},{"extension":[{"url":"http://hl7.org/fhir/tools/StructureDefinition/resource-sort","valueInteger":999999999},{"url":"http://hl7.org/fhir/StructureDefinition/implementationguide-page","valueUri":"Patient-cdp1000808.html"}],"reference":{"reference":"Patient/cdp1000808"},"name":"Patient details of cdp1000808","exampleBoolean":true,"groupingId":"-ex-example"},{"extension":[{"url":"http://hl7.org/fhir/tools/StructureDefinition/resource-sort","valueInteger":999999999},{"url":"http://hl7.org/fhir/StructureDefinition/implementationguide-page","valueUri":"PractitionerRole-agb104.html"}],"reference":{"reference":"PractitionerRole/agb104"},"name":"Practioner details of agb104","exampleBoolean":true,"groupingId":"-ex-example"},{"extension":[{"url":"http://hl7.org/fhir/tools/StructureDefinition/resource-sort","valueInteger":999999999},{"url":"http://hl7.org/fhir/StructureDefinition/implementationguide-page","valueUri":"PractitionerRole-agb30.html"}],"reference":{"reference":"PractitionerRole/agb30"},"name":"PractitionerRole details of agb30","exampleBoolean":true,"groupingId":"-ex-example"},{"extension":[{"url":"http://hl7.org/fhir/tools/StructureDefinition/resource-sort","valueInteger":999999999},{"url":"http://hl7.org/fhir/StructureDefinition/implementationguide-page","valueUri":"Observation-no-blood-pressure-create.html"}],"reference":{"reference":"Observation/no-blood-pressure-create"},"name":"no-blood-pressure-create","exampleCanonical":"http://hl7.no/fhir/no-domain/vitalsigns/StructureDefinition/no-domain-VitalSigns-Observation-bloodpressure","groupingId":"-ex-example"},{"extension":[{"url":"http://hl7.org/fhir/tools/StructureDefinition/resource-sort","valueInteger":999999999},{"url":"http://hl7.org/fhir/StructureDefinition/implementationguide-page","valueUri":"Observation-no-body-height-create.html"}],"reference":{"reference":"Observation/no-body-height-create"},"name":"no-body-height-create","exampleCanonical":"http://hl7.no/fhir/no-domain/vitalsigns/StructureDefinition/no-domain-VitalSigns-Observation-bodyheight","groupingId":"-ex-example"},{"extension":[{"url":"http://hl7.org/fhir/tools/StructureDefinition/resource-sort","valueInteger":999999999},{"url":"http://hl7.org/fhir/StructureDefinition/implementationguide-page","valueUri":"Observation-no-body-temperature-create.html"}],"reference":{"reference":"Observation/no-body-temperature-create"},"name":"no-body-temperature-create","exampleCanonical":"http://hl7.no/fhir/no-domain/vitalsigns/StructureDefinition/no-domain-VitalSigns-Observation-bodytemp","groupingId":"-ex-example"},{"extension":[{"url":"http://hl7.org/fhir/tools/StructureDefinition/resource-sort","valueInteger":999999999},{"url":"http://hl7.org/fhir/StructureDefinition/implementationguide-page","valueUri":"Observation-no-body-weight-create.html"}],"reference":{"reference":"Observation/no-body-weight-create"},"name":"no-body-weight-create","exampleCanonical":"http://hl7.no/fhir/no-domain/vitalsigns/StructureDefinition/no-domain-VitalSigns-Observation-bodyweight","groupingId":"-ex-example"},{"extension":[{"url":"http://hl7.org/fhir/tools/StructureDefinition/resource-sort","valueInteger":999999999},{"url":"http://hl7.org/fhir/StructureDefinition/implementationguide-page","valueUri":"Observation-no-heart-rate-create.html"}],"reference":{"reference":"Observation/no-heart-rate-create"},"name":"no-heart-rate-create","exampleCanonical":"http://hl7.no/fhir/no-domain/vitalsigns/StructureDefinition/no-domain-VitalSigns-Observation-heartrate","groupingId":"-ex-example"},{"extension":[{"url":"http://hl7.org/fhir/tools/StructureDefinition/resource-sort","valueInteger":999999999},{"url":"http://hl7.org/fhir/StructureDefinition/implementationguide-page","valueUri":"Observation-no-oxygen-saturation-create.html"}],"reference":{"reference":"Observation/no-oxygen-saturation-create"},"name":"no-oxygen-saturation-create","exampleCanonical":"http://hl7.no/fhir/no-domain/vitalsigns/StructureDefinition/no-domain-VitalSigns-Observation-oxygensaturation","groupingId":"-ex-example"},{"extension":[{"url":"http://hl7.org/fhir/tools/StructureDefinition/resource-sort","valueInteger":999999999},{"url":"http://hl7.org/fhir/StructureDefinition/implementationguide-page","valueUri":"Observation-no-pulse-rate.html"}],"reference":{"reference":"Observation/no-pulse-rate"},"name":"no-pulse-rate","exampleCanonical":"http://hl7.no/fhir/no-domain/vitalsigns/StructureDefinition/no-domain-VitalSigns-Observation-pulse","groupingId":"-ex-example"},{"extension":[{"url":"http://hl7.org/fhir/tools/StructureDefinition/resource-sort","valueInteger":999999999},{"url":"http://hl7.org/fhir/StructureDefinition/implementationguide-page","valueUri":"Observation-no-respiratory-rate-create.html"}],"reference":{"reference":"Observation/no-respiratory-rate-create"},"name":"no-respiratory-rate-create","exampleCanonical":"http://hl7.no/fhir/no-domain/vitalsigns/StructureDefinition/no-domain-VitalSigns-Observation-respirationrate","groupingId":"-ex-example"}],"page":{"extension":[{"url":"http://hl7.org/fhir/tools/StructureDefinition/ig-page-name","valueUrl":"toc.html"}],"nameUrl":"toc.html","title":"Table of Contents","generation":"html","page":[{"extension":[{"url":"http://hl7.org/fhir/tools/StructureDefinition/ig-page-name","valueUrl":"index.html"}],"nameUrl":"index.html","title":"Home","generation":"markdown"},{"extension":[{"url":"http://hl7.org/fhir/tools/StructureDefinition/ig-page-name","valueUrl":"download.html"}],"nameUrl":"download.html","title":"Download","generation":"markdown"},{"extension":[{"url":"http://hl7.org/fhir/tools/StructureDefinition/ig-page-name","valueUrl":"guidance.html"}],"nameUrl":"guidance.html","title":"Guidance","generation":"markdown"},{"extension":[{"url":"http://hl7.org/fhir/tools/StructureDefinition/ig-page-name","valueUrl":"VKP-mapping.html"}],"nameUrl":"VKP-mapping.html","title":"VKP Mapping","generation":"markdown"},{"extension":[{"url":"http://hl7.org/fhir/tools/StructureDefinition/ig-page-name","valueUrl":"artifacts.html"}],"nameUrl":"artifacts.html","title":"Artifacts Summary","generation":"html","page":[{"extension":[{"url":"http://hl7.org/fhir/tools/StructureDefinition/ig-page-name","valueUrl":"StructureDefinition-no-domain-VitalSigns-Observation-bloodpressure.html"}],"nameUrl":"StructureDefinition-no-domain-VitalSigns-Observation-bloodpressure.html","title":"no-domain-VitalSigns-Observation-bloodpressure Profile","generation":"generated"},{"extension":[{"url":"http://hl7.org/fhir/tools/StructureDefinition/ig-page-name","valueUrl":"StructureDefinition-no-domain-VitalSigns-Observation-bodyheight.html"}],"nameUrl":"StructureDefinition-no-domain-VitalSigns-Observation-bodyheight.html","title":"no-domain-VitalSigns-Observation-bodyheight Profile","generation":"generated"},{"extension":[{"url":"http://hl7.org/fhir/tools/StructureDefinition/ig-page-name","valueUrl":"StructureDefinition-no-domain-VitalSigns-Observation-bodytemp.html"}],"nameUrl":"StructureDefinition-no-domain-VitalSigns-Observation-bodytemp.html","title":"no-domain-VitalSigns-Observation-bodytemp Profile","generation":"generated"},{"extension":[{"url":"http://hl7.org/fhir/tools/StructureDefinition/ig-page-name","valueUrl":"StructureDefinition-no-domain-VitalSigns-Observation-bodyweight.html"}],"nameUrl":"StructureDefinition-no-domain-VitalSigns-Observation-bodyweight.html","title":"no-domain-VitalSigns-Observation-bodyweight Profile","generation":"generated"},{"extension":[{"url":"http://hl7.org/fhir/tools/StructureDefinition/ig-page-name","valueUrl":"StructureDefinition-no-domain-VitalSigns-Observation-heartrate.html"}],"nameUrl":"StructureDefinition-no-domain-VitalSigns-Observation-heartrate.html","title":"no-domain-VitalSigns-Observation-heartrate Profile","generation":"generated"},{"extension":[{"url":"http://hl7.org/fhir/tools/StructureDefinition/ig-page-name","valueUrl":"StructureDefinition-no-domain-VitalSigns-Observation-oxygensaturation.html"}],"nameUrl":"StructureDefinition-no-domain-VitalSigns-Observation-oxygensaturation.html","title":"no-domain-VitalSigns-Observation-oxygensaturation Profile","generation":"generated"},{"extension":[{"url":"http://hl7.org/fhir/tools/StructureDefinition/ig-page-name","valueUrl":"StructureDefinition-no-domain-VitalSigns-Observation-pulse.html"}],"nameUrl":"StructureDefinition-no-domain-VitalSigns-Observation-pulse.html","title":"no-domain-VitalSigns-Observation-pulse Profile","generation":"generated"},{"extension":[{"url":"http://hl7.org/fhir/tools/StructureDefinition/ig-page-name","valueUrl":"StructureDefinition-no-domain-VitalSigns-Observation-respirationrate.html"}],"nameUrl":"StructureDefinition-no-domain-VitalSigns-Observation-respirationrate.html","title":"no-domain-VitalSigns-Observation-respirationrate Profile","generation":"generated"},{"extension":[{"url":"http://hl7.org/fhir/tools/StructureDefinition/ig-page-name","valueUrl":"StructureDefinition-NoDomainVitalSignsActiveHeatingExtension.html"}],"nameUrl":"StructureDefinition-NoDomainVitalSignsActiveHeatingExtension.html","title":"NoDomainVitalSignsActiveHeating-Extension","generation":"generated"},{"extension":[{"url":"http://hl7.org/fhir/tools/StructureDefinition/ig-page-name","valueUrl":"StructureDefinition-NoDomainVitalSignsBloodpressureBodyPositionExtension.html"}],"nameUrl":"StructureDefinition-NoDomainVitalSignsBloodpressureBodyPositionExtension.html","title":"NoDomainVitalSignsBloodpressureBodyPosition-Extension","generation":"generated"},{"extension":[{"url":"http://hl7.org/fhir/tools/StructureDefinition/ig-page-name","valueUrl":"StructureDefinition-NoDomainVitalSignsBloodpressureDiastolicFormulaExtension.html"}],"nameUrl":"StructureDefinition-NoDomainVitalSignsBloodpressureDiastolicFormulaExtension.html","title":"NoDomainVitalSignsBloodpressureDiastolicFormula-Extension","generation":"generated"},{"extension":[{"url":"http://hl7.org/fhir/tools/StructureDefinition/ig-page-name","valueUrl":"StructureDefinition-NoDomainVitalSignsBloodpressureMeanArterialFormulaExtension.html"}],"nameUrl":"StructureDefinition-NoDomainVitalSignsBloodpressureMeanArterialFormulaExtension.html","title":"NoDomainVitalSignsBloodpressureMeanArterialFormula-Extension","generation":"generated"},{"extension":[{"url":"http://hl7.org/fhir/tools/StructureDefinition/ig-page-name","valueUrl":"StructureDefinition-NoDomainVitalSignsBloodpressureSystolicFormulaExtension.html"}],"nameUrl":"StructureDefinition-NoDomainVitalSignsBloodpressureSystolicFormulaExtension.html","title":"NoDomainVitalSignsBloodpressureSystolicFormula-Extension","generation":"generated"},{"extension":[{"url":"http://hl7.org/fhir/tools/StructureDefinition/ig-page-name","valueUrl":"StructureDefinition-NoDomainVitalSignsBodyExposureExtension.html"}],"nameUrl":"StructureDefinition-NoDomainVitalSignsBodyExposureExtension.html","title":"NoDomainVitalSignsBodyExposure-Extension","generation":"generated"},{"extension":[{"url":"http://hl7.org/fhir/tools/StructureDefinition/ig-page-name","valueUrl":"StructureDefinition-NoDomainVitalSignsBodyHeightBodyPositionExtension.html"}],"nameUrl":"StructureDefinition-NoDomainVitalSignsBodyHeightBodyPositionExtension.html","title":"NoDomainVitalSignsBodyHeightBodyPosition-Extension","generation":"generated"},{"extension":[{"url":"http://hl7.org/fhir/tools/StructureDefinition/ig-page-name","valueUrl":"StructureDefinition-NoDomainVitalSignsCharacterOfPulseExtension.html"}],"nameUrl":"StructureDefinition-NoDomainVitalSignsCharacterOfPulseExtension.html","title":"NoDomainVitalSignsCharacterOfPulse-Extension","generation":"generated"},{"extension":[{"url":"http://hl7.org/fhir/tools/StructureDefinition/ig-page-name","valueUrl":"StructureDefinition-NoDomainVitalSignsClinicalDescriptionExtension.html"}],"nameUrl":"StructureDefinition-NoDomainVitalSignsClinicalDescriptionExtension.html","title":"NoDomainVitalSignsClinicalDescription-Extension","generation":"generated"},{"extension":[{"url":"http://hl7.org/fhir/tools/StructureDefinition/ig-page-name","valueUrl":"StructureDefinition-NoDomainVitalSignsClothingStateExtension.html"}],"nameUrl":"StructureDefinition-NoDomainVitalSignsClothingStateExtension.html","title":"NoDomainVitalSignsClothingState-Extension","generation":"generated"},{"extension":[{"url":"http://hl7.org/fhir/tools/StructureDefinition/ig-page-name","valueUrl":"StructureDefinition-NoDomainVitalSignsConfoundingFactorExtension.html"}],"nameUrl":"StructureDefinition-NoDomainVitalSignsConfoundingFactorExtension.html","title":"NoDomainVitalSignsConfoundingFactor-Extension","generation":"generated"},{"extension":[{"url":"http://hl7.org/fhir/tools/StructureDefinition/ig-page-name","valueUrl":"StructureDefinition-NoDomainVitalSignsCuffSizeExtension.html"}],"nameUrl":"StructureDefinition-NoDomainVitalSignsCuffSizeExtension.html","title":"NoDomainVitalSignsCuffSize-Extension","generation":"generated"},{"extension":[{"url":"http://hl7.org/fhir/tools/StructureDefinition/ig-page-name","valueUrl":"StructureDefinition-NoDomainVitalSignsDaysSinceMenstruationStartExtension.html"}],"nameUrl":"StructureDefinition-NoDomainVitalSignsDaysSinceMenstruationStartExtension.html","title":"NoDomainVitalSignsDaysSinceMenstruationStart-Extension","generation":"generated"},{"extension":[{"url":"http://hl7.org/fhir/tools/StructureDefinition/ig-page-name","valueUrl":"StructureDefinition-NoDomainVitalSignsDiastolicEndPointExtension.html"}],"nameUrl":"StructureDefinition-NoDomainVitalSignsDiastolicEndPointExtension.html","title":"NoDomainVitalSignsDiastolicEndPoint-Extension","generation":"generated"},{"extension":[{"url":"http://hl7.org/fhir/tools/StructureDefinition/ig-page-name","valueUrl":"StructureDefinition-NoDomainVitalSignsFiO2Extension.html"}],"nameUrl":"StructureDefinition-NoDomainVitalSignsFiO2Extension.html","title":"NoDomainVitalSignsFiO2-Extension","generation":"generated"},{"extension":[{"url":"http://hl7.org/fhir/tools/StructureDefinition/ig-page-name","valueUrl":"StructureDefinition-NoDomainVitalSignsFlowExtension.html"}],"nameUrl":"StructureDefinition-NoDomainVitalSignsFlowExtension.html","title":"NoDomainVitalSignsFlow-Extension","generation":"generated"},{"extension":[{"url":"http://hl7.org/fhir/tools/StructureDefinition/ig-page-name","valueUrl":"StructureDefinition-NoDomainVitalSignsHeartRatePulseBodyPositionExtension.html"}],"nameUrl":"StructureDefinition-NoDomainVitalSignsHeartRatePulseBodyPositionExtension.html","title":"NoDomainVitalSignsHeartRatePulseBodyPosition-Extension","generation":"generated"},{"extension":[{"url":"http://hl7.org/fhir/tools/StructureDefinition/ig-page-name","valueUrl":"StructureDefinition-NoDomainVitalSignsHeartRhythmIrregularityExtension.html"}],"nameUrl":"StructureDefinition-NoDomainVitalSignsHeartRhythmIrregularityExtension.html","title":"NoDomainVitalSignsHeartRhythmIrregularity-Extension","generation":"generated"},{"extension":[{"url":"http://hl7.org/fhir/tools/StructureDefinition/ig-page-name","valueUrl":"StructureDefinition-NoDomainVitalSignsInspiredOxygenExtension.html"}],"nameUrl":"StructureDefinition-NoDomainVitalSignsInspiredOxygenExtension.html","title":"NoDomainVitalSignsInspiredOxygen-Extension","generation":"generated"},{"extension":[{"url":"http://hl7.org/fhir/tools/StructureDefinition/ig-page-name","valueUrl":"StructureDefinition-NoDomainVitalSignsMethodofOxygenDeliveryExtension.html"}],"nameUrl":"StructureDefinition-NoDomainVitalSignsMethodofOxygenDeliveryExtension.html","title":"NoDomainVitalSignsMethodofOxygenDelivery-Extension","generation":"generated"},{"extension":[{"url":"http://hl7.org/fhir/tools/StructureDefinition/ig-page-name","valueUrl":"StructureDefinition-NoDomainVitalSignsOnAirExtension.html"}],"nameUrl":"StructureDefinition-NoDomainVitalSignsOnAirExtension.html","title":"NoDomainVitalSignsOnAir-Extension","generation":"generated"},{"extension":[{"url":"http://hl7.org/fhir/tools/StructureDefinition/ig-page-name","valueUrl":"StructureDefinition-NoDomainVitalSignsPercentO2Extension.html"}],"nameUrl":"StructureDefinition-NoDomainVitalSignsPercentO2Extension.html","title":"NoDomainVitalSignsPercentO2-Extension","generation":"generated"},{"extension":[{"url":"http://hl7.org/fhir/tools/StructureDefinition/ig-page-name","valueUrl":"StructureDefinition-NoDomainVitalSignsPulseRhythmExtension.html"}],"nameUrl":"StructureDefinition-NoDomainVitalSignsPulseRhythmExtension.html","title":"NoDomainVitalSignsPulseRhythm-Extension","generation":"generated"},{"extension":[{"url":"http://hl7.org/fhir/tools/StructureDefinition/ig-page-name","valueUrl":"StructureDefinition-NoDomainVitalSignsPulseRhythmIrregularityExtension.html"}],"nameUrl":"StructureDefinition-NoDomainVitalSignsPulseRhythmIrregularityExtension.html","title":"NoDomainVitalSignsPulseRhythmIrregularity-Extension","generation":"generated"},{"extension":[{"url":"http://hl7.org/fhir/tools/StructureDefinition/ig-page-name","valueUrl":"StructureDefinition-NoDomainVitalSignsRespirationDepthExtension.html"}],"nameUrl":"StructureDefinition-NoDomainVitalSignsRespirationDepthExtension.html","title":"NoDomainVitalSignsRespirationDepth-Extension","generation":"generated"},{"extension":[{"url":"http://hl7.org/fhir/tools/StructureDefinition/ig-page-name","valueUrl":"StructureDefinition-NoDomainVitalSignsRespirationRateBodyPositionExtension.html"}],"nameUrl":"StructureDefinition-NoDomainVitalSignsRespirationRateBodyPositionExtension.html","title":"NoDomainVitalSignsRespirationRateBodyPosition-Extension","generation":"generated"},{"extension":[{"url":"http://hl7.org/fhir/tools/StructureDefinition/ig-page-name","valueUrl":"StructureDefinition-NoDomainVitalSignsRespirationRegularityExtension.html"}],"nameUrl":"StructureDefinition-NoDomainVitalSignsRespirationRegularityExtension.html","title":"NoDomainVitalSignsRespirationRegularity-Extension","generation":"generated"},{"extension":[{"url":"http://hl7.org/fhir/tools/StructureDefinition/ig-page-name","valueUrl":"StructureDefinition-NoDomainVitalSignsSleepStatusExtension.html"}],"nameUrl":"StructureDefinition-NoDomainVitalSignsSleepStatusExtension.html","title":"NoDomainVitalSignsSleepStatus-Extension","generation":"generated"},{"extension":[{"url":"http://hl7.org/fhir/tools/StructureDefinition/ig-page-name","valueUrl":"StructureDefinition-NoDomainVitalSignsSpontaneousBreathingExtension.html"}],"nameUrl":"StructureDefinition-NoDomainVitalSignsSpontaneousBreathingExtension.html","title":"NoDomainVitalSignsSpontaneousBreathing-Extension","generation":"generated"},{"extension":[{"url":"http://hl7.org/fhir/tools/StructureDefinition/ig-page-name","valueUrl":"StructureDefinition-NoDomainVitalSignsTiltExtension.html"}],"nameUrl":"StructureDefinition-NoDomainVitalSignsTiltExtension.html","title":"NoDomainVitalSignsTilt-Extension","generation":"generated"},{"extension":[{"url":"http://hl7.org/fhir/tools/StructureDefinition/ig-page-name","valueUrl":"ValueSet-NoDomainVitalSignsBloodpressureBodyPositionValueSet.html"}],"nameUrl":"ValueSet-NoDomainVitalSignsBloodpressureBodyPositionValueSet.html","title":"NoDomainVitalSignsBloodpressureBodyPosition-ValueSet","generation":"generated"},{"extension":[{"url":"http://hl7.org/fhir/tools/StructureDefinition/ig-page-name","valueUrl":"ValueSet-NoDomainVitalSignsBloodpressureBodySiteValueSet.html"}],"nameUrl":"ValueSet-NoDomainVitalSignsBloodpressureBodySiteValueSet.html","title":"NoDomainVitalSignsBloodpressureBodySite-ValueSet","generation":"generated"},{"extension":[{"url":"http://hl7.org/fhir/tools/StructureDefinition/ig-page-name","valueUrl":"ValueSet-NoDomainVitalSignsBloodPressureMeasurementMethodValueSet.html"}],"nameUrl":"ValueSet-NoDomainVitalSignsBloodPressureMeasurementMethodValueSet.html","title":"NoDomainVitalSignsBloodPressureMeasurementMethod-ValueSet","generation":"generated"},{"extension":[{"url":"http://hl7.org/fhir/tools/StructureDefinition/ig-page-name","valueUrl":"ValueSet-NoDomainVitalSignsBodyExposureValueSet.html"}],"nameUrl":"ValueSet-NoDomainVitalSignsBodyExposureValueSet.html","title":"NoDomainVitalSignsBodyExposure-ValueSet","generation":"generated"},{"extension":[{"url":"http://hl7.org/fhir/tools/StructureDefinition/ig-page-name","valueUrl":"ValueSet-NoDomainVitalSignsBodyHeightBodyPositionValueSet.html"}],"nameUrl":"ValueSet-NoDomainVitalSignsBodyHeightBodyPositionValueSet.html","title":"NoDomainVitalSignsBodyHeightBodyPosition-ValueSet","generation":"generated"},{"extension":[{"url":"http://hl7.org/fhir/tools/StructureDefinition/ig-page-name","valueUrl":"ValueSet-NoDomainVitalSignsBodyTempBodySiteValueSet.html"}],"nameUrl":"ValueSet-NoDomainVitalSignsBodyTempBodySiteValueSet.html","title":"NoDomainVitalSignsBodyTempBodySite-ValueSet","generation":"generated"},{"extension":[{"url":"http://hl7.org/fhir/tools/StructureDefinition/ig-page-name","valueUrl":"ValueSet-NoDomainVitalSignsClothingStateValueSet.html"}],"nameUrl":"ValueSet-NoDomainVitalSignsClothingStateValueSet.html","title":"NoDomainVitalSignsClothingState-ValueSet","generation":"generated"},{"extension":[{"url":"http://hl7.org/fhir/tools/StructureDefinition/ig-page-name","valueUrl":"ValueSet-NoDomainVitalSignsCuffsizeValueSet.html"}],"nameUrl":"ValueSet-NoDomainVitalSignsCuffsizeValueSet.html","title":"NoDomainVitalSignsCuffsize-ValueSet","generation":"generated"},{"extension":[{"url":"http://hl7.org/fhir/tools/StructureDefinition/ig-page-name","valueUrl":"ValueSet-NoDomainVitalSignsDiastolicEndPointValueSet.html"}],"nameUrl":"ValueSet-NoDomainVitalSignsDiastolicEndPointValueSet.html","title":"NoDomainVitalSignsDiastolicendPoint-ValueSet","generation":"generated"},{"extension":[{"url":"http://hl7.org/fhir/tools/StructureDefinition/ig-page-name","valueUrl":"ValueSet-NoDomainVitalSignsHeartRateBodySiteValueSet.html"}],"nameUrl":"ValueSet-NoDomainVitalSignsHeartRateBodySiteValueSet.html","title":"NoDomainVitalSignsHeartRateBodySite-ValueSet","generation":"generated"},{"extension":[{"url":"http://hl7.org/fhir/tools/StructureDefinition/ig-page-name","valueUrl":"ValueSet-NoDomainVitalSignsHeartRateMeasurementMethodValueSet.html"}],"nameUrl":"ValueSet-NoDomainVitalSignsHeartRateMeasurementMethodValueSet.html","title":"NoDomainVitalSignsHeartRateMeasurementMethod-ValueSet","generation":"generated"},{"extension":[{"url":"http://hl7.org/fhir/tools/StructureDefinition/ig-page-name","valueUrl":"ValueSet-NoDomainVitalSignsHeartRatePulseBodyPositionValueSet.html"}],"nameUrl":"ValueSet-NoDomainVitalSignsHeartRatePulseBodyPositionValueSet.html","title":"NoDomainVitalSignsHeartRatePulseBodyPosition-ValueSet","generation":"generated"},{"extension":[{"url":"http://hl7.org/fhir/tools/StructureDefinition/ig-page-name","valueUrl":"ValueSet-NoDomainVitalSignsHeartRhythmIrregularityValueSet.html"}],"nameUrl":"ValueSet-NoDomainVitalSignsHeartRhythmIrregularityValueSet.html","title":"NoDomainVitalSignsHeartRhythmIrregularity-ValueSet","generation":"generated"},{"extension":[{"url":"http://hl7.org/fhir/tools/StructureDefinition/ig-page-name","valueUrl":"ValueSet-NoDomainVitalSignsPulseBodySiteValueSet.html"}],"nameUrl":"ValueSet-NoDomainVitalSignsPulseBodySiteValueSet.html","title":"NoDomainVitalSignsPulseBodySite-ValueSet","generation":"generated"},{"extension":[{"url":"http://hl7.org/fhir/tools/StructureDefinition/ig-page-name","valueUrl":"ValueSet-NoDomainVitalSignsPulseMeasurementMethodValueSet.html"}],"nameUrl":"ValueSet-NoDomainVitalSignsPulseMeasurementMethodValueSet.html","title":"NoDomainVitalSignsPulseMeasurementMethod-ValueSet","generation":"generated"},{"extension":[{"url":"http://hl7.org/fhir/tools/StructureDefinition/ig-page-name","valueUrl":"ValueSet-NoDomainVitalSignsPulseRhythmValueSet.html"}],"nameUrl":"ValueSet-NoDomainVitalSignsPulseRhythmValueSet.html","title":"NoDomainVitalSignsPulseRhythm-ValueSet","generation":"generated"},{"extension":[{"url":"http://hl7.org/fhir/tools/StructureDefinition/ig-page-name","valueUrl":"ValueSet-NoDomainVitalSignsPulseRhythmIrregularityValueSet.html"}],"nameUrl":"ValueSet-NoDomainVitalSignsPulseRhythmIrregularityValueSet.html","title":"NoDomainVitalSignsPulseRhythmIrregularity-ValueSet","generation":"generated"},{"extension":[{"url":"http://hl7.org/fhir/tools/StructureDefinition/ig-page-name","valueUrl":"ValueSet-NoDomainVitalSignsRespirationRateBodyPositionValueSet.html"}],"nameUrl":"ValueSet-NoDomainVitalSignsRespirationRateBodyPositionValueSet.html","title":"NoDomainVitalSignsRespirationRateBodyPosition-ValueSet","generation":"generated"},{"extension":[{"url":"http://hl7.org/fhir/tools/StructureDefinition/ig-page-name","valueUrl":"ValueSet-NoDomainVitalSignsRespirationRateDepthValueSet.html"}],"nameUrl":"ValueSet-NoDomainVitalSignsRespirationRateDepthValueSet.html","title":"NoDomainVitalSignsRespirationRateDepth-ValueSet","generation":"generated"},{"extension":[{"url":"http://hl7.org/fhir/tools/StructureDefinition/ig-page-name","valueUrl":"ValueSet-NoDomainVitalSignsRespirationRegularityValueSet.html"}],"nameUrl":"ValueSet-NoDomainVitalSignsRespirationRegularityValueSet.html","title":"NoDomainVitalSignsRespirationRegularity-ValueSet","generation":"generated"},{"extension":[{"url":"http://hl7.org/fhir/tools/StructureDefinition/ig-page-name","valueUrl":"ValueSet-NoDomainVitalSignsSleepStatusValueSet.html"}],"nameUrl":"ValueSet-NoDomainVitalSignsSleepStatusValueSet.html","title":"NoDomainVitalSignsSleepStatus-ValueSet","generation":"generated"},{"extension":[{"url":"http://hl7.org/fhir/tools/StructureDefinition/ig-page-name","valueUrl":"ValueSet-NoDomainVitalSignsSpontaneousBreathingValueSet.html"}],"nameUrl":"ValueSet-NoDomainVitalSignsSpontaneousBreathingValueSet.html","title":"NoDomainVitalSignsSpontaneousBreathing-ValueSet","generation":"generated"},{"extension":[{"url":"http://hl7.org/fhir/tools/StructureDefinition/ig-page-name","valueUrl":"Observation-no-blood-pressure-create.html"}],"nameUrl":"Observation-no-blood-pressure-create.html","title":"no-blood-pressure-create","generation":"generated"},{"extension":[{"url":"http://hl7.org/fhir/tools/StructureDefinition/ig-page-name","valueUrl":"Observation-no-body-height-create.html"}],"nameUrl":"Observation-no-body-height-create.html","title":"no-body-height-create","generation":"generated"},{"extension":[{"url":"http://hl7.org/fhir/tools/StructureDefinition/ig-page-name","valueUrl":"Observation-no-body-temperature-create.html"}],"nameUrl":"Observation-no-body-temperature-create.html","title":"no-body-temperature-create","generation":"generated"},{"extension":[{"url":"http://hl7.org/fhir/tools/StructureDefinition/ig-page-name","valueUrl":"Observation-no-body-weight-create.html"}],"nameUrl":"Observation-no-body-weight-create.html","title":"no-body-weight-create","generation":"generated"},{"extension":[{"url":"http://hl7.org/fhir/tools/StructureDefinition/ig-page-name","valueUrl":"Observation-no-heart-rate-create.html"}],"nameUrl":"Observation-no-heart-rate-create.html","title":"no-heart-rate-create","generation":"generated"},{"extension":[{"url":"http://hl7.org/fhir/tools/StructureDefinition/ig-page-name","valueUrl":"Observation-no-oxygen-saturation-create.html"}],"nameUrl":"Observation-no-oxygen-saturation-create.html","title":"no-oxygen-saturation-create","generation":"generated"},{"extension":[{"url":"http://hl7.org/fhir/tools/StructureDefinition/ig-page-name","valueUrl":"Observation-no-pulse-rate.html"}],"nameUrl":"Observation-no-pulse-rate.html","title":"no-pulse-rate","generation":"generated"},{"extension":[{"url":"http://hl7.org/fhir/tools/StructureDefinition/ig-page-name","valueUrl":"Observation-no-respiratory-rate-create.html"}],"nameUrl":"Observation-no-respiratory-rate-create.html","title":"no-respiratory-rate-create","generation":"generated"},{"extension":[{"url":"http://hl7.org/fhir/tools/StructureDefinition/ig-page-name","valueUrl":"Organization-afa23.html"}],"nameUrl":"Organization-afa23.html","title":"Organization details of afa23","generation":"generated"},{"extension":[{"url":"http://hl7.org/fhir/tools/StructureDefinition/ig-page-name","valueUrl":"Patient-cdp1000240.html"}],"nameUrl":"Patient-cdp1000240.html","title":"Patient details of cdp1000240","generation":"generated"},{"extension":[{"url":"http://hl7.org/fhir/tools/StructureDefinition/ig-page-name","valueUrl":"Patient-cdp1000808.html"}],"nameUrl":"Patient-cdp1000808.html","title":"Patient details of cdp1000808","generation":"generated"},{"extension":[{"url":"http://hl7.org/fhir/tools/StructureDefinition/ig-page-name","valueUrl":"PractitionerRole-agb104.html"}],"nameUrl":"PractitionerRole-agb104.html","title":"Practioner details of agb104","generation":"generated"},{"extension":[{"url":"http://hl7.org/fhir/tools/StructureDefinition/ig-page-name","valueUrl":"PractitionerRole-agb30.html"}],"nameUrl":"PractitionerRole-agb30.html","title":"PractitionerRole details of agb30","generation":"generated"}]}]},"parameter":[{"code":"path-resource","value":"input/capabilities"},{"code":"path-resource","value":"input/examples"},{"code":"path-resource","value":"input/extensions"},{"code":"path-resource","value":"input/models"},{"code":"path-resource","value":"input/operations"},{"code":"path-resource","value":"input/profiles"},{"code":"path-resource","value":"input/resources"},{"code":"path-resource","value":"input/vocabulary"},{"code":"path-resource","value":"input/maps"},{"code":"path-resource","value":"input/testing"},{"code":"path-resource","value":"input/history"},{"code":"path-resource","value":"fsh-generated/resources"},{"code":"path-pages","value":"template/config"},{"code":"path-pages","value":"input/images"},{"code":"path-tx-cache","value":"input-cache/txcache"}]}}