{"resourceType":"ImplementationGuide","id":"hl7.fhir.no.domain.vitalsigns","text":{"status":"generated","div":"<div xmlns=\"http://www.w3.org/1999/xhtml\"><p class=\"res-header-id\"><b>Generated Narrative: ImplementationGuide hl7.fhir.no.domain.vitalsigns</b></p><a name=\"hl7.fhir.no.domain.vitalsigns\"> </a><a name=\"hchl7.fhir.no.domain.vitalsigns\"> </a><a name=\"hl7.fhir.no.domain.vitalsigns-no-NO\"> </a><h2>NoDomainVitalSigns</h2><p>The official URL for this implementation guide is: </p><pre>http://hl7.no/fhir/ImplementationGuide/hl7.fhir.no.domain.vitalsigns</pre></div>"},"url":"http://hl7.no/fhir/ImplementationGuide/hl7.fhir.no.domain.vitalsigns","version":"0.8.4","name":"NoDomainVitalSigns","status":"draft","date":"2025-05-13T11:46:36+00:00","publisher":"HL7 Norway","contact":[{"name":"HL7 Norway","telecom":[{"system":"url","value":"http://www.hl7.no"}]}],"jurisdiction":[{"coding":[{"system":"urn:iso:std:iso:3166","code":"NO","display":"Norway"}]}],"packageId":"hl7.fhir.no.domain.vitalsigns","license":"CC0-1.0","fhirVersion":["4.0.1"],"dependsOn":[{"id":"hl7tx","extension":[{"url":"http://hl7.org/fhir/tools/StructureDefinition/implementationguide-dependency-comment","valueMarkdown":"Automatically added as a dependency - all IGs depend on HL7 Terminology"}],"uri":"http://terminology.hl7.org/ImplementationGuide/hl7.terminology","packageId":"hl7.terminology.r4","version":"6.3.0"},{"id":"hl7ext","extension":[{"url":"http://hl7.org/fhir/tools/StructureDefinition/implementationguide-dependency-comment","valueMarkdown":"Automatically added as a dependency - all IGs depend on the HL7 Extension Pack"}],"uri":"http://hl7.org/fhir/extensions/ImplementationGuide/hl7.fhir.uv.extensions","packageId":"hl7.fhir.uv.extensions.r4","version":"5.2.0"},{"id":"hl7_fhir_no_basis","uri":"http://fhir.org/packages/hl7.fhir.no.basis/ImplementationGuide/hl7.fhir.no.basis","packageId":"hl7.fhir.no.basis","version":"2.2.0"}],"definition":{"extension":[{"extension":[{"url":"code","valueString":"copyrightyear"},{"url":"value","valueString":"2024+"}],"url":"http://hl7.org/fhir/tools/StructureDefinition/ig-parameter"},{"extension":[{"url":"code","valueString":"releaselabel"},{"url":"value","valueString":"ballotNormative-2"}],"url":"http://hl7.org/fhir/tools/StructureDefinition/ig-parameter"},{"extension":[{"url":"code","valueString":"autoload-resources"},{"url":"value","valueString":"true"}],"url":"http://hl7.org/fhir/tools/StructureDefinition/ig-parameter"},{"extension":[{"url":"code","valueString":"path-liquid"},{"url":"value","valueString":"template/liquid"}],"url":"http://hl7.org/fhir/tools/StructureDefinition/ig-parameter"},{"extension":[{"url":"code","valueString":"path-liquid"},{"url":"value","valueString":"input/liquid"}],"url":"http://hl7.org/fhir/tools/StructureDefinition/ig-parameter"},{"extension":[{"url":"code","valueString":"path-qa"},{"url":"value","valueString":"temp/qa"}],"url":"http://hl7.org/fhir/tools/StructureDefinition/ig-parameter"},{"extension":[{"url":"code","valueString":"path-temp"},{"url":"value","valueString":"temp/pages"}],"url":"http://hl7.org/fhir/tools/StructureDefinition/ig-parameter"},{"extension":[{"url":"code","valueString":"path-output"},{"url":"value","valueString":"output"}],"url":"http://hl7.org/fhir/tools/StructureDefinition/ig-parameter"},{"extension":[{"url":"code","valueString":"path-suppressed-warnings"},{"url":"value","valueString":"input/ignoreWarnings.txt"}],"url":"http://hl7.org/fhir/tools/StructureDefinition/ig-parameter"},{"extension":[{"url":"code","valueString":"path-history"},{"url":"value","valueString":"http://hl7.no/fhir/history.html"}],"url":"http://hl7.org/fhir/tools/StructureDefinition/ig-parameter"},{"extension":[{"url":"code","valueString":"template-html"},{"url":"value","valueString":"template-page.html"}],"url":"http://hl7.org/fhir/tools/StructureDefinition/ig-parameter"},{"extension":[{"url":"code","valueString":"template-md"},{"url":"value","valueString":"template-page-md.html"}],"url":"http://hl7.org/fhir/tools/StructureDefinition/ig-parameter"},{"extension":[{"url":"code","valueString":"apply-contact"},{"url":"value","valueString":"true"}],"url":"http://hl7.org/fhir/tools/StructureDefinition/ig-parameter"},{"extension":[{"url":"code","valueString":"apply-context"},{"url":"value","valueString":"true"}],"url":"http://hl7.org/fhir/tools/StructureDefinition/ig-parameter"},{"extension":[{"url":"code","valueString":"apply-copyright"},{"url":"value","valueString":"true"}],"url":"http://hl7.org/fhir/tools/StructureDefinition/ig-parameter"},{"extension":[{"url":"code","valueString":"apply-jurisdiction"},{"url":"value","valueString":"true"}],"url":"http://hl7.org/fhir/tools/StructureDefinition/ig-parameter"},{"extension":[{"url":"code","valueString":"apply-license"},{"url":"value","valueString":"true"}],"url":"http://hl7.org/fhir/tools/StructureDefinition/ig-parameter"},{"extension":[{"url":"code","valueString":"apply-publisher"},{"url":"value","valueString":"true"}],"url":"http://hl7.org/fhir/tools/StructureDefinition/ig-parameter"},{"extension":[{"url":"code","valueString":"apply-version"},{"url":"value","valueString":"true"}],"url":"http://hl7.org/fhir/tools/StructureDefinition/ig-parameter"},{"extension":[{"url":"code","valueString":"apply-wg"},{"url":"value","valueString":"true"}],"url":"http://hl7.org/fhir/tools/StructureDefinition/ig-parameter"},{"extension":[{"url":"code","valueString":"active-tables"},{"url":"value","valueString":"true"}],"url":"http://hl7.org/fhir/tools/StructureDefinition/ig-parameter"},{"extension":[{"url":"code","valueString":"fmm-definition"},{"url":"value","valueString":"http://hl7.org/fhir/versions.html#maturity"}],"url":"http://hl7.org/fhir/tools/StructureDefinition/ig-parameter"},{"extension":[{"url":"code","valueString":"propagate-status"},{"url":"value","valueString":"true"}],"url":"http://hl7.org/fhir/tools/StructureDefinition/ig-parameter"},{"extension":[{"url":"code","valueString":"excludelogbinaryformat"},{"url":"value","valueString":"true"}],"url":"http://hl7.org/fhir/tools/StructureDefinition/ig-parameter"},{"extension":[{"url":"code","valueString":"tabbed-snapshots"},{"url":"value","valueString":"true"}],"url":"http://hl7.org/fhir/tools/StructureDefinition/ig-parameter"},{"url":"http://hl7.org/fhir/tools/StructureDefinition/ig-internal-dependency","valueCode":"hl7.fhir.uv.tools.r4#0.5.0"},{"extension":[{"url":"code","valueCode":"copyrightyear"},{"url":"value","valueString":"2024+"}],"url":"http://hl7.org/fhir/tools/StructureDefinition/ig-parameter"},{"extension":[{"url":"code","valueCode":"releaselabel"},{"url":"value","valueString":"ballotNormative-2"}],"url":"http://hl7.org/fhir/tools/StructureDefinition/ig-parameter"},{"extension":[{"url":"code","valueCode":"autoload-resources"},{"url":"value","valueString":"true"}],"url":"http://hl7.org/fhir/tools/StructureDefinition/ig-parameter"},{"extension":[{"url":"code","valueCode":"path-liquid"},{"url":"value","valueString":"template/liquid"}],"url":"http://hl7.org/fhir/tools/StructureDefinition/ig-parameter"},{"extension":[{"url":"code","valueCode":"path-liquid"},{"url":"value","valueString":"input/liquid"}],"url":"http://hl7.org/fhir/tools/StructureDefinition/ig-parameter"},{"extension":[{"url":"code","valueCode":"path-qa"},{"url":"value","valueString":"temp/qa"}],"url":"http://hl7.org/fhir/tools/StructureDefinition/ig-parameter"},{"extension":[{"url":"code","valueCode":"path-temp"},{"url":"value","valueString":"temp/pages"}],"url":"http://hl7.org/fhir/tools/StructureDefinition/ig-parameter"},{"extension":[{"url":"code","valueCode":"path-output"},{"url":"value","valueString":"output"}],"url":"http://hl7.org/fhir/tools/StructureDefinition/ig-parameter"},{"extension":[{"url":"code","valueCode":"path-suppressed-warnings"},{"url":"value","valueString":"input/ignoreWarnings.txt"}],"url":"http://hl7.org/fhir/tools/StructureDefinition/ig-parameter"},{"extension":[{"url":"code","valueCode":"path-history"},{"url":"value","valueString":"http://hl7.no/fhir/history.html"}],"url":"http://hl7.org/fhir/tools/StructureDefinition/ig-parameter"},{"extension":[{"url":"code","valueCode":"template-html"},{"url":"value","valueString":"template-page.html"}],"url":"http://hl7.org/fhir/tools/StructureDefinition/ig-parameter"},{"extension":[{"url":"code","valueCode":"template-md"},{"url":"value","valueString":"template-page-md.html"}],"url":"http://hl7.org/fhir/tools/StructureDefinition/ig-parameter"},{"extension":[{"url":"code","valueCode":"apply-contact"},{"url":"value","valueString":"true"}],"url":"http://hl7.org/fhir/tools/StructureDefinition/ig-parameter"},{"extension":[{"url":"code","valueCode":"apply-context"},{"url":"value","valueString":"true"}],"url":"http://hl7.org/fhir/tools/StructureDefinition/ig-parameter"},{"extension":[{"url":"code","valueCode":"apply-copyright"},{"url":"value","valueString":"true"}],"url":"http://hl7.org/fhir/tools/StructureDefinition/ig-parameter"},{"extension":[{"url":"code","valueCode":"apply-jurisdiction"},{"url":"value","valueString":"true"}],"url":"http://hl7.org/fhir/tools/StructureDefinition/ig-parameter"},{"extension":[{"url":"code","valueCode":"apply-license"},{"url":"value","valueString":"true"}],"url":"http://hl7.org/fhir/tools/StructureDefinition/ig-parameter"},{"extension":[{"url":"code","valueCode":"apply-publisher"},{"url":"value","valueString":"true"}],"url":"http://hl7.org/fhir/tools/StructureDefinition/ig-parameter"},{"extension":[{"url":"code","valueCode":"apply-version"},{"url":"value","valueString":"true"}],"url":"http://hl7.org/fhir/tools/StructureDefinition/ig-parameter"},{"extension":[{"url":"code","valueCode":"apply-wg"},{"url":"value","valueString":"true"}],"url":"http://hl7.org/fhir/tools/StructureDefinition/ig-parameter"},{"extension":[{"url":"code","valueCode":"active-tables"},{"url":"value","valueString":"true"}],"url":"http://hl7.org/fhir/tools/StructureDefinition/ig-parameter"},{"extension":[{"url":"code","valueCode":"fmm-definition"},{"url":"value","valueString":"http://hl7.org/fhir/versions.html#maturity"}],"url":"http://hl7.org/fhir/tools/StructureDefinition/ig-parameter"},{"extension":[{"url":"code","valueCode":"propagate-status"},{"url":"value","valueString":"true"}],"url":"http://hl7.org/fhir/tools/StructureDefinition/ig-parameter"},{"extension":[{"url":"code","valueCode":"excludelogbinaryformat"},{"url":"value","valueString":"true"}],"url":"http://hl7.org/fhir/tools/StructureDefinition/ig-parameter"},{"extension":[{"url":"code","valueCode":"tabbed-snapshots"},{"url":"value","valueString":"true"}],"url":"http://hl7.org/fhir/tools/StructureDefinition/ig-parameter"},{"extension":[{"url":"code","valueCode":"copyrightyear"},{"url":"value","valueString":"2024+"}],"url":"http://hl7.org/fhir/tools/StructureDefinition/ig-parameter"},{"extension":[{"url":"code","valueCode":"releaselabel"},{"url":"value","valueString":"ballotNormative-2"}],"url":"http://hl7.org/fhir/tools/StructureDefinition/ig-parameter"},{"extension":[{"url":"code","valueCode":"autoload-resources"},{"url":"value","valueString":"true"}],"url":"http://hl7.org/fhir/tools/StructureDefinition/ig-parameter"},{"extension":[{"url":"code","valueCode":"path-liquid"},{"url":"value","valueString":"template/liquid"}],"url":"http://hl7.org/fhir/tools/StructureDefinition/ig-parameter"},{"extension":[{"url":"code","valueCode":"path-liquid"},{"url":"value","valueString":"input/liquid"}],"url":"http://hl7.org/fhir/tools/StructureDefinition/ig-parameter"},{"extension":[{"url":"code","valueCode":"path-qa"},{"url":"value","valueString":"temp/qa"}],"url":"http://hl7.org/fhir/tools/StructureDefinition/ig-parameter"},{"extension":[{"url":"code","valueCode":"path-temp"},{"url":"value","valueString":"temp/pages"}],"url":"http://hl7.org/fhir/tools/StructureDefinition/ig-parameter"},{"extension":[{"url":"code","valueCode":"path-output"},{"url":"value","valueString":"output"}],"url":"http://hl7.org/fhir/tools/StructureDefinition/ig-parameter"},{"extension":[{"url":"code","valueCode":"path-suppressed-warnings"},{"url":"value","valueString":"input/ignoreWarnings.txt"}],"url":"http://hl7.org/fhir/tools/StructureDefinition/ig-parameter"},{"extension":[{"url":"code","valueCode":"path-history"},{"url":"value","valueString":"http://hl7.no/fhir/history.html"}],"url":"http://hl7.org/fhir/tools/StructureDefinition/ig-parameter"},{"extension":[{"url":"code","valueCode":"template-html"},{"url":"value","valueString":"template-page.html"}],"url":"http://hl7.org/fhir/tools/StructureDefinition/ig-parameter"},{"extension":[{"url":"code","valueCode":"template-md"},{"url":"value","valueString":"template-page-md.html"}],"url":"http://hl7.org/fhir/tools/StructureDefinition/ig-parameter"},{"extension":[{"url":"code","valueCode":"apply-contact"},{"url":"value","valueString":"true"}],"url":"http://hl7.org/fhir/tools/StructureDefinition/ig-parameter"},{"extension":[{"url":"code","valueCode":"apply-context"},{"url":"value","valueString":"true"}],"url":"http://hl7.org/fhir/tools/StructureDefinition/ig-parameter"},{"extension":[{"url":"code","valueCode":"apply-copyright"},{"url":"value","valueString":"true"}],"url":"http://hl7.org/fhir/tools/StructureDefinition/ig-parameter"},{"extension":[{"url":"code","valueCode":"apply-jurisdiction"},{"url":"value","valueString":"true"}],"url":"http://hl7.org/fhir/tools/StructureDefinition/ig-parameter"},{"extension":[{"url":"code","valueCode":"apply-license"},{"url":"value","valueString":"true"}],"url":"http://hl7.org/fhir/tools/StructureDefinition/ig-parameter"},{"extension":[{"url":"code","valueCode":"apply-publisher"},{"url":"value","valueString":"true"}],"url":"http://hl7.org/fhir/tools/StructureDefinition/ig-parameter"},{"extension":[{"url":"code","valueCode":"apply-version"},{"url":"value","valueString":"true"}],"url":"http://hl7.org/fhir/tools/StructureDefinition/ig-parameter"},{"extension":[{"url":"code","valueCode":"apply-wg"},{"url":"value","valueString":"true"}],"url":"http://hl7.org/fhir/tools/StructureDefinition/ig-parameter"},{"extension":[{"url":"code","valueCode":"active-tables"},{"url":"value","valueString":"true"}],"url":"http://hl7.org/fhir/tools/StructureDefinition/ig-parameter"},{"extension":[{"url":"code","valueCode":"fmm-definition"},{"url":"value","valueString":"http://hl7.org/fhir/versions.html#maturity"}],"url":"http://hl7.org/fhir/tools/StructureDefinition/ig-parameter"},{"extension":[{"url":"code","valueCode":"propagate-status"},{"url":"value","valueString":"true"}],"url":"http://hl7.org/fhir/tools/StructureDefinition/ig-parameter"},{"extension":[{"url":"code","valueCode":"excludelogbinaryformat"},{"url":"value","valueString":"true"}],"url":"http://hl7.org/fhir/tools/StructureDefinition/ig-parameter"},{"extension":[{"url":"code","valueCode":"tabbed-snapshots"},{"url":"value","valueString":"true"}],"url":"http://hl7.org/fhir/tools/StructureDefinition/ig-parameter"}],"grouping":[{"id":"-str-profile","name":"Structures: Resource Profiles","description":"These define constraints on FHIR resources for systems conforming to this implementation guide."},{"id":"-str-extension","name":"Structures: Extension Definitions","description":"These define constraints on FHIR data types for systems conforming to this implementation guide."},{"id":"-term-valueset","name":"Terminology: Value Sets","description":"These define sets of codes used by systems conforming to this implementation guide."},{"id":"-ex-example","name":"Example: Example Instances","description":"These are example instances that show what data produced and consumed by systems conforming with this implementation guide might look like."}],"resource":[{"extension":[{"url":"http://hl7.org/fhir/tools/StructureDefinition/resource-sort","valueInteger":999999999},{"url":"http://hl7.org/fhir/StructureDefinition/implementationguide-page","valueUri":"StructureDefinition-NoDomainVitalSignsObservationBloodpressure.html"}],"reference":{"reference":"StructureDefinition/NoDomainVitalSignsObservationBloodpressure"},"name":"NO Domain VitalSigns Observation - Blood pressure","description":"Domain profile for Norwegian Vital Signs Observation of Blood Pressure. To be used for recording an individual's systemic arterial blood pressure.\nIt represents the local measurement of arterial blood pressure, serving as a surrogate for arterial pressure in the systemic circulation.","exampleBoolean":false,"groupingId":"-str-profile"},{"extension":[{"url":"http://hl7.org/fhir/tools/StructureDefinition/resource-sort","valueInteger":999999999},{"url":"http://hl7.org/fhir/StructureDefinition/implementationguide-page","valueUri":"StructureDefinition-NoDomainVitalSignsObservationBodyHeight.html"}],"reference":{"reference":"StructureDefinition/NoDomainVitalSignsObservationBodyHeight"},"name":"NO Domain VitalSigns Observation - Body Height","description":"Domain profile for Norwegian Vital Signs Observation Body Height information.  \nTo be used for recording the measured height or body length of an individual at any point in time. It represents the individual's height or length measured from the crown of the head to the sole of the foot.","exampleBoolean":false,"groupingId":"-str-profile"},{"extension":[{"url":"http://hl7.org/fhir/tools/StructureDefinition/resource-sort","valueInteger":999999999},{"url":"http://hl7.org/fhir/StructureDefinition/implementationguide-page","valueUri":"StructureDefinition-NoDomainVitalSignsObservationBodyTemp.html"}],"reference":{"reference":"StructureDefinition/NoDomainVitalSignsObservationBodyTemp"},"name":"NO Domain VitalSigns Observation - Body Temperature","description":"Domain profile for Norwegian Vital Signs Observation Body Temperature information. To be used for recording the measurement of an individual's body temperature. which is a surrogate for the core body temperature of the individual.","exampleBoolean":false,"groupingId":"-str-profile"},{"extension":[{"url":"http://hl7.org/fhir/tools/StructureDefinition/resource-sort","valueInteger":999999999},{"url":"http://hl7.org/fhir/StructureDefinition/implementationguide-page","valueUri":"StructureDefinition-NoDomainVitalSignsObservationBodyWeight.html"}],"reference":{"reference":"StructureDefinition/NoDomainVitalSignsObservationBodyWeight"},"name":"NO Domain VitalSigns Observation - Body Weight","description":"Domain profile for Norwegian Vital Signs Observation Body Weight information. To be used for recording the actual measurement of body weight, including when the individual is missing a body part due to a congenital cause or after surgical removal.","exampleBoolean":false,"groupingId":"-str-profile"},{"extension":[{"url":"http://hl7.org/fhir/tools/StructureDefinition/resource-sort","valueInteger":999999999},{"url":"http://hl7.org/fhir/StructureDefinition/implementationguide-page","valueUri":"StructureDefinition-NoDomainVitalSignsObservationHeartRate.html"}],"reference":{"reference":"StructureDefinition/NoDomainVitalSignsObservationHeartRate"},"name":"NO Domain VitalSigns Observation - Heart Rate","description":"Domain profile for Norwegian Vital Signs Observation Heart Rate information.  \nTo be used for recording the rate and associated attributes for a heart beat. This profile describes how to use a SNOMED code to indicate that the measurement is a general heart rate measurement, and not a more specific measurement of the actual heart beat or pulse reading.","exampleBoolean":false,"groupingId":"-str-profile"},{"extension":[{"url":"http://hl7.org/fhir/tools/StructureDefinition/resource-sort","valueInteger":999999999},{"url":"http://hl7.org/fhir/StructureDefinition/implementationguide-page","valueUri":"StructureDefinition-NoDomainVitalSignsObservationOxygenSaturation.html"}],"reference":{"reference":"StructureDefinition/NoDomainVitalSignsObservationOxygenSaturation"},"name":"NO Domain VitalSigns Observation - Oxygen Saturation","description":"Domain profile for Norwegian Vital Signs Observation Oxygen Saturation information.  \nTo be used for recording blood oxygen and related measurements, measured by pulse oximetry or pulse CO-oximetry.","exampleBoolean":false,"groupingId":"-str-profile"},{"extension":[{"url":"http://hl7.org/fhir/tools/StructureDefinition/resource-sort","valueInteger":999999999},{"url":"http://hl7.org/fhir/StructureDefinition/implementationguide-page","valueUri":"StructureDefinition-NoDomainVitalSignsObservationPulse.html"}],"reference":{"reference":"StructureDefinition/NoDomainVitalSignsObservationPulse"},"name":"NO Domain VitalSigns Observation - Pulse","description":"Domain profile for Norwegian Vital Signs Observation Pulse information. To be used for recording the number of times your arteries create a noticeable pulse due to increase in blood pressure. This profile describes how to use a SNOMED code to indicate that the measurement is actually a pulse measurement at systemic artery, and not a general heart rate measurement that can be measured both as pulse and the actual heart beat.","exampleBoolean":false,"groupingId":"-str-profile"},{"extension":[{"url":"http://hl7.org/fhir/tools/StructureDefinition/resource-sort","valueInteger":999999999},{"url":"http://hl7.org/fhir/StructureDefinition/implementationguide-page","valueUri":"StructureDefinition-NoDomainVitalSignsObservationRespirationRate.html"}],"reference":{"reference":"StructureDefinition/NoDomainVitalSignsObservationRespirationRate"},"name":"NO Domain VitalSigns Observation - Respiration Rate","description":"Domain profile for Norwegian Vital Signs Observation Respiration Rate information.  \nTo be used for recording the observed and measured characteristics of spontaneous breathing by an individual, including respiratory rate, depth and rhythm.","exampleBoolean":false,"groupingId":"-str-profile"},{"extension":[{"url":"http://hl7.org/fhir/tools/StructureDefinition/resource-sort","valueInteger":999999999},{"url":"http://hl7.org/fhir/StructureDefinition/implementationguide-page","valueUri":"StructureDefinition-NoDomainVitalSignsObservationActiveHeating.html"}],"reference":{"reference":"StructureDefinition/NoDomainVitalSignsObservationActiveHeating"},"name":"NoDomainVitalSignsObservationActiveHeating","description":"description of the conditions applied","exampleBoolean":false,"groupingId":"-str-extension"},{"extension":[{"url":"http://hl7.org/fhir/tools/StructureDefinition/resource-sort","valueInteger":999999999},{"url":"http://hl7.org/fhir/StructureDefinition/implementationguide-page","valueUri":"StructureDefinition-NoDomainVitalSignsObservationBloodpressureBodyPosition.html"}],"reference":{"reference":"StructureDefinition/NoDomainVitalSignsObservationBloodpressureBodyPosition"},"name":"NoDomainVitalSignsObservationBloodpressureBodyPosition","description":"The position of the individual at the time of measurement.","exampleBoolean":false,"groupingId":"-str-extension"},{"extension":[{"url":"http://hl7.org/fhir/tools/StructureDefinition/resource-sort","valueInteger":999999999},{"url":"http://hl7.org/fhir/StructureDefinition/implementationguide-page","valueUri":"StructureDefinition-NoDomainVitalSignsObservationBloodpressureDiastolicFormula.html"}],"reference":{"reference":"StructureDefinition/NoDomainVitalSignsObservationBloodpressureDiastolicFormula"},"name":"NoDomainVitalSignsObservationBloodpressureDiastolicFormula","description":"Formula used to calculate the pressure.","exampleBoolean":false,"groupingId":"-str-extension"},{"extension":[{"url":"http://hl7.org/fhir/tools/StructureDefinition/resource-sort","valueInteger":999999999},{"url":"http://hl7.org/fhir/StructureDefinition/implementationguide-page","valueUri":"StructureDefinition-NoDomainVitalSignsObservationBloodpressureMeanArterialFormula.html"}],"reference":{"reference":"StructureDefinition/NoDomainVitalSignsObservationBloodpressureMeanArterialFormula"},"name":"NoDomainVitalSignsObservationBloodpressureMeanArterialFormula","description":"Formula used to calculate the pressure.","exampleBoolean":false,"groupingId":"-str-extension"},{"extension":[{"url":"http://hl7.org/fhir/tools/StructureDefinition/resource-sort","valueInteger":999999999},{"url":"http://hl7.org/fhir/StructureDefinition/implementationguide-page","valueUri":"StructureDefinition-NoDomainVitalSignsObservationBloodpressureSystolicFormula.html"}],"reference":{"reference":"StructureDefinition/NoDomainVitalSignsObservationBloodpressureSystolicFormula"},"name":"NoDomainVitalSignsObservationBloodpressureSystolicFormula","description":"Formula used to calculate the pressure.","exampleBoolean":false,"groupingId":"-str-extension"},{"extension":[{"url":"http://hl7.org/fhir/tools/StructureDefinition/resource-sort","valueInteger":999999999},{"url":"http://hl7.org/fhir/StructureDefinition/implementationguide-page","valueUri":"StructureDefinition-NoDomainVitalSignsObservationBodyExposure.html"}],"reference":{"reference":"StructureDefinition/NoDomainVitalSignsObservationBodyExposure"},"name":"NoDomainVitalSignsObservationBodyExposure","description":"The degree of exposure of the individual at the time of measurement.","exampleBoolean":false,"groupingId":"-str-extension"},{"extension":[{"url":"http://hl7.org/fhir/tools/StructureDefinition/resource-sort","valueInteger":999999999},{"url":"http://hl7.org/fhir/StructureDefinition/implementationguide-page","valueUri":"StructureDefinition-NoDomainVitalSignsObservationBodyHeightBodyPosition.html"}],"reference":{"reference":"StructureDefinition/NoDomainVitalSignsObservationBodyHeightBodyPosition"},"name":"NoDomainVitalSignsObservationBodyHeightBodyPosition","description":"Position of individual when body height measured.","exampleBoolean":false,"groupingId":"-str-extension"},{"extension":[{"url":"http://hl7.org/fhir/tools/StructureDefinition/resource-sort","valueInteger":999999999},{"url":"http://hl7.org/fhir/StructureDefinition/implementationguide-page","valueUri":"StructureDefinition-NoDomainVitalSignsObservationCharacterOfPulse.html"}],"reference":{"reference":"StructureDefinition/NoDomainVitalSignsObservationCharacterOfPulse"},"name":"NoDomainVitalSignsObservationCharacterOfPulse","description":"Description of the character of the pulse.","exampleBoolean":false,"groupingId":"-str-extension"},{"extension":[{"url":"http://hl7.org/fhir/tools/StructureDefinition/resource-sort","valueInteger":999999999},{"url":"http://hl7.org/fhir/StructureDefinition/implementationguide-page","valueUri":"StructureDefinition-NoDomainVitalSignsObservationClinicalDescription.html"}],"reference":{"reference":"StructureDefinition/NoDomainVitalSignsObservationClinicalDescription"},"name":"NoDomainVitalSignsObservationClinicalDescription","description":"Narrative description about the pulse or heart beat.","exampleBoolean":false,"groupingId":"-str-extension"},{"extension":[{"url":"http://hl7.org/fhir/tools/StructureDefinition/resource-sort","valueInteger":999999999},{"url":"http://hl7.org/fhir/StructureDefinition/implementationguide-page","valueUri":"StructureDefinition-NoDomainVitalSignsObservationClothingState.html"}],"reference":{"reference":"StructureDefinition/NoDomainVitalSignsObservationClothingState"},"name":"NoDomainVitalSignsObservationClothingState","description":"Description of the state of dress of the person at the time of weighing.","exampleBoolean":false,"groupingId":"-str-extension"},{"extension":[{"url":"http://hl7.org/fhir/tools/StructureDefinition/resource-sort","valueInteger":999999999},{"url":"http://hl7.org/fhir/StructureDefinition/implementationguide-page","valueUri":"StructureDefinition-NoDomainVitalSignsObservationConfoundingFactor.html"}],"reference":{"reference":"StructureDefinition/NoDomainVitalSignsObservationConfoundingFactor"},"name":"NoDomainVitalSignsObservationConfoundingFactor","description":"Confounding factor is Issues or factors that may impact on <the measurement>, not captured in other fields","exampleBoolean":false,"groupingId":"-str-extension"},{"extension":[{"url":"http://hl7.org/fhir/tools/StructureDefinition/resource-sort","valueInteger":999999999},{"url":"http://hl7.org/fhir/StructureDefinition/implementationguide-page","valueUri":"StructureDefinition-NoDomainVitalSignsObservationCuffSize.html"}],"reference":{"reference":"StructureDefinition/NoDomainVitalSignsObservationCuffSize"},"name":"NoDomainVitalSignsObservationCuffSize","description":"The size of the cuff used for blood pressure measurement.","exampleBoolean":false,"groupingId":"-str-extension"},{"extension":[{"url":"http://hl7.org/fhir/tools/StructureDefinition/resource-sort","valueInteger":999999999},{"url":"http://hl7.org/fhir/StructureDefinition/implementationguide-page","valueUri":"StructureDefinition-NoDomainVitalSignsObservationDaysSinceMenstruationStart.html"}],"reference":{"reference":"StructureDefinition/NoDomainVitalSignsObservationDaysSinceMenstruationStart"},"name":"NoDomainVitalSignsObservationDaysSinceMenstruationStart","description":"Current day of the menstrual cycle.","exampleBoolean":false,"groupingId":"-str-extension"},{"extension":[{"url":"http://hl7.org/fhir/tools/StructureDefinition/resource-sort","valueInteger":999999999},{"url":"http://hl7.org/fhir/StructureDefinition/implementationguide-page","valueUri":"StructureDefinition-NoDomainVitalSignsObservationDiastolicEndPoint.html"}],"reference":{"reference":"StructureDefinition/NoDomainVitalSignsObservationDiastolicEndPoint"},"name":"NoDomainVitalSignsObservationDiastolicEndPoint","description":"Record which Korotkoff sound is used for determining diastolic pressure using auscultative method.","exampleBoolean":false,"groupingId":"-str-extension"},{"extension":[{"url":"http://hl7.org/fhir/tools/StructureDefinition/resource-sort","valueInteger":999999999},{"url":"http://hl7.org/fhir/StructureDefinition/implementationguide-page","valueUri":"StructureDefinition-NoDomainVitalSignsObservationHeartRatePulseBodyPosition.html"}],"reference":{"reference":"StructureDefinition/NoDomainVitalSignsObservationHeartRatePulseBodyPosition"},"name":"NoDomainVitalSignsObservationHeartRatePulseBodyPosition","description":"Record which Korotkoff sound is used for determining diastolic pressure using auscultative method.","exampleBoolean":false,"groupingId":"-str-extension"},{"extension":[{"url":"http://hl7.org/fhir/tools/StructureDefinition/resource-sort","valueInteger":999999999},{"url":"http://hl7.org/fhir/StructureDefinition/implementationguide-page","valueUri":"StructureDefinition-NoDomainVitalSignsObservationHeartRhythmIrregularity.html"}],"reference":{"reference":"StructureDefinition/NoDomainVitalSignsObservationHeartRhythmIrregularity"},"name":"NoDomainVitalSignsObservationHeartRhythmIrregularity","description":"Patterns  of the  heart beat.","exampleBoolean":false,"groupingId":"-str-extension"},{"extension":[{"url":"http://hl7.org/fhir/tools/StructureDefinition/resource-sort","valueInteger":999999999},{"url":"http://hl7.org/fhir/StructureDefinition/implementationguide-page","valueUri":"StructureDefinition-NoDomainVitalSignsObservationInspiredOxygen.html"}],"reference":{"reference":"StructureDefinition/NoDomainVitalSignsObservationInspiredOxygen"},"name":"NoDomainVitalSignsObservationInspiredOxygen","description":"Details of the amount of oxygen available to the subject at the time of observation.","exampleBoolean":false,"groupingId":"-str-extension"},{"extension":[{"url":"http://hl7.org/fhir/tools/StructureDefinition/resource-sort","valueInteger":999999999},{"url":"http://hl7.org/fhir/StructureDefinition/implementationguide-page","valueUri":"StructureDefinition-NoDomainVitalSignsObservationPulseRhythm.html"}],"reference":{"reference":"StructureDefinition/NoDomainVitalSignsObservationPulseRhythm"},"name":"NoDomainVitalSignsObservationPulseRhythm","description":"Regularity of the pulse","exampleBoolean":false,"groupingId":"-str-extension"},{"extension":[{"url":"http://hl7.org/fhir/tools/StructureDefinition/resource-sort","valueInteger":999999999},{"url":"http://hl7.org/fhir/StructureDefinition/implementationguide-page","valueUri":"StructureDefinition-NoDomainVitalSignsObservationPulseRhythmIrregularity.html"}],"reference":{"reference":"StructureDefinition/NoDomainVitalSignsObservationPulseRhythmIrregularity"},"name":"NoDomainVitalSignsObservationPulseRhythmIrregularity","description":"More specific pattern of an irregular pulse or heart beat.","exampleBoolean":false,"groupingId":"-str-extension"},{"extension":[{"url":"http://hl7.org/fhir/tools/StructureDefinition/resource-sort","valueInteger":999999999},{"url":"http://hl7.org/fhir/StructureDefinition/implementationguide-page","valueUri":"StructureDefinition-NoDomainVitalSignsObservationRespirationDepth.html"}],"reference":{"reference":"StructureDefinition/NoDomainVitalSignsObservationRespirationDepth"},"name":"NoDomainVitalSignsObservationRespirationDepth","description":"The depth of spontaneous breathing.","exampleBoolean":false,"groupingId":"-str-extension"},{"extension":[{"url":"http://hl7.org/fhir/tools/StructureDefinition/resource-sort","valueInteger":999999999},{"url":"http://hl7.org/fhir/StructureDefinition/implementationguide-page","valueUri":"StructureDefinition-NoDomainVitalSignsObservationRespirationRateBodyPosition.html"}],"reference":{"reference":"StructureDefinition/NoDomainVitalSignsObservationRespirationRateBodyPosition"},"name":"NoDomainVitalSignsObservationRespirationRateBodyPosition","description":"The body position of the individual during the observation.","exampleBoolean":false,"groupingId":"-str-extension"},{"extension":[{"url":"http://hl7.org/fhir/tools/StructureDefinition/resource-sort","valueInteger":999999999},{"url":"http://hl7.org/fhir/StructureDefinition/implementationguide-page","valueUri":"StructureDefinition-NoDomainVitalSignsObservationRespirationRegularity.html"}],"reference":{"reference":"StructureDefinition/NoDomainVitalSignsObservationRespirationRegularity"},"name":"NoDomainVitalSignsObservationRespirationRegularity","description":"The regularity of spontaneous breathing.","exampleBoolean":false,"groupingId":"-str-extension"},{"extension":[{"url":"http://hl7.org/fhir/tools/StructureDefinition/resource-sort","valueInteger":999999999},{"url":"http://hl7.org/fhir/StructureDefinition/implementationguide-page","valueUri":"StructureDefinition-NoDomainVitalSignsObservationSleepStatus.html"}],"reference":{"reference":"StructureDefinition/NoDomainVitalSignsObservationSleepStatus"},"name":"NoDomainVitalSignsObservationSleepStatus","description":"Sleep status - supports interpretation of 24 hour ambulatory blood pressure records.","exampleBoolean":false,"groupingId":"-str-extension"},{"extension":[{"url":"http://hl7.org/fhir/tools/StructureDefinition/resource-sort","valueInteger":999999999},{"url":"http://hl7.org/fhir/StructureDefinition/implementationguide-page","valueUri":"StructureDefinition-NoDomainVitalSignsObservationSpontaneousBreathing.html"}],"reference":{"reference":"StructureDefinition/NoDomainVitalSignsObservationSpontaneousBreathing"},"name":"NoDomainVitalSignsObservationSpontaneousBreathing","description":"A narrative description about the spontaneous breathing of the individual.","exampleBoolean":false,"groupingId":"-str-extension"},{"extension":[{"url":"http://hl7.org/fhir/tools/StructureDefinition/resource-sort","valueInteger":999999999},{"url":"http://hl7.org/fhir/StructureDefinition/implementationguide-page","valueUri":"StructureDefinition-NoDomainVitalSignsObservationTilt.html"}],"reference":{"reference":"StructureDefinition/NoDomainVitalSignsObservationTilt"},"name":"NoDomainVitalSignsObservationTilt","description":"The craniocaudal tilt of the surface on which the person is lying at the time of measurement.","exampleBoolean":false,"groupingId":"-str-extension"},{"extension":[{"url":"http://hl7.org/fhir/tools/StructureDefinition/resource-sort","valueInteger":999999999},{"url":"http://hl7.org/fhir/StructureDefinition/implementationguide-page","valueUri":"ValueSet-NoDomainVitalSignsObservationBloodPressureMeasurementMethod.html"}],"reference":{"reference":"ValueSet/NoDomainVitalSignsObservationBloodPressureMeasurementMethod"},"name":"NoDomainVitalSignsObservationBloodPressureMeasurementMethod","description":"Codes representing measurement method for HeartRate","exampleBoolean":false,"groupingId":"-term-valueset"},{"extension":[{"url":"http://hl7.org/fhir/tools/StructureDefinition/resource-sort","valueInteger":999999999},{"url":"http://hl7.org/fhir/StructureDefinition/implementationguide-page","valueUri":"ValueSet-NoDomainVitalSignsObservationBloodpressureBodyPosition.html"}],"reference":{"reference":"ValueSet/NoDomainVitalSignsObservationBloodpressureBodyPosition"},"name":"NoDomainVitalSignsObservationBloodpressureBodyPosition","description":"Codes representing body position for blood pressure","exampleBoolean":false,"groupingId":"-term-valueset"},{"extension":[{"url":"http://hl7.org/fhir/tools/StructureDefinition/resource-sort","valueInteger":999999999},{"url":"http://hl7.org/fhir/StructureDefinition/implementationguide-page","valueUri":"ValueSet-NoDomainVitalSignsObservationBloodpressureBodySite.html"}],"reference":{"reference":"ValueSet/NoDomainVitalSignsObservationBloodpressureBodySite"},"name":"NoDomainVitalSignsObservationBloodpressureBodySite","description":"Codes representing body site for blood pressure","exampleBoolean":false,"groupingId":"-term-valueset"},{"extension":[{"url":"http://hl7.org/fhir/tools/StructureDefinition/resource-sort","valueInteger":999999999},{"url":"http://hl7.org/fhir/StructureDefinition/implementationguide-page","valueUri":"ValueSet-NoDomainVitalSignsObservationBodyExposure.html"}],"reference":{"reference":"ValueSet/NoDomainVitalSignsObservationBodyExposure"},"name":"NoDomainVitalSignsObservationBodyExposure","description":"Codes representing body exposure","exampleBoolean":false,"groupingId":"-term-valueset"},{"extension":[{"url":"http://hl7.org/fhir/tools/StructureDefinition/resource-sort","valueInteger":999999999},{"url":"http://hl7.org/fhir/StructureDefinition/implementationguide-page","valueUri":"ValueSet-NoDomainVitalSignsObservationBodyHeightBodyPosition.html"}],"reference":{"reference":"ValueSet/NoDomainVitalSignsObservationBodyHeightBodyPosition"},"name":"NoDomainVitalSignsObservationBodyHeightBodyPosition","description":"Codes representing body position for body height","exampleBoolean":false,"groupingId":"-term-valueset"},{"extension":[{"url":"http://hl7.org/fhir/tools/StructureDefinition/resource-sort","valueInteger":999999999},{"url":"http://hl7.org/fhir/StructureDefinition/implementationguide-page","valueUri":"ValueSet-NoDomainVitalSignsObservationBodyTempBodySite.html"}],"reference":{"reference":"ValueSet/NoDomainVitalSignsObservationBodyTempBodySite"},"name":"NoDomainVitalSignsObservationBodyTempBodySite","description":"Codes representing body site for body temperature","exampleBoolean":false,"groupingId":"-term-valueset"},{"extension":[{"url":"http://hl7.org/fhir/tools/StructureDefinition/resource-sort","valueInteger":999999999},{"url":"http://hl7.org/fhir/StructureDefinition/implementationguide-page","valueUri":"ValueSet-NoDomainVitalSignsObservationClothingState.html"}],"reference":{"reference":"ValueSet/NoDomainVitalSignsObservationClothingState"},"name":"NoDomainVitalSignsObservationClothingState","description":"Codes representing level of clothing","exampleBoolean":false,"groupingId":"-term-valueset"},{"extension":[{"url":"http://hl7.org/fhir/tools/StructureDefinition/resource-sort","valueInteger":999999999},{"url":"http://hl7.org/fhir/StructureDefinition/implementationguide-page","valueUri":"ValueSet-NoDomainVitalSignsObservationCuffsize.html"}],"reference":{"reference":"ValueSet/NoDomainVitalSignsObservationCuffsize"},"name":"NoDomainVitalSignsObservationCuffsize","description":"Codes representing cuff size","exampleBoolean":false,"groupingId":"-term-valueset"},{"extension":[{"url":"http://hl7.org/fhir/tools/StructureDefinition/resource-sort","valueInteger":999999999},{"url":"http://hl7.org/fhir/StructureDefinition/implementationguide-page","valueUri":"ValueSet-NoDomainVitalSignsObservationDiastolicendPoint.html"}],"reference":{"reference":"ValueSet/NoDomainVitalSignsObservationDiastolicendPoint"},"name":"NoDomainVitalSignsObservationDiastolicendPoint","description":"Codes representing Diastolic end point","exampleBoolean":false,"groupingId":"-term-valueset"},{"extension":[{"url":"http://hl7.org/fhir/tools/StructureDefinition/resource-sort","valueInteger":999999999},{"url":"http://hl7.org/fhir/StructureDefinition/implementationguide-page","valueUri":"ValueSet-NoDomainVitalSignsObservationHeartRateBodySite.html"}],"reference":{"reference":"ValueSet/NoDomainVitalSignsObservationHeartRateBodySite"},"name":"NoDomainVitalSignsObservationHeartRateBodySite","description":"Codes representing body site for heart rate","exampleBoolean":false,"groupingId":"-term-valueset"},{"extension":[{"url":"http://hl7.org/fhir/tools/StructureDefinition/resource-sort","valueInteger":999999999},{"url":"http://hl7.org/fhir/StructureDefinition/implementationguide-page","valueUri":"ValueSet-NoDomainVitalSignsObservationHeartRateMeasurementMethod.html"}],"reference":{"reference":"ValueSet/NoDomainVitalSignsObservationHeartRateMeasurementMethod"},"name":"NoDomainVitalSignsObservationHeartRateMeasurementMethod","description":"Codes representing measurement method for HeartRate","exampleBoolean":false,"groupingId":"-term-valueset"},{"extension":[{"url":"http://hl7.org/fhir/tools/StructureDefinition/resource-sort","valueInteger":999999999},{"url":"http://hl7.org/fhir/StructureDefinition/implementationguide-page","valueUri":"ValueSet-NoDomainVitalSignsObservationHeartRatePulseBodyPosition.html"}],"reference":{"reference":"ValueSet/NoDomainVitalSignsObservationHeartRatePulseBodyPosition"},"name":"NoDomainVitalSignsObservationHeartRatePulseBodyPosition","description":"Codes representing body position for heart rate or Pulse","exampleBoolean":false,"groupingId":"-term-valueset"},{"extension":[{"url":"http://hl7.org/fhir/tools/StructureDefinition/resource-sort","valueInteger":999999999},{"url":"http://hl7.org/fhir/StructureDefinition/implementationguide-page","valueUri":"ValueSet-NoDomainVitalSignsObservationHeartRhythmIrregularity.html"}],"reference":{"reference":"ValueSet/NoDomainVitalSignsObservationHeartRhythmIrregularity"},"name":"NoDomainVitalSignsObservationHeartRhythmIrregularity","description":"Codes representing heart rhythm irregularity for heart rate","exampleBoolean":false,"groupingId":"-term-valueset"},{"extension":[{"url":"http://hl7.org/fhir/tools/StructureDefinition/resource-sort","valueInteger":999999999},{"url":"http://hl7.org/fhir/StructureDefinition/implementationguide-page","valueUri":"ValueSet-NoDomainVitalSignsObservationPulseBodySite.html"}],"reference":{"reference":"ValueSet/NoDomainVitalSignsObservationPulseBodySite"},"name":"NoDomainVitalSignsObservationPulseBodySite","description":"Codes representing body site for pulse","exampleBoolean":false,"groupingId":"-term-valueset"},{"extension":[{"url":"http://hl7.org/fhir/tools/StructureDefinition/resource-sort","valueInteger":999999999},{"url":"http://hl7.org/fhir/StructureDefinition/implementationguide-page","valueUri":"ValueSet-NoDomainVitalSignsObservationPulseMeasurementMethod.html"}],"reference":{"reference":"ValueSet/NoDomainVitalSignsObservationPulseMeasurementMethod"},"name":"NoDomainVitalSignsObservationPulseMeasurementMethod","description":"Codes representing measurement method for HeartRate","exampleBoolean":false,"groupingId":"-term-valueset"},{"extension":[{"url":"http://hl7.org/fhir/tools/StructureDefinition/resource-sort","valueInteger":999999999},{"url":"http://hl7.org/fhir/StructureDefinition/implementationguide-page","valueUri":"ValueSet-NoDomainVitalSignsObservationPulseRhythm.html"}],"reference":{"reference":"ValueSet/NoDomainVitalSignsObservationPulseRhythm"},"name":"NoDomainVitalSignsObservationPulseRhythm","description":"Codes representing  rhythm of Pulse","exampleBoolean":false,"groupingId":"-term-valueset"},{"extension":[{"url":"http://hl7.org/fhir/tools/StructureDefinition/resource-sort","valueInteger":999999999},{"url":"http://hl7.org/fhir/StructureDefinition/implementationguide-page","valueUri":"ValueSet-NoDomainVitalSignsObservationPulseRhythmIrregularity.html"}],"reference":{"reference":"ValueSet/NoDomainVitalSignsObservationPulseRhythmIrregularity"},"name":"NoDomainVitalSignsObservationPulseRhythmIrregularity","description":"Codes representing heart rhythm irregularity for Pulse","exampleBoolean":false,"groupingId":"-term-valueset"},{"extension":[{"url":"http://hl7.org/fhir/tools/StructureDefinition/resource-sort","valueInteger":999999999},{"url":"http://hl7.org/fhir/StructureDefinition/implementationguide-page","valueUri":"ValueSet-NoDomainVitalSignsObservationRespirationRateBodyPosition.html"}],"reference":{"reference":"ValueSet/NoDomainVitalSignsObservationRespirationRateBodyPosition"},"name":"NoDomainVitalSignsObservationRespirationRateBodyPosition","description":"Codes representing body position for respiration rate","exampleBoolean":false,"groupingId":"-term-valueset"},{"extension":[{"url":"http://hl7.org/fhir/tools/StructureDefinition/resource-sort","valueInteger":999999999},{"url":"http://hl7.org/fhir/StructureDefinition/implementationguide-page","valueUri":"ValueSet-NoDomainVitalSignsObservationRespirationRateDepth.html"}],"reference":{"reference":"ValueSet/NoDomainVitalSignsObservationRespirationRateDepth"},"name":"NoDomainVitalSignsObservationRespirationRateDepth","description":"Codes representing depth for respiration rate","exampleBoolean":false,"groupingId":"-term-valueset"},{"extension":[{"url":"http://hl7.org/fhir/tools/StructureDefinition/resource-sort","valueInteger":999999999},{"url":"http://hl7.org/fhir/StructureDefinition/implementationguide-page","valueUri":"ValueSet-NoDomainVitalSignsObservationRespirationRegularity.html"}],"reference":{"reference":"ValueSet/NoDomainVitalSignsObservationRespirationRegularity"},"name":"NoDomainVitalSignsObservationRespirationRegularity","description":"Codes representing Respiration Regularity","exampleBoolean":false,"groupingId":"-term-valueset"},{"extension":[{"url":"http://hl7.org/fhir/tools/StructureDefinition/resource-sort","valueInteger":999999999},{"url":"http://hl7.org/fhir/StructureDefinition/implementationguide-page","valueUri":"ValueSet-NoDomainVitalSignsObservationSleepStatus.html"}],"reference":{"reference":"ValueSet/NoDomainVitalSignsObservationSleepStatus"},"name":"NoDomainVitalSignsObservationSleepStatus","description":"Codes representing Sleep Status","exampleBoolean":false,"groupingId":"-term-valueset"},{"extension":[{"url":"http://hl7.org/fhir/tools/StructureDefinition/resource-sort","valueInteger":999999999},{"url":"http://hl7.org/fhir/StructureDefinition/implementationguide-page","valueUri":"ValueSet-NoDomainVitalSignsObservationSpontaneousBreathing.html"}],"reference":{"reference":"ValueSet/NoDomainVitalSignsObservationSpontaneousBreathing"},"name":"NoDomainVitalSignsObservationSpontaneousBreathing","description":"Codes representing Respiration Spontaneous breathing","exampleBoolean":false,"groupingId":"-term-valueset"},{"extension":[{"url":"http://hl7.org/fhir/tools/StructureDefinition/resource-sort","valueInteger":999999999},{"url":"http://hl7.org/fhir/StructureDefinition/implementationguide-page","valueUri":"Organization-afa23.html"}],"reference":{"reference":"Organization/afa23"},"name":"Organization details of afa23","exampleBoolean":true,"groupingId":"-ex-example"},{"extension":[{"url":"http://hl7.org/fhir/tools/StructureDefinition/resource-sort","valueInteger":999999999},{"url":"http://hl7.org/fhir/StructureDefinition/implementationguide-page","valueUri":"Patient-cdp1000240.html"}],"reference":{"reference":"Patient/cdp1000240"},"name":"Patient details of cdp1000240","exampleBoolean":true,"groupingId":"-ex-example"},{"extension":[{"url":"http://hl7.org/fhir/tools/StructureDefinition/resource-sort","valueInteger":999999999},{"url":"http://hl7.org/fhir/StructureDefinition/implementationguide-page","valueUri":"Patient-cdp1000808.html"}],"reference":{"reference":"Patient/cdp1000808"},"name":"Patient details of cdp1000808","exampleBoolean":true,"groupingId":"-ex-example"},{"extension":[{"url":"http://hl7.org/fhir/tools/StructureDefinition/resource-sort","valueInteger":999999999},{"url":"http://hl7.org/fhir/StructureDefinition/implementationguide-page","valueUri":"PractitionerRole-agb104.html"}],"reference":{"reference":"PractitionerRole/agb104"},"name":"Practioner details of agb104","exampleBoolean":true,"groupingId":"-ex-example"},{"extension":[{"url":"http://hl7.org/fhir/tools/StructureDefinition/resource-sort","valueInteger":999999999},{"url":"http://hl7.org/fhir/StructureDefinition/implementationguide-page","valueUri":"PractitionerRole-agb30.html"}],"reference":{"reference":"PractitionerRole/agb30"},"name":"PractitionerRole details of agb30","exampleBoolean":true,"groupingId":"-ex-example"},{"extension":[{"url":"http://hl7.org/fhir/tools/StructureDefinition/resource-sort","valueInteger":999999999},{"url":"http://hl7.org/fhir/StructureDefinition/implementationguide-page","valueUri":"Observation-no-blood-pressure-create.html"}],"reference":{"reference":"Observation/no-blood-pressure-create"},"name":"no-blood-pressure-create","exampleCanonical":"http://hl7.no/fhir/StructureDefinition/NoDomainVitalSignsObservationBloodpressure","groupingId":"-ex-example"},{"extension":[{"url":"http://hl7.org/fhir/tools/StructureDefinition/resource-sort","valueInteger":999999999},{"url":"http://hl7.org/fhir/StructureDefinition/implementationguide-page","valueUri":"Observation-no-body-height-create.html"}],"reference":{"reference":"Observation/no-body-height-create"},"name":"no-body-height-create","exampleCanonical":"http://hl7.no/fhir/StructureDefinition/NoDomainVitalSignsObservationBodyHeight","groupingId":"-ex-example"},{"extension":[{"url":"http://hl7.org/fhir/tools/StructureDefinition/resource-sort","valueInteger":999999999},{"url":"http://hl7.org/fhir/StructureDefinition/implementationguide-page","valueUri":"Observation-no-body-temperature-create.html"}],"reference":{"reference":"Observation/no-body-temperature-create"},"name":"no-body-temperature-create","exampleCanonical":"http://hl7.no/fhir/StructureDefinition/NoDomainVitalSignsObservationBodyTemp","groupingId":"-ex-example"},{"extension":[{"url":"http://hl7.org/fhir/tools/StructureDefinition/resource-sort","valueInteger":999999999},{"url":"http://hl7.org/fhir/StructureDefinition/implementationguide-page","valueUri":"Observation-no-body-weight-create.html"}],"reference":{"reference":"Observation/no-body-weight-create"},"name":"no-body-weight-create","exampleCanonical":"http://hl7.no/fhir/StructureDefinition/NoDomainVitalSignsObservationBodyWeight","groupingId":"-ex-example"},{"extension":[{"url":"http://hl7.org/fhir/tools/StructureDefinition/resource-sort","valueInteger":999999999},{"url":"http://hl7.org/fhir/StructureDefinition/implementationguide-page","valueUri":"Observation-no-heart-rate-create.html"}],"reference":{"reference":"Observation/no-heart-rate-create"},"name":"no-heart-rate-create","exampleCanonical":"http://hl7.no/fhir/StructureDefinition/NoDomainVitalSignsObservationHeartRate","groupingId":"-ex-example"},{"extension":[{"url":"http://hl7.org/fhir/tools/StructureDefinition/resource-sort","valueInteger":999999999},{"url":"http://hl7.org/fhir/StructureDefinition/implementationguide-page","valueUri":"Observation-no-oxygen-saturation-create.html"}],"reference":{"reference":"Observation/no-oxygen-saturation-create"},"name":"no-oxygen-saturation-create","exampleCanonical":"http://hl7.no/fhir/StructureDefinition/NoDomainVitalSignsObservationOxygenSaturation","groupingId":"-ex-example"},{"extension":[{"url":"http://hl7.org/fhir/tools/StructureDefinition/resource-sort","valueInteger":999999999},{"url":"http://hl7.org/fhir/StructureDefinition/implementationguide-page","valueUri":"Observation-no-pulse-rate.html"}],"reference":{"reference":"Observation/no-pulse-rate"},"name":"no-pulse-rate","exampleCanonical":"http://hl7.no/fhir/StructureDefinition/NoDomainVitalSignsObservationPulse","groupingId":"-ex-example"},{"extension":[{"url":"http://hl7.org/fhir/tools/StructureDefinition/resource-sort","valueInteger":999999999},{"url":"http://hl7.org/fhir/StructureDefinition/implementationguide-page","valueUri":"Observation-no-respiratory-rate-create.html"}],"reference":{"reference":"Observation/no-respiratory-rate-create"},"name":"no-respiratory-rate-create","exampleCanonical":"http://hl7.no/fhir/StructureDefinition/NoDomainVitalSignsObservationRespirationRate","groupingId":"-ex-example"}],"page":{"extension":[{"url":"http://hl7.org/fhir/tools/StructureDefinition/ig-page-name","valueUrl":"toc.html"}],"nameUrl":"toc.html","title":"Table of Contents","generation":"html","page":[{"extension":[{"url":"http://hl7.org/fhir/tools/StructureDefinition/ig-page-name","valueUrl":"index.html"}],"nameUrl":"index.html","title":"Home","generation":"markdown"},{"extension":[{"url":"http://hl7.org/fhir/tools/StructureDefinition/ig-page-name","valueUrl":"download.html"}],"nameUrl":"download.html","title":"Download","generation":"markdown"},{"extension":[{"url":"http://hl7.org/fhir/tools/StructureDefinition/ig-page-name","valueUrl":"guidance.html"}],"nameUrl":"guidance.html","title":"Guidance","generation":"markdown"},{"extension":[{"url":"http://hl7.org/fhir/tools/StructureDefinition/ig-page-name","valueUrl":"VKP-mapping.html"}],"nameUrl":"VKP-mapping.html","title":"VKP Mapping","generation":"markdown"},{"extension":[{"url":"http://hl7.org/fhir/tools/StructureDefinition/ig-page-name","valueUrl":"artifacts.html"}],"nameUrl":"artifacts.html","title":"Artifacts Summary","generation":"html","page":[{"extension":[{"url":"http://hl7.org/fhir/tools/StructureDefinition/ig-page-name","valueUrl":"StructureDefinition-NoDomainVitalSignsObservationBloodpressure.html"}],"nameUrl":"StructureDefinition-NoDomainVitalSignsObservationBloodpressure.html","title":"NO Domain VitalSigns Observation - Blood pressure","generation":"generated"},{"extension":[{"url":"http://hl7.org/fhir/tools/StructureDefinition/ig-page-name","valueUrl":"StructureDefinition-NoDomainVitalSignsObservationBodyHeight.html"}],"nameUrl":"StructureDefinition-NoDomainVitalSignsObservationBodyHeight.html","title":"NO Domain VitalSigns Observation - Body Height","generation":"generated"},{"extension":[{"url":"http://hl7.org/fhir/tools/StructureDefinition/ig-page-name","valueUrl":"StructureDefinition-NoDomainVitalSignsObservationBodyTemp.html"}],"nameUrl":"StructureDefinition-NoDomainVitalSignsObservationBodyTemp.html","title":"NO Domain VitalSigns Observation - Body Temperature","generation":"generated"},{"extension":[{"url":"http://hl7.org/fhir/tools/StructureDefinition/ig-page-name","valueUrl":"StructureDefinition-NoDomainVitalSignsObservationBodyWeight.html"}],"nameUrl":"StructureDefinition-NoDomainVitalSignsObservationBodyWeight.html","title":"NO Domain VitalSigns Observation - Body Weight","generation":"generated"},{"extension":[{"url":"http://hl7.org/fhir/tools/StructureDefinition/ig-page-name","valueUrl":"StructureDefinition-NoDomainVitalSignsObservationHeartRate.html"}],"nameUrl":"StructureDefinition-NoDomainVitalSignsObservationHeartRate.html","title":"NO Domain VitalSigns Observation - Heart Rate","generation":"generated"},{"extension":[{"url":"http://hl7.org/fhir/tools/StructureDefinition/ig-page-name","valueUrl":"StructureDefinition-NoDomainVitalSignsObservationOxygenSaturation.html"}],"nameUrl":"StructureDefinition-NoDomainVitalSignsObservationOxygenSaturation.html","title":"NO Domain VitalSigns Observation - Oxygen Saturation","generation":"generated"},{"extension":[{"url":"http://hl7.org/fhir/tools/StructureDefinition/ig-page-name","valueUrl":"StructureDefinition-NoDomainVitalSignsObservationPulse.html"}],"nameUrl":"StructureDefinition-NoDomainVitalSignsObservationPulse.html","title":"NO Domain VitalSigns Observation - Pulse","generation":"generated"},{"extension":[{"url":"http://hl7.org/fhir/tools/StructureDefinition/ig-page-name","valueUrl":"StructureDefinition-NoDomainVitalSignsObservationRespirationRate.html"}],"nameUrl":"StructureDefinition-NoDomainVitalSignsObservationRespirationRate.html","title":"NO Domain VitalSigns Observation - Respiration Rate","generation":"generated"},{"extension":[{"url":"http://hl7.org/fhir/tools/StructureDefinition/ig-page-name","valueUrl":"StructureDefinition-NoDomainVitalSignsObservationActiveHeating.html"}],"nameUrl":"StructureDefinition-NoDomainVitalSignsObservationActiveHeating.html","title":"NoDomainVitalSignsObservationActiveHeating","generation":"generated"},{"extension":[{"url":"http://hl7.org/fhir/tools/StructureDefinition/ig-page-name","valueUrl":"StructureDefinition-NoDomainVitalSignsObservationBloodpressureBodyPosition.html"}],"nameUrl":"StructureDefinition-NoDomainVitalSignsObservationBloodpressureBodyPosition.html","title":"NoDomainVitalSignsObservationBloodpressureBodyPosition","generation":"generated"},{"extension":[{"url":"http://hl7.org/fhir/tools/StructureDefinition/ig-page-name","valueUrl":"StructureDefinition-NoDomainVitalSignsObservationBloodpressureDiastolicFormula.html"}],"nameUrl":"StructureDefinition-NoDomainVitalSignsObservationBloodpressureDiastolicFormula.html","title":"NoDomainVitalSignsObservationBloodpressureDiastolicFormula","generation":"generated"},{"extension":[{"url":"http://hl7.org/fhir/tools/StructureDefinition/ig-page-name","valueUrl":"StructureDefinition-NoDomainVitalSignsObservationBloodpressureMeanArterialFormula.html"}],"nameUrl":"StructureDefinition-NoDomainVitalSignsObservationBloodpressureMeanArterialFormula.html","title":"NoDomainVitalSignsObservationBloodpressureMeanArterialFormula","generation":"generated"},{"extension":[{"url":"http://hl7.org/fhir/tools/StructureDefinition/ig-page-name","valueUrl":"StructureDefinition-NoDomainVitalSignsObservationBloodpressureSystolicFormula.html"}],"nameUrl":"StructureDefinition-NoDomainVitalSignsObservationBloodpressureSystolicFormula.html","title":"NoDomainVitalSignsObservationBloodpressureSystolicFormula","generation":"generated"},{"extension":[{"url":"http://hl7.org/fhir/tools/StructureDefinition/ig-page-name","valueUrl":"StructureDefinition-NoDomainVitalSignsObservationBodyExposure.html"}],"nameUrl":"StructureDefinition-NoDomainVitalSignsObservationBodyExposure.html","title":"NoDomainVitalSignsObservationBodyExposure","generation":"generated"},{"extension":[{"url":"http://hl7.org/fhir/tools/StructureDefinition/ig-page-name","valueUrl":"StructureDefinition-NoDomainVitalSignsObservationBodyHeightBodyPosition.html"}],"nameUrl":"StructureDefinition-NoDomainVitalSignsObservationBodyHeightBodyPosition.html","title":"NoDomainVitalSignsObservationBodyHeightBodyPosition","generation":"generated"},{"extension":[{"url":"http://hl7.org/fhir/tools/StructureDefinition/ig-page-name","valueUrl":"StructureDefinition-NoDomainVitalSignsObservationCharacterOfPulse.html"}],"nameUrl":"StructureDefinition-NoDomainVitalSignsObservationCharacterOfPulse.html","title":"NoDomainVitalSignsObservationCharacterOfPulse","generation":"generated"},{"extension":[{"url":"http://hl7.org/fhir/tools/StructureDefinition/ig-page-name","valueUrl":"StructureDefinition-NoDomainVitalSignsObservationClinicalDescription.html"}],"nameUrl":"StructureDefinition-NoDomainVitalSignsObservationClinicalDescription.html","title":"NoDomainVitalSignsObservationClinicalDescription","generation":"generated"},{"extension":[{"url":"http://hl7.org/fhir/tools/StructureDefinition/ig-page-name","valueUrl":"StructureDefinition-NoDomainVitalSignsObservationClothingState.html"}],"nameUrl":"StructureDefinition-NoDomainVitalSignsObservationClothingState.html","title":"NoDomainVitalSignsObservationClothingState","generation":"generated"},{"extension":[{"url":"http://hl7.org/fhir/tools/StructureDefinition/ig-page-name","valueUrl":"StructureDefinition-NoDomainVitalSignsObservationConfoundingFactor.html"}],"nameUrl":"StructureDefinition-NoDomainVitalSignsObservationConfoundingFactor.html","title":"NoDomainVitalSignsObservationConfoundingFactor","generation":"generated"},{"extension":[{"url":"http://hl7.org/fhir/tools/StructureDefinition/ig-page-name","valueUrl":"StructureDefinition-NoDomainVitalSignsObservationCuffSize.html"}],"nameUrl":"StructureDefinition-NoDomainVitalSignsObservationCuffSize.html","title":"NoDomainVitalSignsObservationCuffSize","generation":"generated"},{"extension":[{"url":"http://hl7.org/fhir/tools/StructureDefinition/ig-page-name","valueUrl":"StructureDefinition-NoDomainVitalSignsObservationDaysSinceMenstruationStart.html"}],"nameUrl":"StructureDefinition-NoDomainVitalSignsObservationDaysSinceMenstruationStart.html","title":"NoDomainVitalSignsObservationDaysSinceMenstruationStart","generation":"generated"},{"extension":[{"url":"http://hl7.org/fhir/tools/StructureDefinition/ig-page-name","valueUrl":"StructureDefinition-NoDomainVitalSignsObservationDiastolicEndPoint.html"}],"nameUrl":"StructureDefinition-NoDomainVitalSignsObservationDiastolicEndPoint.html","title":"NoDomainVitalSignsObservationDiastolicEndPoint","generation":"generated"},{"extension":[{"url":"http://hl7.org/fhir/tools/StructureDefinition/ig-page-name","valueUrl":"StructureDefinition-NoDomainVitalSignsObservationHeartRatePulseBodyPosition.html"}],"nameUrl":"StructureDefinition-NoDomainVitalSignsObservationHeartRatePulseBodyPosition.html","title":"NoDomainVitalSignsObservationHeartRatePulseBodyPosition","generation":"generated"},{"extension":[{"url":"http://hl7.org/fhir/tools/StructureDefinition/ig-page-name","valueUrl":"StructureDefinition-NoDomainVitalSignsObservationHeartRhythmIrregularity.html"}],"nameUrl":"StructureDefinition-NoDomainVitalSignsObservationHeartRhythmIrregularity.html","title":"NoDomainVitalSignsObservationHeartRhythmIrregularity","generation":"generated"},{"extension":[{"url":"http://hl7.org/fhir/tools/StructureDefinition/ig-page-name","valueUrl":"StructureDefinition-NoDomainVitalSignsObservationInspiredOxygen.html"}],"nameUrl":"StructureDefinition-NoDomainVitalSignsObservationInspiredOxygen.html","title":"NoDomainVitalSignsObservationInspiredOxygen","generation":"generated"},{"extension":[{"url":"http://hl7.org/fhir/tools/StructureDefinition/ig-page-name","valueUrl":"StructureDefinition-NoDomainVitalSignsObservationPulseRhythm.html"}],"nameUrl":"StructureDefinition-NoDomainVitalSignsObservationPulseRhythm.html","title":"NoDomainVitalSignsObservationPulseRhythm","generation":"generated"},{"extension":[{"url":"http://hl7.org/fhir/tools/StructureDefinition/ig-page-name","valueUrl":"StructureDefinition-NoDomainVitalSignsObservationPulseRhythmIrregularity.html"}],"nameUrl":"StructureDefinition-NoDomainVitalSignsObservationPulseRhythmIrregularity.html","title":"NoDomainVitalSignsObservationPulseRhythmIrregularity","generation":"generated"},{"extension":[{"url":"http://hl7.org/fhir/tools/StructureDefinition/ig-page-name","valueUrl":"StructureDefinition-NoDomainVitalSignsObservationRespirationDepth.html"}],"nameUrl":"StructureDefinition-NoDomainVitalSignsObservationRespirationDepth.html","title":"NoDomainVitalSignsObservationRespirationDepth","generation":"generated"},{"extension":[{"url":"http://hl7.org/fhir/tools/StructureDefinition/ig-page-name","valueUrl":"StructureDefinition-NoDomainVitalSignsObservationRespirationRateBodyPosition.html"}],"nameUrl":"StructureDefinition-NoDomainVitalSignsObservationRespirationRateBodyPosition.html","title":"NoDomainVitalSignsObservationRespirationRateBodyPosition","generation":"generated"},{"extension":[{"url":"http://hl7.org/fhir/tools/StructureDefinition/ig-page-name","valueUrl":"StructureDefinition-NoDomainVitalSignsObservationRespirationRegularity.html"}],"nameUrl":"StructureDefinition-NoDomainVitalSignsObservationRespirationRegularity.html","title":"NoDomainVitalSignsObservationRespirationRegularity","generation":"generated"},{"extension":[{"url":"http://hl7.org/fhir/tools/StructureDefinition/ig-page-name","valueUrl":"StructureDefinition-NoDomainVitalSignsObservationSleepStatus.html"}],"nameUrl":"StructureDefinition-NoDomainVitalSignsObservationSleepStatus.html","title":"NoDomainVitalSignsObservationSleepStatus","generation":"generated"},{"extension":[{"url":"http://hl7.org/fhir/tools/StructureDefinition/ig-page-name","valueUrl":"StructureDefinition-NoDomainVitalSignsObservationSpontaneousBreathing.html"}],"nameUrl":"StructureDefinition-NoDomainVitalSignsObservationSpontaneousBreathing.html","title":"NoDomainVitalSignsObservationSpontaneousBreathing","generation":"generated"},{"extension":[{"url":"http://hl7.org/fhir/tools/StructureDefinition/ig-page-name","valueUrl":"StructureDefinition-NoDomainVitalSignsObservationTilt.html"}],"nameUrl":"StructureDefinition-NoDomainVitalSignsObservationTilt.html","title":"NoDomainVitalSignsObservationTilt","generation":"generated"},{"extension":[{"url":"http://hl7.org/fhir/tools/StructureDefinition/ig-page-name","valueUrl":"ValueSet-NoDomainVitalSignsObservationBloodpressureBodyPosition.html"}],"nameUrl":"ValueSet-NoDomainVitalSignsObservationBloodpressureBodyPosition.html","title":"NoDomainVitalSignsObservationBloodpressureBodyPosition","generation":"generated"},{"extension":[{"url":"http://hl7.org/fhir/tools/StructureDefinition/ig-page-name","valueUrl":"ValueSet-NoDomainVitalSignsObservationBloodpressureBodySite.html"}],"nameUrl":"ValueSet-NoDomainVitalSignsObservationBloodpressureBodySite.html","title":"NoDomainVitalSignsObservationBloodpressureBodySite","generation":"generated"},{"extension":[{"url":"http://hl7.org/fhir/tools/StructureDefinition/ig-page-name","valueUrl":"ValueSet-NoDomainVitalSignsObservationBloodPressureMeasurementMethod.html"}],"nameUrl":"ValueSet-NoDomainVitalSignsObservationBloodPressureMeasurementMethod.html","title":"NoDomainVitalSignsObservationBloodPressureMeasurementMethod","generation":"generated"},{"extension":[{"url":"http://hl7.org/fhir/tools/StructureDefinition/ig-page-name","valueUrl":"ValueSet-NoDomainVitalSignsObservationBodyExposure.html"}],"nameUrl":"ValueSet-NoDomainVitalSignsObservationBodyExposure.html","title":"NoDomainVitalSignsObservationBodyExposure","generation":"generated"},{"extension":[{"url":"http://hl7.org/fhir/tools/StructureDefinition/ig-page-name","valueUrl":"ValueSet-NoDomainVitalSignsObservationBodyHeightBodyPosition.html"}],"nameUrl":"ValueSet-NoDomainVitalSignsObservationBodyHeightBodyPosition.html","title":"NoDomainVitalSignsObservationBodyHeightBodyPosition","generation":"generated"},{"extension":[{"url":"http://hl7.org/fhir/tools/StructureDefinition/ig-page-name","valueUrl":"ValueSet-NoDomainVitalSignsObservationBodyTempBodySite.html"}],"nameUrl":"ValueSet-NoDomainVitalSignsObservationBodyTempBodySite.html","title":"NoDomainVitalSignsObservationBodyTempBodySite","generation":"generated"},{"extension":[{"url":"http://hl7.org/fhir/tools/StructureDefinition/ig-page-name","valueUrl":"ValueSet-NoDomainVitalSignsObservationClothingState.html"}],"nameUrl":"ValueSet-NoDomainVitalSignsObservationClothingState.html","title":"NoDomainVitalSignsObservationClothingState","generation":"generated"},{"extension":[{"url":"http://hl7.org/fhir/tools/StructureDefinition/ig-page-name","valueUrl":"ValueSet-NoDomainVitalSignsObservationCuffsize.html"}],"nameUrl":"ValueSet-NoDomainVitalSignsObservationCuffsize.html","title":"NoDomainVitalSignsObservationCuffsize","generation":"generated"},{"extension":[{"url":"http://hl7.org/fhir/tools/StructureDefinition/ig-page-name","valueUrl":"ValueSet-NoDomainVitalSignsObservationDiastolicendPoint.html"}],"nameUrl":"ValueSet-NoDomainVitalSignsObservationDiastolicendPoint.html","title":"NoDomainVitalSignsObservationDiastolicendPoint","generation":"generated"},{"extension":[{"url":"http://hl7.org/fhir/tools/StructureDefinition/ig-page-name","valueUrl":"ValueSet-NoDomainVitalSignsObservationHeartRateBodySite.html"}],"nameUrl":"ValueSet-NoDomainVitalSignsObservationHeartRateBodySite.html","title":"NoDomainVitalSignsObservationHeartRateBodySite","generation":"generated"},{"extension":[{"url":"http://hl7.org/fhir/tools/StructureDefinition/ig-page-name","valueUrl":"ValueSet-NoDomainVitalSignsObservationHeartRateMeasurementMethod.html"}],"nameUrl":"ValueSet-NoDomainVitalSignsObservationHeartRateMeasurementMethod.html","title":"NoDomainVitalSignsObservationHeartRateMeasurementMethod","generation":"generated"},{"extension":[{"url":"http://hl7.org/fhir/tools/StructureDefinition/ig-page-name","valueUrl":"ValueSet-NoDomainVitalSignsObservationHeartRatePulseBodyPosition.html"}],"nameUrl":"ValueSet-NoDomainVitalSignsObservationHeartRatePulseBodyPosition.html","title":"NoDomainVitalSignsObservationHeartRatePulseBodyPosition","generation":"generated"},{"extension":[{"url":"http://hl7.org/fhir/tools/StructureDefinition/ig-page-name","valueUrl":"ValueSet-NoDomainVitalSignsObservationHeartRhythmIrregularity.html"}],"nameUrl":"ValueSet-NoDomainVitalSignsObservationHeartRhythmIrregularity.html","title":"NoDomainVitalSignsObservationHeartRhythmIrregularity","generation":"generated"},{"extension":[{"url":"http://hl7.org/fhir/tools/StructureDefinition/ig-page-name","valueUrl":"ValueSet-NoDomainVitalSignsObservationPulseBodySite.html"}],"nameUrl":"ValueSet-NoDomainVitalSignsObservationPulseBodySite.html","title":"NoDomainVitalSignsObservationPulseBodySite","generation":"generated"},{"extension":[{"url":"http://hl7.org/fhir/tools/StructureDefinition/ig-page-name","valueUrl":"ValueSet-NoDomainVitalSignsObservationPulseMeasurementMethod.html"}],"nameUrl":"ValueSet-NoDomainVitalSignsObservationPulseMeasurementMethod.html","title":"NoDomainVitalSignsObservationPulseMeasurementMethod","generation":"generated"},{"extension":[{"url":"http://hl7.org/fhir/tools/StructureDefinition/ig-page-name","valueUrl":"ValueSet-NoDomainVitalSignsObservationPulseRhythm.html"}],"nameUrl":"ValueSet-NoDomainVitalSignsObservationPulseRhythm.html","title":"NoDomainVitalSignsObservationPulseRhythm","generation":"generated"},{"extension":[{"url":"http://hl7.org/fhir/tools/StructureDefinition/ig-page-name","valueUrl":"ValueSet-NoDomainVitalSignsObservationPulseRhythmIrregularity.html"}],"nameUrl":"ValueSet-NoDomainVitalSignsObservationPulseRhythmIrregularity.html","title":"NoDomainVitalSignsObservationPulseRhythmIrregularity","generation":"generated"},{"extension":[{"url":"http://hl7.org/fhir/tools/StructureDefinition/ig-page-name","valueUrl":"ValueSet-NoDomainVitalSignsObservationRespirationRateBodyPosition.html"}],"nameUrl":"ValueSet-NoDomainVitalSignsObservationRespirationRateBodyPosition.html","title":"NoDomainVitalSignsObservationRespirationRateBodyPosition","generation":"generated"},{"extension":[{"url":"http://hl7.org/fhir/tools/StructureDefinition/ig-page-name","valueUrl":"ValueSet-NoDomainVitalSignsObservationRespirationRateDepth.html"}],"nameUrl":"ValueSet-NoDomainVitalSignsObservationRespirationRateDepth.html","title":"NoDomainVitalSignsObservationRespirationRateDepth","generation":"generated"},{"extension":[{"url":"http://hl7.org/fhir/tools/StructureDefinition/ig-page-name","valueUrl":"ValueSet-NoDomainVitalSignsObservationRespirationRegularity.html"}],"nameUrl":"ValueSet-NoDomainVitalSignsObservationRespirationRegularity.html","title":"NoDomainVitalSignsObservationRespirationRegularity","generation":"generated"},{"extension":[{"url":"http://hl7.org/fhir/tools/StructureDefinition/ig-page-name","valueUrl":"ValueSet-NoDomainVitalSignsObservationSleepStatus.html"}],"nameUrl":"ValueSet-NoDomainVitalSignsObservationSleepStatus.html","title":"NoDomainVitalSignsObservationSleepStatus","generation":"generated"},{"extension":[{"url":"http://hl7.org/fhir/tools/StructureDefinition/ig-page-name","valueUrl":"ValueSet-NoDomainVitalSignsObservationSpontaneousBreathing.html"}],"nameUrl":"ValueSet-NoDomainVitalSignsObservationSpontaneousBreathing.html","title":"NoDomainVitalSignsObservationSpontaneousBreathing","generation":"generated"},{"extension":[{"url":"http://hl7.org/fhir/tools/StructureDefinition/ig-page-name","valueUrl":"Observation-no-blood-pressure-create.html"}],"nameUrl":"Observation-no-blood-pressure-create.html","title":"no-blood-pressure-create","generation":"generated"},{"extension":[{"url":"http://hl7.org/fhir/tools/StructureDefinition/ig-page-name","valueUrl":"Observation-no-body-height-create.html"}],"nameUrl":"Observation-no-body-height-create.html","title":"no-body-height-create","generation":"generated"},{"extension":[{"url":"http://hl7.org/fhir/tools/StructureDefinition/ig-page-name","valueUrl":"Observation-no-body-temperature-create.html"}],"nameUrl":"Observation-no-body-temperature-create.html","title":"no-body-temperature-create","generation":"generated"},{"extension":[{"url":"http://hl7.org/fhir/tools/StructureDefinition/ig-page-name","valueUrl":"Observation-no-body-weight-create.html"}],"nameUrl":"Observation-no-body-weight-create.html","title":"no-body-weight-create","generation":"generated"},{"extension":[{"url":"http://hl7.org/fhir/tools/StructureDefinition/ig-page-name","valueUrl":"Observation-no-heart-rate-create.html"}],"nameUrl":"Observation-no-heart-rate-create.html","title":"no-heart-rate-create","generation":"generated"},{"extension":[{"url":"http://hl7.org/fhir/tools/StructureDefinition/ig-page-name","valueUrl":"Observation-no-oxygen-saturation-create.html"}],"nameUrl":"Observation-no-oxygen-saturation-create.html","title":"no-oxygen-saturation-create","generation":"generated"},{"extension":[{"url":"http://hl7.org/fhir/tools/StructureDefinition/ig-page-name","valueUrl":"Observation-no-pulse-rate.html"}],"nameUrl":"Observation-no-pulse-rate.html","title":"no-pulse-rate","generation":"generated"},{"extension":[{"url":"http://hl7.org/fhir/tools/StructureDefinition/ig-page-name","valueUrl":"Observation-no-respiratory-rate-create.html"}],"nameUrl":"Observation-no-respiratory-rate-create.html","title":"no-respiratory-rate-create","generation":"generated"},{"extension":[{"url":"http://hl7.org/fhir/tools/StructureDefinition/ig-page-name","valueUrl":"Organization-afa23.html"}],"nameUrl":"Organization-afa23.html","title":"Organization details of afa23","generation":"generated"},{"extension":[{"url":"http://hl7.org/fhir/tools/StructureDefinition/ig-page-name","valueUrl":"Patient-cdp1000240.html"}],"nameUrl":"Patient-cdp1000240.html","title":"Patient details of cdp1000240","generation":"generated"},{"extension":[{"url":"http://hl7.org/fhir/tools/StructureDefinition/ig-page-name","valueUrl":"Patient-cdp1000808.html"}],"nameUrl":"Patient-cdp1000808.html","title":"Patient details of cdp1000808","generation":"generated"},{"extension":[{"url":"http://hl7.org/fhir/tools/StructureDefinition/ig-page-name","valueUrl":"PractitionerRole-agb104.html"}],"nameUrl":"PractitionerRole-agb104.html","title":"Practioner details of agb104","generation":"generated"},{"extension":[{"url":"http://hl7.org/fhir/tools/StructureDefinition/ig-page-name","valueUrl":"PractitionerRole-agb30.html"}],"nameUrl":"PractitionerRole-agb30.html","title":"PractitionerRole details of agb30","generation":"generated"}]}]},"parameter":[{"code":"path-resource","value":"input/capabilities"},{"code":"path-resource","value":"input/examples"},{"code":"path-resource","value":"input/extensions"},{"code":"path-resource","value":"input/models"},{"code":"path-resource","value":"input/operations"},{"code":"path-resource","value":"input/profiles"},{"code":"path-resource","value":"input/resources"},{"code":"path-resource","value":"input/vocabulary"},{"code":"path-resource","value":"input/maps"},{"code":"path-resource","value":"input/testing"},{"code":"path-resource","value":"input/history"},{"code":"path-resource","value":"fsh-generated/resources"},{"code":"path-pages","value":"template/config"},{"code":"path-pages","value":"input/images"},{"code":"path-tx-cache","value":"input-cache/txcache"}]}}