{"resourceType":"ValueSet","id":"NoDomainVitalSignsObservationDiastolicendPoint","meta":{"lastUpdated":"2021-03-17T00:00:00+00:00","profile":["http://hl7.org/fhir/StructureDefinition/shareablevalueset"]},"text":{"status":"generated","div":"<div xmlns=\"http://www.w3.org/1999/xhtml\"><p class=\"res-header-id\"><b>Generated Narrative: ValueSet NoDomainVitalSignsObservationDiastolicendPoint</b></p><a name=\"NoDomainVitalSignsObservationDiastolicendPoint\"> </a><a name=\"hcNoDomainVitalSignsObservationDiastolicendPoint\"> </a><a name=\"NoDomainVitalSignsObservationDiastolicendPoint-no-NO\"> </a><div style=\"display: inline-block; background-color: #d9e0e7; padding: 6px; margin: 4px; border: 1px solid #8da1b4; border-radius: 5px; line-height: 60%\"><p style=\"margin-bottom: 0px\">Last updated: 2021-03-17 00:00:00+0000</p><p style=\"margin-bottom: 0px\">Profile: <a href=\"http://hl7.org/fhir/R4/shareablevalueset.html\">Shareable ValueSet</a></p></div><ul><li>Include these codes as defined in <a href=\"http://www.snomed.org/\"><code>http://snomed.info/sct</code></a><table class=\"none\"><tr><td style=\"white-space:nowrap\"><b>Code</b></td><td><b>Display</b></td></tr><tr><td><a href=\"http://snomed.info/id/4001000202105\">4001000202105</a></td><td>Fase IV</td></tr><tr><td><a href=\"http://snomed.info/id/4011000202107\">4011000202107</a></td><td>Fase V</td></tr></table></li></ul></div>"},"extension":[{"url":"http://hl7.org/fhir/StructureDefinition/structuredefinition-wg","valueCode":"oo"},{"url":"http://hl7.org/fhir/StructureDefinition/structuredefinition-standards-status","valueCode":"draft"},{"url":"http://hl7.org/fhir/StructureDefinition/structuredefinition-fmm","valueInteger":1}],"url":"http://hl7.no/fhir/ValueSet/NoDomainVitalSignsObservationDiastolicendPoint","version":"0.7.5","name":"NoDomainVitalSignsObservationDiastolicendPoint","title":"NoDomainVitalSignsObservationDiastolicendPoint","status":"draft","experimental":false,"date":"2021-03-17T00:00:00+00:00","description":"Codes representing Diastolic end point","jurisdiction":[{"coding":[{"system":"urn:iso:std:iso:3166","code":"NO","display":"Norway"}]}],"compose":{"include":[{"system":"http://snomed.info/sct","concept":[{"code":"4001000202105","display":"Fase IV"},{"code":"4011000202107","display":"Fase V"}]}]}}