{"resourceType":"ValueSet","id":"NoDomainVitalSignsObservationHeartRhythm","meta":{"lastUpdated":"2021-03-17T00:00:00+00:00","profile":["http://hl7.org/fhir/StructureDefinition/shareablevalueset"]},"text":{"status":"generated","div":"<div xmlns=\"http://www.w3.org/1999/xhtml\"><ul><li>Include these codes as defined in <a href=\"http://www.snomed.org/\"><code>http://snomed.info/sct</code></a><table class=\"none\"><tr><td style=\"white-space:nowrap\"><b>Code</b></td><td><b>Display</b></td></tr><tr><td><a href=\"http://snomed.info/id/4251000202104\">4251000202104</a></td><td>Regelmessig</td></tr><tr><td><a href=\"http://snomed.info/id/361137007\">361137007</a></td><td>Uregelmessig</td></tr></table></li></ul></div>"},"extension":[{"url":"http://hl7.org/fhir/StructureDefinition/structuredefinition-wg","valueCode":"oo"},{"url":"http://hl7.org/fhir/StructureDefinition/structuredefinition-standards-status","valueCode":"draft"},{"url":"http://hl7.org/fhir/StructureDefinition/structuredefinition-fmm","valueInteger":1}],"url":"http://hl7.no/fhir/ValueSet/NoDomainVitalSignsObservationHeartRhythm","version":"0.5.1","name":"NoDomainVitalSignsObservationHeartRhythm","title":"NoDomainVitalSignsObservationHeartRhythm","status":"draft","experimental":false,"date":"2021-03-17T00:00:00+00:00","publisher":"FHIR Project team","contact":[{"telecom":[{"system":"url","value":"http://hl7.org/fhir"}]}],"description":"Codes representing heart rhythm for heart rate","jurisdiction":[{"coding":[{"system":"urn:iso:std:iso:3166","code":"NO","display":"Norway"}]}],"compose":{"include":[{"system":"http://snomed.info/sct","concept":[{"code":"4251000202104","display":"Regelmessig"},{"code":"361137007","display":"Uregelmessig"}]}]}}