{"resourceType":"ValueSet","id":"NoDomainVitalSignsSleepStatusValueSet","meta":{"lastUpdated":"2025-01-28T00:00:00+00:00","profile":["http://hl7.org/fhir/StructureDefinition/shareablevalueset"]},"text":{"status":"generated","div":"<div xmlns=\"http://www.w3.org/1999/xhtml\"><p class=\"res-header-id\"><b>Generated Narrative: ValueSet NoDomainVitalSignsSleepStatusValueSet</b></p><a name=\"NoDomainVitalSignsSleepStatusValueSet\"> </a><a name=\"hcNoDomainVitalSignsSleepStatusValueSet\"> </a><div style=\"display: inline-block; background-color: #d9e0e7; padding: 6px; margin: 4px; border: 1px solid #8da1b4; border-radius: 5px; line-height: 60%\"><p style=\"margin-bottom: 0px\">Last updated: 2025-01-28 00:00:00+0000</p><p style=\"margin-bottom: 0px\">Profile: <a href=\"http://hl7.org/fhir/R4/shareablevalueset.html\">Shareable ValueSet</a></p></div><ul><li>Include these codes as defined in <a href=\"http://www.snomed.org/\"><code>http://snomed.info/sct</code></a><table class=\"none\"><tr><td style=\"white-space:nowrap\"><b>Code</b></td><td><b>Display</b></td></tr><tr><td><a href=\"http://snomed.info/id/248220008\">248220008</a></td><td>Sovende</td></tr><tr><td><a href=\"http://snomed.info/id/248218005\">248218005</a></td><td>Våken</td></tr></table></li></ul></div>"},"extension":[{"url":"http://hl7.org/fhir/StructureDefinition/structuredefinition-wg","valueCode":"oo"},{"url":"http://hl7.org/fhir/StructureDefinition/structuredefinition-standards-status","valueCode":"draft"},{"url":"http://hl7.org/fhir/StructureDefinition/structuredefinition-fmm","valueInteger":1}],"url":"http://hl7.no/fhir/no-domain/vitalsigns/ValueSet/NoDomainVitalSignsSleepStatusValueSet","version":"0.9.0","name":"NoDomainVitalSignsSleepStatusValueSet","title":"NoDomainVitalSignsSleepStatus-ValueSet","status":"draft","experimental":false,"date":"2025-09-08T06:02:14+00:00","publisher":"HL7 Norway","contact":[{"name":"HL7 Norway","telecom":[{"system":"url","value":"http://www.hl7.no"}]}],"description":"Codes representing Sleep Status","jurisdiction":[{"coding":[{"system":"urn:iso:std:iso:3166","code":"NO","display":"Norway"}]}],"copyright":"This resource includes content from SNOMED Clinical Terms® (SNOMED CT®) which is copyright of the International Health Terminology Standards Development Organisation (IHTSDO). Implementers of these specifications must have the appropriate SNOMED CT Affiliate license - for more information contact http://www.snomed.org/snomed-ct/get-snomed-ct or info@snomed.org","compose":{"include":[{"system":"http://snomed.info/sct","concept":[{"code":"248220008","display":"Sovende"},{"code":"248218005","display":"Våken"}]}]}}