{"resourceType":"ValueSet","id":"NoDomainVitalSignsPulseMeasurmentMethod","meta":{"lastUpdated":"2021-03-17T00:00:00+00:00","profile":["http://hl7.org/fhir/StructureDefinition/shareablevalueset"]},"text":{"status":"generated","div":"<div xmlns=\"http://www.w3.org/1999/xhtml\"><p class=\"res-header-id\"><b>Generated Narrative: ValueSet NoDomainVitalSignsPulseMeasurmentMethod</b></p><a name=\"NoDomainVitalSignsPulseMeasurmentMethod\"> </a><a name=\"hcNoDomainVitalSignsPulseMeasurmentMethod\"> </a><a name=\"NoDomainVitalSignsPulseMeasurmentMethod-no-NO\"> </a><div style=\"display: inline-block; background-color: #d9e0e7; padding: 6px; margin: 4px; border: 1px solid #8da1b4; border-radius: 5px; line-height: 60%\"><p style=\"margin-bottom: 0px\">Last updated: 2021-03-17 00:00:00+0000</p><p style=\"margin-bottom: 0px\">Profile: <a href=\"http://hl7.org/fhir/R4/shareablevalueset.html\">Shareable ValueSet</a></p></div><ul><li>Include these codes as defined in <a href=\"http://www.snomed.org/\"><code>http://snomed.info/sct</code></a><table class=\"none\"><tr><td style=\"white-space:nowrap\"><b>Code</b></td><td><b>Display</b></td></tr><tr><td><a href=\"http://snomed.info/id/129436005\">129436005</a></td><td>Auskultasjon</td></tr><tr><td><a href=\"http://snomed.info/id/37931006\">37931006</a></td><td>Auskultasjon</td></tr><tr><td><a href=\"http://snomed.info/id/129434008\">129434008</a></td><td>Palpasjon</td></tr><tr><td><a href=\"http://snomed.info/id/113011001\">113011001</a></td><td>Palpasjon</td></tr></table></li></ul></div>"},"extension":[{"url":"http://hl7.org/fhir/StructureDefinition/structuredefinition-wg","valueCode":"fhir"},{"url":"http://hl7.org/fhir/StructureDefinition/structuredefinition-standards-status","valueCode":"draft"},{"url":"http://hl7.org/fhir/StructureDefinition/structuredefinition-fmm","valueInteger":1}],"url":"http://hl7.no/fhir/ValueSet/NoDomainVitalSignsPulseMeasurmentMethod","version":"0.7.8","name":"NoDomainVitalSignsPulseMeasurmentMethod","title":"NoDomainVitalSignsPulseMeasurmentMethod","status":"draft","experimental":false,"date":"2021-03-17T00:00:00+00:00","publisher":"HL7 Norway","contact":[{"name":"HL7 Norway","telecom":[{"system":"url","value":"http://www.hl7.no"}]}],"description":"Codes representing measurement method for pulse","jurisdiction":[{"coding":[{"system":"urn:iso:std:iso:3166","code":"NO","display":"Norway"}]}],"compose":{"include":[{"system":"http://snomed.info/sct","concept":[{"code":"129436005","display":"Auskultasjon"},{"code":"37931006","display":"Auskultasjon"},{"code":"129434008","display":"Palpasjon"},{"code":"113011001","display":"Palpasjon"}]}]}}