{"resourceType":"ValueSet","id":"NoDomainVitalSignsObservationBodyExposure","meta":{"lastUpdated":"2021-03-17T00:00:00+00:00","profile":["http://hl7.org/fhir/StructureDefinition/shareablevalueset"]},"text":{"status":"generated","div":"<div xmlns=\"http://www.w3.org/1999/xhtml\"><ul><li>Include these codes as defined in <a href=\"http://www.snomed.org/\"><code>http://snomed.info/sct</code></a><table class=\"none\"><tr><td style=\"white-space:nowrap\"><b>Code</b></td><td><b>Display</b></td></tr><tr><td><a href=\"http://snomed.info/id/5671000202107\">5671000202107</a></td><td>Naken</td></tr><tr><td><a href=\"http://snomed.info/id/5601000202102\">5601000202102</a></td><td>Økt påkledning/tildekking</td></tr><tr><td><a href=\"http://snomed.info/id/5611000202100\">5611000202100</a></td><td>Passende påkledning/tildekking</td></tr><tr><td><a href=\"http://snomed.info/id/5591000202105\">5591000202105</a></td><td>Redusert påkledning/tildekking</td></tr></table></li></ul></div>"},"extension":[{"url":"http://hl7.org/fhir/StructureDefinition/structuredefinition-wg","valueCode":"fhir"},{"url":"http://hl7.org/fhir/StructureDefinition/structuredefinition-standards-status","valueCode":"draft"},{"url":"http://hl7.org/fhir/StructureDefinition/structuredefinition-fmm","valueInteger":1}],"url":"http://hl7.no/fhir/ValueSet/NoDomainVitalSignsObservationBodyExposure","version":"0.7.4","name":"NoDomainVitalSignsObservationBodyExposure","title":"NoDomainVitalSignsObservationBodyExposure","status":"draft","experimental":false,"date":"2021-03-17T00:00:00+00:00","description":"Codes representing body exposure","jurisdiction":[{"coding":[{"system":"urn:iso:std:iso:3166","code":"NO","display":"Norway"}]}],"compose":{"include":[{"system":"http://snomed.info/sct","concept":[{"code":"5671000202107","display":"Naken"},{"code":"5601000202102","display":"Økt påkledning/tildekking"},{"code":"5611000202100","display":"Passende påkledning/tildekking"},{"code":"5591000202105","display":"Redusert påkledning/tildekking"}]}]}}