{"resourceType":"ValueSet","id":"NoDomainVitalSignsObservationSpontaneousBreathingVS","meta":{"lastUpdated":"2021-03-17T00:00:00+00:00","profile":["http://hl7.org/fhir/StructureDefinition/shareablevalueset"]},"text":{"status":"generated","div":"<div xmlns=\"http://www.w3.org/1999/xhtml\"><ul><li>Include these codes as defined in <a href=\"http://www.snomed.org/\"><code>http://snomed.info/sct</code></a><table class=\"none\"><tr><td style=\"white-space:nowrap\"><b>Code</b></td><td><b>Display</b></td></tr><tr><td><a href=\"http://snomed.info/id/4891000202108\">4891000202108</a></td><td>Ikke observert</td></tr><tr><td><a href=\"http://snomed.info/id/241700002\">241700002</a></td><td>Tilstede</td></tr></table></li></ul></div>"},"extension":[{"url":"http://hl7.org/fhir/StructureDefinition/structuredefinition-wg","valueCode":"oo"},{"url":"http://hl7.org/fhir/StructureDefinition/structuredefinition-standards-status","valueCode":"draft"},{"url":"http://hl7.org/fhir/StructureDefinition/structuredefinition-fmm","valueInteger":1}],"url":"http://hl7.no/fhir/ValueSet/NoDomainVitalSignsObservationSpontaneousBreathingVS","version":"0.6.2","name":"NoDomainVitalSignsObservationSpontaneousBreathingVS","title":"NoDomainVitalSignsObservationSpontaneousBreathingVS","status":"draft","experimental":false,"date":"2021-03-17T00:00:00+00:00","publisher":"FHIR Project team","description":"Codes representing Respiration Spontaneous breathing","jurisdiction":[{"coding":[{"system":"urn:iso:std:iso:3166","code":"NO","display":"Norway"}]}],"compose":{"include":[{"system":"http://snomed.info/sct","concept":[{"code":"4891000202108","display":"Ikke observert"},{"code":"241700002","display":"Tilstede"}]}]}}