{"resourceType":"ValueSet","id":"NoDomainVitalSignsObservationSleepStatusValueSet","meta":{"lastUpdated":"2021-03-17T00:00:00+00:00","profile":["http://hl7.org/fhir/StructureDefinition/shareablevalueset"]},"text":{"status":"generated","div":"<div xmlns=\"http://www.w3.org/1999/xhtml\"><p class=\"res-header-id\"><b>Generated Narrative: ValueSet NoDomainVitalSignsObservationSleepStatusValueSet</b></p><a name=\"NoDomainVitalSignsObservationSleepStatusValueSet\"> </a><a name=\"hcNoDomainVitalSignsObservationSleepStatusValueSet\"> </a><a name=\"NoDomainVitalSignsObservationSleepStatusValueSet-no-NO\"> </a><div style=\"display: inline-block; background-color: #d9e0e7; padding: 6px; margin: 4px; border: 1px solid #8da1b4; border-radius: 5px; line-height: 60%\"><p style=\"margin-bottom: 0px\">Last updated: 2021-03-17 00:00:00+0000</p><p style=\"margin-bottom: 0px\">Profile: <a href=\"http://hl7.org/fhir/R4/shareablevalueset.html\">Shareable ValueSet</a></p></div><ul><li>Include these codes as defined in <a href=\"http://www.snomed.org/\"><code>http://snomed.info/sct</code></a><table class=\"none\"><tr><td style=\"white-space:nowrap\"><b>Code</b></td><td><b>Display</b></td></tr><tr><td><a href=\"http://snomed.info/id/248220008\">248220008</a></td><td>Sovende</td></tr><tr><td><a href=\"http://snomed.info/id/248218005\">248218005</a></td><td>Våken</td></tr></table></li></ul></div>"},"extension":[{"url":"http://hl7.org/fhir/StructureDefinition/structuredefinition-wg","valueCode":"oo"},{"url":"http://hl7.org/fhir/StructureDefinition/structuredefinition-standards-status","valueCode":"draft"},{"url":"http://hl7.org/fhir/StructureDefinition/structuredefinition-fmm","valueInteger":1}],"url":"http://hl7.no/fhir/ValueSet/NoDomainVitalSignsObservationSleepStatusValueSet","version":"0.7.6","name":"NoDomainVitalSignsObservationSleepStatusValueSet","title":"NoDomainVitalSignsObservationSleepStatusValueSet","status":"draft","experimental":false,"date":"2021-03-17T00:00:00+00:00","description":"Codes representing Sleep Status","jurisdiction":[{"coding":[{"system":"urn:iso:std:iso:3166","code":"NO","display":"Norway"}]}],"compose":{"include":[{"system":"http://snomed.info/sct","concept":[{"code":"248220008","display":"Sovende"},{"code":"248218005","display":"Våken"}]}]}}