{"resourceType":"ValueSet","id":"NoDomainVitalSignsPulsMeasurmentMethod","text":{"status":"generated","div":"<div xmlns=\"http://www.w3.org/1999/xhtml\"><ul><li>Include these codes as defined in <a href=\"http://www.snomed.org/\"><code>http://snomed.info/sct</code></a><table class=\"none\"><tr><td style=\"white-space:nowrap\"><b>Code</b></td><td><b>Display</b></td></tr><tr><td><a href=\"http://snomed.info/id/129436005\">129436005</a></td><td>Auskultasjon</td></tr><tr><td><a href=\"http://snomed.info/id/37931006\">37931006</a></td><td>Auskultasjon</td></tr><tr><td><a href=\"http://snomed.info/id/129434008\">129434008</a></td><td>Palpasjon</td></tr><tr><td><a href=\"http://snomed.info/id/113011001\">113011001</a></td><td>Palpasjon</td></tr></table></li></ul></div>"},"url":"http://hl7.no/fhir/ValueSet/NoDomainVitalSignsPulsMeasurmentMethod","version":"0.6.0","name":"NoDomainVitalSignsPulsMeasurmentMethod","title":"NoDomainVitalSignsPulsMeasurmentMethod","status":"draft","date":"2024-01-17T07:05:53+00:00","description":"Codes representing measurement method for puls","jurisdiction":[{"coding":[{"system":"urn:iso:std:iso:3166","code":"NO","display":"Norway"}]}],"compose":{"include":[{"system":"http://snomed.info/sct","concept":[{"code":"129436005","display":"Auskultasjon"},{"code":"37931006","display":"Auskultasjon"},{"code":"129434008","display":"Palpasjon"},{"code":"113011001","display":"Palpasjon"}]}]}}