{"resourceType":"ValueSet","id":"NoDomainVitalSignsBodyTempBodySiteValueSet","meta":{"lastUpdated":"2025-01-28T00:00:00+00:00","profile":["http://hl7.org/fhir/StructureDefinition/shareablevalueset"]},"text":{"status":"generated","div":"<div xmlns=\"http://www.w3.org/1999/xhtml\"><p class=\"res-header-id\"><b>Generated Narrative: ValueSet NoDomainVitalSignsBodyTempBodySiteValueSet</b></p><a name=\"NoDomainVitalSignsBodyTempBodySiteValueSet\"> </a><a name=\"hcNoDomainVitalSignsBodyTempBodySiteValueSet\"> </a><a name=\"NoDomainVitalSignsBodyTempBodySiteValueSet-no-NO\"> </a><div style=\"display: inline-block; background-color: #d9e0e7; padding: 6px; margin: 4px; border: 1px solid #8da1b4; border-radius: 5px; line-height: 60%\"><p style=\"margin-bottom: 0px\">Last updated: 2025-01-28 00:00:00+0000</p><p style=\"margin-bottom: 0px\">Profile: <a href=\"http://hl7.org/fhir/R4/shareablevalueset.html\">Shareable ValueSet</a></p></div><ul><li>Include these codes as defined in <a href=\"http://www.snomed.org/\"><code>http://snomed.info/sct</code></a><table class=\"none\"><tr><td style=\"white-space:nowrap\"><b>Code</b></td><td><b>Display</b></td></tr><tr><td><a href=\"http://snomed.info/id/91470000\">91470000</a></td><td>Armhule</td></tr><tr><td><a href=\"http://snomed.info/id/34402009\">34402009</a></td><td>Endetarm</td></tr><tr><td><a href=\"http://snomed.info/id/39937001\">39937001</a></td><td>Hud</td></tr><tr><td><a href=\"http://snomed.info/id/59820001\">59820001</a></td><td>Intravaskulært</td></tr><tr><td><a href=\"http://snomed.info/id/26893007\">26893007</a></td><td>Lyske</td></tr><tr><td><a href=\"http://snomed.info/id/122861001\">122861001</a></td><td>Munn</td></tr><tr><td><a href=\"http://snomed.info/id/71836000\">71836000</a></td><td>Nesesvelg</td></tr><tr><td><a href=\"http://snomed.info/id/42859004\">42859004</a></td><td>Øre</td></tr><tr><td><a href=\"http://snomed.info/id/52795006\">52795006</a></td><td>Panne</td></tr><tr><td><a href=\"http://snomed.info/id/76784001\">76784001</a></td><td>Skjede</td></tr><tr><td><a href=\"http://snomed.info/id/32849002\">32849002</a></td><td>Spiserør</td></tr><tr><td><a href=\"http://snomed.info/id/450721000\">450721000</a></td><td>Tinning</td></tr><tr><td><a href=\"http://snomed.info/id/89837001\">89837001</a></td><td>Urinblære</td></tr></table></li></ul></div>"},"extension":[{"url":"http://hl7.org/fhir/StructureDefinition/structuredefinition-wg","valueCode":"oo"},{"url":"http://hl7.org/fhir/StructureDefinition/structuredefinition-standards-status","valueCode":"draft"},{"url":"http://hl7.org/fhir/StructureDefinition/structuredefinition-fmm","valueInteger":1}],"url":"http://hl7.no/fhir/no-domain/vitalsigns/ValueSet/NoDomainVitalSignsBodyTempBodySiteValueSet","version":"0.9.0","name":"NoDomainVitalSignsBodyTempBodySiteValueSet","title":"NoDomainVitalSignsBodyTempBodySite-ValueSet","status":"draft","experimental":false,"date":"2025-06-10T12:59:00+00:00","publisher":"HL7 Norway","contact":[{"name":"HL7 Norway","telecom":[{"system":"url","value":"http://www.hl7.no"}]}],"description":"Codes representing body site for body temperature","jurisdiction":[{"coding":[{"system":"urn:iso:std:iso:3166","code":"NO","display":"Norway"}]}],"copyright":"This resource includes content from SNOMED Clinical Terms® (SNOMED CT®) which is copyright of the International Health Terminology Standards Development Organisation (IHTSDO). Implementers of these specifications must have the appropriate SNOMED CT Affiliate license - for more information contact http://www.snomed.org/snomed-ct/get-snomed-ct or info@snomed.org","compose":{"include":[{"system":"http://snomed.info/sct","concept":[{"code":"91470000","display":"Armhule"},{"code":"34402009","display":"Endetarm"},{"code":"39937001","display":"Hud"},{"code":"59820001","display":"Intravaskulært"},{"code":"26893007","display":"Lyske"},{"code":"122861001","display":"Munn"},{"code":"71836000","display":"Nesesvelg"},{"code":"42859004","display":"Øre"},{"code":"52795006","display":"Panne"},{"code":"76784001","display":"Skjede"},{"code":"32849002","display":"Spiserør"},{"code":"450721000","display":"Tinning"},{"code":"89837001","display":"Urinblære"}]}]}}