{"resourceType":"ValueSet","id":"NoDomainVitalSignsCuffsizeValueSet","meta":{"lastUpdated":"2025-01-28T00:00:00+00:00","profile":["http://hl7.org/fhir/StructureDefinition/shareablevalueset"]},"text":{"status":"generated","div":"<div xmlns=\"http://www.w3.org/1999/xhtml\"><p class=\"res-header-id\"><b>Generated Narrative: ValueSet NoDomainVitalSignsCuffsizeValueSet</b></p><a name=\"NoDomainVitalSignsCuffsizeValueSet\"> </a><a name=\"hcNoDomainVitalSignsCuffsizeValueSet\"> </a><div style=\"display: inline-block; background-color: #d9e0e7; padding: 6px; margin: 4px; border: 1px solid #8da1b4; border-radius: 5px; line-height: 60%\"><p style=\"margin-bottom: 0px\">Last updated: 2025-01-28 00:00:00+0000</p><p style=\"margin-bottom: 0px\">Profile: <a href=\"http://hl7.org/fhir/R4/shareablevalueset.html\">Shareable ValueSet</a></p></div><ul><li>Include these codes as defined in <a href=\"http://www.snomed.org/\"><code>http://snomed.info/sct</code></a><table class=\"none\"><tr><td style=\"white-space:nowrap\"><b>Code</b></td><td><b>Display</b></td></tr><tr><td><a href=\"http://snomed.info/id/720736009\">720736009</a></td><td>Barn</td></tr><tr><td><a href=\"http://snomed.info/id/720740000\">720740000</a></td><td>Lår voksne</td></tr><tr><td><a href=\"http://snomed.info/id/4231000202108\">4231000202108</a></td><td>Neonatal</td></tr><tr><td><a href=\"http://snomed.info/id/397641000202108\">397641000202108</a></td><td>Små voksne</td></tr><tr><td><a href=\"http://snomed.info/id/4281000202107\">4281000202107</a></td><td>Spedbarn</td></tr><tr><td><a href=\"http://snomed.info/id/397631000202102\">397631000202102</a></td><td>Store voksne</td></tr><tr><td><a href=\"http://snomed.info/id/720737000\">720737000</a></td><td>Voksne</td></tr></table></li></ul></div>"},"extension":[{"url":"http://hl7.org/fhir/StructureDefinition/structuredefinition-wg","valueCode":"oo"},{"url":"http://hl7.org/fhir/StructureDefinition/structuredefinition-standards-status","valueCode":"draft"},{"url":"http://hl7.org/fhir/StructureDefinition/structuredefinition-fmm","valueInteger":1}],"url":"http://hl7.no/fhir/no-domain/vitalsigns/ValueSet/NoDomainVitalSignsCuffsizeValueSet","version":"0.9.1","name":"NoDomainVitalSignsCuffsizeValueSet","title":"NoDomainVitalSignsCuffsize-ValueSet","status":"draft","experimental":false,"date":"2025-09-05T05:00:48+00:00","publisher":"HL7 Norway","contact":[{"name":"HL7 Norway","telecom":[{"system":"url","value":"http://www.hl7.no"}]}],"description":"Codes representing cuff size","jurisdiction":[{"coding":[{"system":"urn:iso:std:iso:3166","code":"NO","display":"Norway"}]}],"copyright":"This resource includes content from SNOMED Clinical Terms® (SNOMED CT®) which is copyright of the International Health Terminology Standards Development Organisation (IHTSDO). Implementers of these specifications must have the appropriate SNOMED CT Affiliate license - for more information contact http://www.snomed.org/snomed-ct/get-snomed-ct or info@snomed.org","compose":{"include":[{"system":"http://snomed.info/sct","concept":[{"code":"720736009","display":"Barn"},{"code":"720740000","display":"Lår voksne"},{"code":"4231000202108","display":"Neonatal"},{"code":"397641000202108","display":"Små voksne"},{"code":"4281000202107","display":"Spedbarn"},{"code":"397631000202102","display":"Store voksne"},{"code":"720737000","display":"Voksne"}]}]}}