{"resourceType":"ValueSet","id":"NoDomainVitalSignsObservationBloodpressureBodyPosition","meta":{"lastUpdated":"2025-01-28T00:00:00+00:00","profile":["http://hl7.org/fhir/StructureDefinition/shareablevalueset"]},"text":{"status":"generated","div":"<div xmlns=\"http://www.w3.org/1999/xhtml\"><p class=\"res-header-id\"><b>Generated Narrative: ValueSet NoDomainVitalSignsObservationBloodpressureBodyPosition</b></p><a name=\"NoDomainVitalSignsObservationBloodpressureBodyPosition\"> </a><a name=\"hcNoDomainVitalSignsObservationBloodpressureBodyPosition\"> </a><a name=\"NoDomainVitalSignsObservationBloodpressureBodyPosition-no-NO\"> </a><div style=\"display: inline-block; background-color: #d9e0e7; padding: 6px; margin: 4px; border: 1px solid #8da1b4; border-radius: 5px; line-height: 60%\"><p style=\"margin-bottom: 0px\">Last updated: 2025-01-28 00:00:00+0000</p><p style=\"margin-bottom: 0px\">Profile: <a href=\"http://hl7.org/fhir/R4/shareablevalueset.html\">Shareable ValueSet</a></p></div><p>This value set includes codes based on the following rules:</p><ul><li>Include all codes defined in <a href=\"http://www.snomed.org/\"><code>http://snomed.info/sct</code></a></li><li>Include these codes as defined in <code>http://snomed.info/sct/51000202101</code><table class=\"none\"><tr><td style=\"white-space:nowrap\"><b>Code</b></td><td><b>Display</b></td></tr><tr><td>4801000202104</td><td>Liggende</td></tr><tr><td>414585002</td><td>Liggende lent mot venstre</td></tr><tr><td>272580008</td><td>Tilbakelent</td></tr><tr><td>10904000</td><td>oppreist stilling</td></tr><tr><td>33586001</td><td>Sittende</td></tr></table></li></ul></div>"},"extension":[{"url":"http://hl7.org/fhir/StructureDefinition/structuredefinition-wg","valueCode":"oo"},{"url":"http://hl7.org/fhir/StructureDefinition/structuredefinition-standards-status","valueCode":"draft"},{"url":"http://hl7.org/fhir/StructureDefinition/structuredefinition-fmm","valueInteger":1}],"url":"http://hl7.no/fhir/ValueSet/NoDomainVitalSignsObservationBloodpressureBodyPosition","version":"0.8.3","name":"NoDomainVitalSignsObservationBloodpressureBodyPosition","title":"NoDomainVitalSignsObservationBloodpressureBodyPosition","status":"draft","experimental":false,"date":"2025-03-25T12:40:24+00:00","publisher":"HL7 Norway","contact":[{"name":"HL7 Norway","telecom":[{"system":"url","value":"http://www.hl7.no"}]}],"description":"Codes representing body position for blood pressure","jurisdiction":[{"coding":[{"system":"urn:iso:std:iso:3166","code":"NO","display":"Norway"}]}],"copyright":"This resource includes content from SNOMED Clinical Terms® (SNOMED CT®) which is copyright of the International Health Terminology Standards Development Organisation (IHTSDO). Implementers of these specifications must have the appropriate SNOMED CT Affiliate license - for more information contact http://www.snomed.org/snomed-ct/get-snomed-ct or info@snomed.org","compose":{"include":[{"system":"http://snomed.info/sct","version":"$sctno"},{"system":"http://snomed.info/sct/51000202101","concept":[{"code":"4801000202104","display":"Liggende"},{"code":"414585002","display":"Liggende lent mot venstre"},{"code":"272580008","display":"Tilbakelent"},{"code":"10904000","display":"oppreist stilling"},{"code":"33586001","display":"Sittende"}]}]}}