{"resourceType":"ValueSet","id":"NoDomainVitalSignsObservationRespirationRateDepth","meta":{"lastUpdated":"2025-01-28T00:00:00+00:00","profile":["http://hl7.org/fhir/StructureDefinition/shareablevalueset"]},"text":{"status":"generated","div":"<div xmlns=\"http://www.w3.org/1999/xhtml\"><p class=\"res-header-id\"><b>Generated Narrative: ValueSet NoDomainVitalSignsObservationRespirationRateDepth</b></p><a name=\"NoDomainVitalSignsObservationRespirationRateDepth\"> </a><a name=\"hcNoDomainVitalSignsObservationRespirationRateDepth\"> </a><a name=\"NoDomainVitalSignsObservationRespirationRateDepth-no-NO\"> </a><div style=\"display: inline-block; background-color: #d9e0e7; padding: 6px; margin: 4px; border: 1px solid #8da1b4; border-radius: 5px; line-height: 60%\"><p style=\"margin-bottom: 0px\">Last updated: 2025-01-28 00:00:00+0000</p><p style=\"margin-bottom: 0px\">Profile: <a href=\"http://hl7.org/fhir/R4/shareablevalueset.html\">Shareable ValueSet</a></p></div><ul><li>Include these codes as defined in <a href=\"http://www.snomed.org/\"><code>http://snomed.info/sct</code></a><table class=\"none\"><tr><td style=\"white-space:nowrap\"><b>Code</b></td><td><b>Display</b></td></tr><tr><td><a href=\"http://snomed.info/id/289123006\">289123006</a></td><td>Dyp</td></tr><tr><td><a href=\"http://snomed.info/id/301284009\">301284009</a></td><td>Normal</td></tr><tr><td><a href=\"http://snomed.info/id/386616007\">386616007</a></td><td>Overfladisk</td></tr><tr><td><a href=\"http://snomed.info/id/248587009\">248587009</a></td><td>Varierende</td></tr></table></li></ul></div>"},"extension":[{"url":"http://hl7.org/fhir/StructureDefinition/structuredefinition-wg","valueCode":"fhir"},{"url":"http://hl7.org/fhir/StructureDefinition/structuredefinition-standards-status","valueCode":"draft"},{"url":"http://hl7.org/fhir/StructureDefinition/structuredefinition-fmm","valueInteger":1}],"url":"http://hl7.no/fhir/ValueSet/NoDomainVitalSignsObservationRespirationRateDepth","version":"0.8.1","name":"NoDomainVitalSignsObservationRespirationRateDepth","title":"NoDomainVitalSignsObservationRespirationRateDepth","status":"draft","experimental":false,"date":"2025-03-21T10:35:33+00:00","publisher":"HL7 Norway","contact":[{"name":"HL7 Norway","telecom":[{"system":"url","value":"http://www.hl7.no"}]}],"description":"Codes representing depth for respiration rate","jurisdiction":[{"coding":[{"system":"urn:iso:std:iso:3166","code":"NO","display":"Norway"}]}],"copyright":"This resource includes content from SNOMED Clinical Terms® (SNOMED CT®) which is copyright of the International Health Terminology Standards Development Organisation (IHTSDO). Implementers of these specifications must have the appropriate SNOMED CT Affiliate license - for more information contact http://www.snomed.org/snomed-ct/get-snomed-ct or info@snomed.org","compose":{"include":[{"system":"http://snomed.info/sct","concept":[{"code":"289123006","display":"Dyp"},{"code":"301284009","display":"Normal"},{"code":"386616007","display":"Overfladisk"},{"code":"248587009","display":"Varierende"}]}]}}