{
  "resourceType" : "Observation",
  "id" : "no-pulse-create",
  "meta" : {
    "versionId" : "0",
    "lastUpdated" : "2014-01-30T22:35:23+11:00",
    "source" : "META_VISION",
    "profile" : ["http://hl7.no/fhir/StructureDefinition/NoDomainVitalSignsObservationPulse"]
  },
  "text" : {
    "status" : "extensions",
    "div" : "<div xmlns=\"http://www.w3.org/1999/xhtml\"><p><b>Generated Narrative: Observation</b><a name=\"no-pulse-create\"> </a></p><div style=\"display: inline-block; background-color: #d9e0e7; padding: 6px; margin: 4px; border: 1px solid #8da1b4; border-radius: 5px; line-height: 60%\"><p style=\"margin-bottom: 0px\">Resource Observation &quot;no-pulse-create&quot; Version &quot;0&quot; Updated &quot;2014-01-30 22:35:23+1100&quot; </p><p style=\"margin-bottom: 0px\">Information Source: META_VISION!</p><p style=\"margin-bottom: 0px\">Profile: <a href=\"StructureDefinition-NoDomainVitalSignsObservationPulse.html\">NO Domain VitalSigns Observation - Pulse</a></p></div><p><b>NoDomainVitalSignsObservationHeartRhythm</b>: Regelmessig (Details: SNOMED CT code 271636001 = 'Pulse regular', stated as 'Regelmessig')</p><p><b>NoDomainVitalSignsObservationHeartRhythmIrregularity</b>: Regelmessig uregelmessig (Details: SNOMED CT code 271638000 = 'Pulse regularly irregular', stated as 'Regelmessig uregelmessig')</p><p><b>NoDomainVitalSignsObservationCharacterOfHeartRate</b>: character sample</p><p><b>NoDomainVitalSignsObservationClinicalDescription</b>: Clinical description sample</p><p><b>NoDomainVitalSignsObservationHeartRateBodyPosition</b>: Sittende (Details: SNOMED CT code 33586001 = 'Sitting position', stated as 'Sittende')</p><p><b>identifier</b>: id: External Id: testpulseExternalId6</p><p><b>status</b>: final</p><p><b>category</b>: Vital Signs <span style=\"background: LightGoldenRodYellow; margin: 4px; border: 1px solid khaki\"> (<a href=\"http://terminology.hl7.org/5.0.0/CodeSystem-observation-category.html\">Observation Category Codes</a>#vital-signs)</span></p><p><b>code</b>: Pulse (observable entity) <span style=\"background: LightGoldenRodYellow; margin: 4px; border: 1px solid khaki\"> (<a href=\"https://browser.ihtsdotools.org/\">SNOMED CT</a>#78564009)</span></p><p><b>subject</b>: <a href=\"Patient-cdp1000239.html\">Patient/cdp1000239</a></p><p><b>encounter</b>: <a href=\"Encounter-agy1000245.html\">Encounter/agy1000245</a></p><p><b>effective</b>: 2021-05-10</p><p><b>performer</b>: </p><ul><li><span/></li><li><a href=\"Organization-afa22.html\">Organization/afa22</a> &quot;Organization/afa22&quot;</li></ul><p><b>value</b>: 61 /min<span style=\"background: LightGoldenRodYellow\"> (Details: UCUM code /min = '/min')</span></p><p><b>note</b>: Demo heart rate</p><p><b>bodySite</b>: \tFinger <span style=\"background: LightGoldenRodYellow; margin: 4px; border: 1px solid khaki\"> (<a href=\"https://browser.ihtsdotools.org/\">SNOMED CT</a>#7569003)</span></p></div>"
  },
  "extension" : [{
    "url" : "http://hl7.no/fhir/StructureDefinition/NoDomainVitalSignsObservationHeartRhythm",
    "valueCoding" : {
      "system" : "http://snomed.info/sct",
      "code" : "271636001",
      "display" : "Regelmessig"
    }
  },
  {
    "url" : "http://hl7.no/fhir/StructureDefinition/NoDomainVitalSignsObservationHeartRhythmIrregularity",
    "valueCoding" : {
      "system" : "http://snomed.info/sct",
      "code" : "271638000",
      "display" : "Regelmessig uregelmessig"
    }
  },
  {
    "url" : "http://hl7.no/fhir/StructureDefinition/NoDomainVitalSignsObservationCharacterOfHeartRate",
    "valueAnnotation" : {
      "text" : "character sample"
    }
  },
  {
    "url" : "http://hl7.no/fhir/StructureDefinition/NoDomainVitalSignsObservationClinicalDescription",
    "valueAnnotation" : {
      "text" : "Clinical description sample"
    }
  },
  {
    "url" : "http://hl7.no/fhir/StructureDefinition/NoDomainVitalSignsObservationHeartRateBodyPosition",
    "valueCoding" : {
      "system" : "http://snomed.info/sct",
      "code" : "33586001",
      "display" : "Sittende"
    }
  }],
  "identifier" : [{
    "system" : "http://dips.no/fhir/namingsystem/externalId",
    "value" : "External Id: testpulseExternalId6"
  }],
  "status" : "final",
  "category" : [{
    "coding" : [{
      "system" : "http://terminology.hl7.org/CodeSystem/observation-category",
      "code" : "vital-signs"
    }]
  }],
  "code" : {
    "coding" : [{
      "system" : "http://snomed.info/sct",
      "code" : "78564009",
      "display" : "Pulse (observable entity)"
    }]
  },
  "subject" : {
    "reference" : "Patient/cdp1000239",
    "identifier" : {
      "system" : "http://dips.no/fhir/namingsystem/dips-patientid",
      "value" : "1000239"
    }
  },
  "encounter" : {
    "reference" : "Encounter/agy1000245"
  },
  "effectiveDateTime" : "2021-05-10",
  "performer" : [{
    "identifier" : {
      "system" : "urn:oid:2.16.578.1.12.4.1.2",
      "value" : "889911"
    }
  },
  {
    "reference" : "Organization/afa22",
    "identifier" : {
      "system" : "urn:oid:1.3.6.1.4.1.9038.70.3",
      "value" : "22"
    }
  }],
  "valueQuantity" : {
    "value" : 61,
    "unit" : "/min",
    "system" : "http://unitsofmeasure.org",
    "code" : "/min"
  },
  "note" : [{
    "text" : "Demo heart rate"
  }],
  "bodySite" : {
    "coding" : [{
      "system" : "http://snomed.info/sct",
      "code" : "7569003",
      "display" : "\tFinger"
    }]
  }
}