{
  "resourceType": "ValueSet",
  "id": "NoDomainVitalSignsObservationDiastolicendPoint",
  "meta": {
    "lastUpdated": "2021-03-17T00:00:00+00:00",
    "profile": [
      "http://hl7.org/fhir/StructureDefinition/shareablevalueset"
    ]
  },
  "text": {
    "status": "generated",
    "div": "<div xmlns=\"http://www.w3.org/1999/xhtml\"><ul><li>Include these codes as defined in <a href=\"http://www.snomed.org/\"><code>http://snomed.info/sct</code></a><table class=\"none\"><tr><td style=\"white-space:nowrap\"><b>Code</b></td><td><b>Display</b></td></tr><tr><td><a href=\"http://snomed.info/id/4001000202105\">4001000202105</a></td><td>Fase IV</td></tr><tr><td><a href=\"http://snomed.info/id/4011000202107\">4011000202107</a></td><td>Fase V</td></tr></table></li></ul></div>"
  },
  "extension": [
    {
      "url": "http://hl7.org/fhir/StructureDefinition/structuredefinition-wg",
      "valueCode": "oo"
    },
    {
      "url": "http://hl7.org/fhir/StructureDefinition/structuredefinition-standards-status",
      "valueCode": "draft"
    },
    {
      "url": "http://hl7.org/fhir/StructureDefinition/structuredefinition-fmm",
      "valueInteger": 1
    }
  ],
  "url": "http://hl7.no/fhir/ValueSet/NoDomainVitalSignsObservationDiastolicendPoint",
  "version": "0.1.0",
  "name": "NoDomainVitalSignsObservationDiastolicendPoint",
  "title": "Codes representing Diastolic end point",
  "status": "draft",
  "experimental": false,
  "date": "2021-03-17T00:00:00+00:00",
  "publisher": "FHIR Project team",
  "description": "Codes representing Diastolic end point",
  "jurisdiction": [
    {
      "coding": [
        {
          "system": "urn:iso:std:iso:3166",
          "code": "NO",
          "display": "Norway"
        }
      ]
    }
  ],
  "compose": {
    "include": [
      {
        "system": "http://snomed.info/sct",
        "concept": [
          {
            "code": "4001000202105",
            "display": "Fase IV"
          },
          {
            "code": "4011000202107",
            "display": "Fase V"
          }
        ]
      }
    ]
  }
}