{
  "resourceType" : "ValueSet",
  "id" : "NoDomainVitalSignsObservationBloodpressureBodySite",
  "meta" : {
    "lastUpdated" : "2021-03-17T00:00:00+00:00",
    "profile" : ["http://hl7.org/fhir/StructureDefinition/shareablevalueset"]
  },
  "text" : {
    "status" : "generated",
    "div" : "<div xmlns=\"http://www.w3.org/1999/xhtml\"><ul><li>Include these codes as defined in <a href=\"http://www.snomed.org/\"><code>http://snomed.info/sct</code></a><table class=\"none\"><tr><td style=\"white-space:nowrap\"><b>Code</b></td><td><b>Display</b></td></tr><tr><td><a href=\"http://snomed.info/id/368209003\">368209003</a></td><td>Overarm, høyre</td></tr><tr><td><a href=\"http://snomed.info/id/368208006\">368208006</a></td><td>Overarm, venstre</td></tr><tr><td><a href=\"http://snomed.info/id/11207009\">11207009</a></td><td>Lår, høyre</td></tr><tr><td><a href=\"http://snomed.info/id/61396006\">61396006</a></td><td>Lår, venstre</td></tr><tr><td><a href=\"http://snomed.info/id/9736006\">9736006</a></td><td>Håndledd, høyre</td></tr><tr><td><a href=\"http://snomed.info/id/5951000\">5951000</a></td><td>Håndledd, venstre</td></tr><tr><td><a href=\"http://snomed.info/id/6685009\">6685009</a></td><td>Ankel, høyre</td></tr><tr><td><a href=\"http://snomed.info/id/51636004\">51636004</a></td><td>Ankel, venstre</td></tr><tr><td><a href=\"http://snomed.info/id/7569003\">7569003</a></td><td>Finger</td></tr><tr><td><a href=\"http://snomed.info/id/29707007\">29707007</a></td><td>Tå</td></tr><tr><td><a href=\"http://snomed.info/id/2402003\">2402003</a></td><td>Fotrygg</td></tr><tr><td><a href=\"http://snomed.info/id/51114001\">51114001</a></td><td>Intra-arterielt</td></tr></table></li></ul></div>"
  },
  "extension" : [{
    "url" : "http://hl7.org/fhir/StructureDefinition/structuredefinition-wg",
    "valueCode" : "oo"
  },
  {
    "url" : "http://hl7.org/fhir/StructureDefinition/structuredefinition-standards-status",
    "valueCode" : "draft"
  },
  {
    "url" : "http://hl7.org/fhir/StructureDefinition/structuredefinition-fmm",
    "valueInteger" : 1
  }],
  "url" : "http://hl7.no/fhir/ValueSet/NoDomainVitalSignsObservationBloodpressureBodySite",
  "version" : "0.1.0",
  "name" : "NoDomainVitalSignsObservationBloodpressureBodySite",
  "title" : "NoDomainVitalSignsObservationBloodpressureBodySite",
  "status" : "draft",
  "experimental" : false,
  "date" : "2021-03-17T00:00:00+00:00",
  "publisher" : "FHIR Project team",
  "contact" : [{
    "telecom" : [{
      "system" : "url",
      "value" : "http://hl7.org/fhir"
    }]
  }],
  "description" : "Codes representing body site for blood pressure",
  "jurisdiction" : [{
    "coding" : [{
      "system" : "urn:iso:std:iso:3166",
      "code" : "NO",
      "display" : "Norway"
    }]
  }],
  "compose" : {
    "include" : [{
      "system" : "http://snomed.info/sct",
      "concept" : [{
        "code" : "368209003",
        "display" : "Overarm, høyre"
      },
      {
        "code" : "368208006",
        "display" : "Overarm, venstre"
      },
      {
        "code" : "11207009",
        "display" : "Lår, høyre"
      },
      {
        "code" : "61396006",
        "display" : "Lår, venstre"
      },
      {
        "code" : "9736006",
        "display" : "Håndledd, høyre"
      },
      {
        "code" : "5951000",
        "display" : "Håndledd, venstre"
      },
      {
        "code" : "6685009",
        "display" : "Ankel, høyre"
      },
      {
        "code" : "51636004",
        "display" : "Ankel, venstre"
      },
      {
        "code" : "7569003",
        "display" : "Finger"
      },
      {
        "code" : "29707007",
        "display" : "Tå"
      },
      {
        "code" : "2402003",
        "display" : "Fotrygg"
      },
      {
        "code" : "51114001",
        "display" : "Intra-arterielt"
      }]
    }]
  }
}