URL,Version,Status,OIDs,Name,Title,Descriptino,Uses,Used,Sources
http://hl7.no/fhir/ValueSet/NoDomainVitalSignObservationBloodPressureMeasurementMethod,0.6.1,draft,,NoDomainVitalSignObservationBloodPressureMeasurementMethod,NoDomainVitalSignObservationBloodPressureMeasurementMethod,"Codes representing measurement method for blood pressurerate","StructureDefinition/NoDomainVitalSignsObservationBloodpressure","SCT"
http://hl7.no/fhir/ValueSet/NoDomainVitalSignsObservationBloodpressureBodyPosition,0.6.1,draft,,NoDomainVitalSignsObservationBloodpressureBodyPosition,NoDomainVitalSignsObservationBloodpressureBodyPosition,"Codes representing body position for blood pressure","StructureDefinition/NoDomainVitalSignsObservationBloodpressureBodyPosition","SCT"
http://hl7.no/fhir/ValueSet/NoDomainVitalSignsObservationBloodpressureBodySite,0.6.1,draft,,NoDomainVitalSignsObservationBloodpressureBodySite,NoDomainVitalSignsObservationBloodpressureBodySite,"Include codes representing body site for blood pressure as used in HL7 Norway no-domain profiles, codes included from SNOMED CT valueset","StructureDefinition/NoDomainVitalSignsObservationBloodpressure","SCT"
http://hl7.no/fhir/ValueSet/NoDomainVitalSignsObservationBodyExposure,0.6.1,draft,,NoDomainVitalSignsObservationBodyExposure,NoDomainVitalSignsObservationBodyExposure,"Codes representing body exposure","StructureDefinition/NoDomainVitalSignsObservationBodyExposure","SCT"
http://hl7.no/fhir/ValueSet/NoDomainVitalSignsObservationBodyHeightBodyPosition,0.6.1,draft,,NoDomainVitalSignsObservationBodyHeightBodyPosition,NoDomainVitalSignsObservationBodyHeightBodyPosition,"Codes representing body position for body height","StructureDefinition/NoDomainVitalSignsObservationBodyHeightBodyPosition","SCT"
http://hl7.no/fhir/ValueSet/NoDomainVitalSignsObservationBodyTempBodySite,0.6.1,draft,,NoDomainVitalSignsObservationBodyTempBodySite,NoDomainVitalSignsObservationBodyTempBodySite,"Codes representing body site for body temperature","StructureDefinition/NoDomainVitalSignsObservationBodyTemp","SCT"
http://hl7.no/fhir/ValueSet/NoDomainVitalSignsObservationClothingState,0.6.1,draft,,NoDomainVitalSignsObservationClothingState,NoDomainVitalSignsObservationClothingState,"Codes representing level of clothing","StructureDefinition/NoDomainVitalSignsObservationClothingState","SCT"
http://hl7.no/fhir/ValueSet/NoDomainVitalSignsObservationCuffsize,0.6.1,draft,,NoDomainVitalSignsObservationCuffsize,NoDomainVitalSignsObservationCuffsize,"Codes representing cuff size","StructureDefinition/NoDomainVitalSignsObservationCuffSize","SCT"
http://hl7.no/fhir/ValueSet/NoDomainVitalSignsObservationDiastolicendPoint,0.6.1,draft,,NoDomainVitalSignsObservationDiastolicendPoint,NoDomainVitalSignsObservationDiastolicendPoint,"Codes representing Diastolic end point","StructureDefinition/NoDomainVitalSignsObservationDiastolicEndPoint","SCT"
http://hl7.no/fhir/ValueSet/NoDomainVitalSignsObservationHeartRateBodySite,0.6.1,draft,,NoDomainVitalSignsObservationHeartRateBodySite,NoDomainVitalSignsObservationHeartRateBodySite,"Codes representing body site for heart rate","StructureDefinition/NoDomainVitalSignsObservationHeartRate","SCT"
http://hl7.no/fhir/ValueSet/NoDomainVitalSignsObservationHeartRatePulsBodyPosition,0.6.1,draft,,NoDomainVitalSignsObservationHeartRatePulsBodyPosition,NoDomainVitalSignsObservationHeartRatePulsBodyPosition,"Codes representing body position for heart rate","StructureDefinition/NoDomainVitalSignsObservationHeartRatePulsBodyPosition","SCT"
http://hl7.no/fhir/ValueSet/NoDomainVitalSignsObservationHeartRhythm,0.6.1,draft,,NoDomainVitalSignsObservationHeartRhythm,NoDomainVitalSignsObservationHeartRhythm,"Codes representing heart rhythm for heart rate","StructureDefinition/NoDomainVitalSignsObservationHeartRhythm","SCT"
http://hl7.no/fhir/ValueSet/NoDomainVitalSignsObservationHeartRhythmIrregularity,0.6.1,draft,,NoDomainVitalSignsObservationHeartRhythmIrregularity,NoDomainVitalSignsObservationHeartRhythmIrregularity,"Codes representing heart rhythm irregularity for heart rate","StructureDefinition/NoDomainVitalSignsObservationHeartRhythmIrregularity","SCT"
http://hl7.no/fhir/ValueSet/NoDomainVitalSignsObservationPulsBodySite,0.6.1,draft,,NoDomainVitalSignsObservationPulsBodySite,NoDomainVitalSignsObservationPulsBodySite,"Codes representing body site for heart rate","StructureDefinition/NoDomainVitalSignsObservationPuls","SCT"
http://hl7.no/fhir/ValueSet/NoDomainVitalSignsObservationPulsRhythm,0.6.1,draft,,NoDomainVitalSignsObservationPulsRhythm,NoDomainVitalSignsObservationPulsRhythm,"Codes representing  rhythm of Puls","StructureDefinition/NoDomainVitalSignsObservationPulsRhythm","SCT"
http://hl7.no/fhir/ValueSet/NoDomainVitalSignsObservationPulsRhythmIrregularity,0.6.1,draft,,NoDomainVitalSignsObservationPulsRhythmIrregularity,NoDomainVitalSignsObservationPulsRhythmIrregularity,"Codes representing heart rhythm irregularity for Puls","StructureDefinition/NoDomainVitalSignsObservationPulsRhythmIrregularity","SCT"
http://hl7.no/fhir/ValueSet/NoDomainVitalSignsObservationRespirationRateBodyPosition,0.6.1,draft,,NoDomainVitalSignsObservationRespirationRateBodyPosition,NoDomainVitalSignsObservationRespirationRateBodyPosition,"Codes representing body position for respiration rate","StructureDefinition/NoDomainVitalSignsObservationRespirationRateBodyPosition","SCT"
http://hl7.no/fhir/ValueSet/NoDomainVitalSignsObservationRespirationRateDepth,0.6.1,draft,,NoDomainVitalSignsObservationRespirationRateDepth,NoDomainVitalSignsObservationRespirationRateDepth,"Codes representing depth for respiration rate","StructureDefinition/NoDomainVitalSignsObservationRespirationDepth","SCT"
http://hl7.no/fhir/ValueSet/NoDomainVitalSignsObservationRespirationRegularity,0.6.1,draft,,NoDomainVitalSignsObservationRespirationRegularity,NoDomainVitalSignsObservationRespirationRegularity,"Codes representing Respiration Regularity","StructureDefinition/NoDomainVitalSignsObservationRespirationRegularity","SCT"
http://hl7.no/fhir/ValueSet/NoDomainVitalSignsObservationSleepStatusValueSet,0.6.1,draft,,NoDomainVitalSignsObservationSleepStatusValueSet,NoDomainVitalSignsObservationSleepStatusValueSet,"Codes representing Sleep Status","StructureDefinition/NoDomainVitalSignsObservationSleepStatus","SCT"
http://hl7.no/fhir/ValueSet/NoDomainVitalSignsObservationSpontaneousBreathingVS,0.6.1,draft,,NoDomainVitalSignsObservationSpontaneousBreathingVS,NoDomainVitalSignsObservationSpontaneousBreathingVS,"Codes representing Respiration Spontaneous breathing","StructureDefinition/NoDomainVitalSignsObservationSpontaneousBreathing","SCT"
http://hl7.no/fhir/ValueSet/NoDomainVitalSignsPulsMeasurmentMethod,0.6.1,draft,,NoDomainVitalSignsPulsMeasurmentMethod,NoDomainVitalSignsPulsMeasurmentMethod,"Codes representing measurement method for puls","StructureDefinition/NoDomainVitalSignsObservationPuls","SCT"
http://hl7.no/fhir/ValueSet/NoDomianVitalSignsObservationHeartRateMeasurementMethod,0.6.1,draft,,NoDomianVitalSignsObservationHeartRateMeasurementMethod,NoDomianVitalSignsObservationHeartRateMeasurementMethod,"Codes representing measurement method for HeartRate","StructureDefinition/NoDomainVitalSignsObservationHeartRate","SCT"
