URL,Version,Status,OIDs,Name,Title,Descriptino,Uses,Used,Sources
http://hl7.no/fhir/ValueSet/NoDomainVitalSignObservationBloodPressureMeasurementMethod,0.6.0,draft,,NoDomainVitalSignObservationBloodPressureMeasurementMethod,NoDomainVitalSignObservationBloodPressureMeasurementMethod,"Codes representing measurement method for blood pressurerate",,"SCT"
http://hl7.no/fhir/ValueSet/NoDomainVitalSignsObservationBloodpressureBodyPosition,0.6.0,draft,,NoDomainVitalSignsObservationBloodpressureBodyPosition,NoDomainVitalSignsObservationBloodpressureBodyPosition,"Codes representing body position for blood pressure",,"SCT"
http://hl7.no/fhir/ValueSet/NoDomainVitalSignsObservationBloodpressureBodySite,0.6.0,draft,,NoDomainVitalSignsObservationBloodpressureBodySite,NoDomainVitalSignsObservationBloodpressureBodySite,"Include codes representing body site for blood pressure as used in HL7 Norway no-domain profiles, codes included from SNOMED CT valueset",,"SCT"
http://hl7.no/fhir/ValueSet/NoDomainVitalSignsObservationBodyExposure,0.6.0,draft,,NoDomainVitalSignsObservationBodyExposure,NoDomainVitalSignsObservationBodyExposure,"Codes representing body exposure",,"SCT"
http://hl7.no/fhir/ValueSet/NoDomainVitalSignsObservationBodyHeightBodyPosition,0.6.0,draft,,NoDomainVitalSignsObservationBodyHeightBodyPosition,NoDomainVitalSignsObservationBodyHeightBodyPosition,"Codes representing body position for body height",,"SCT"
http://hl7.no/fhir/ValueSet/NoDomainVitalSignsObservationBodyTempBodySite,0.6.0,draft,,NoDomainVitalSignsObservationBodyTempBodySite,NoDomainVitalSignsObservationBodyTempBodySite,"Codes representing body site for body temperature",,"SCT"
http://hl7.no/fhir/ValueSet/NoDomainVitalSignsObservationClothingState,0.6.0,draft,,NoDomainVitalSignsObservationClothingState,NoDomainVitalSignsObservationClothingState,"Codes representing level of clothing",,"SCT"
http://hl7.no/fhir/ValueSet/NoDomainVitalSignsObservationCuffsize,0.6.0,draft,,NoDomainVitalSignsObservationCuffsize,NoDomainVitalSignsObservationCuffsize,"Codes representing cuff size",,"SCT"
http://hl7.no/fhir/ValueSet/NoDomainVitalSignsObservationDiastolicendPoint,0.6.0,draft,,NoDomainVitalSignsObservationDiastolicendPoint,NoDomainVitalSignsObservationDiastolicendPoint,"Codes representing Diastolic end point",,"SCT"
http://hl7.no/fhir/ValueSet/NoDomainVitalSignsObservationHeartRateBodySite,0.6.0,draft,,NoDomainVitalSignsObservationHeartRateBodySite,NoDomainVitalSignsObservationHeartRateBodySite,"Codes representing body site for heart rate",,"SCT"
http://hl7.no/fhir/ValueSet/NoDomainVitalSignsObservationHeartRatePulsBodyPosition,0.6.0,draft,,NoDomainVitalSignsObservationHeartRatePulsBodyPosition,NoDomainVitalSignsObservationHeartRatePulsBodyPosition,"Codes representing body position for heart rate",,"SCT"
http://hl7.no/fhir/ValueSet/NoDomainVitalSignsObservationHeartRhythm,0.6.0,draft,,NoDomainVitalSignsObservationHeartRhythm,NoDomainVitalSignsObservationHeartRhythm,"Codes representing heart rhythm for heart rate",,"SCT"
http://hl7.no/fhir/ValueSet/NoDomainVitalSignsObservationHeartRhythmIrregularity,0.6.0,draft,,NoDomainVitalSignsObservationHeartRhythmIrregularity,NoDomainVitalSignsObservationHeartRhythmIrregularity,"Codes representing heart rhythm irregularity for heart rate",,"SCT"
http://hl7.no/fhir/ValueSet/NoDomainVitalSignsObservationPulsBodySite,0.6.0,draft,,NoDomainVitalSignsObservationPulsBodySite,NoDomainVitalSignsObservationPulsBodySite,"Codes representing body site for heart rate",,"SCT"
http://hl7.no/fhir/ValueSet/NoDomainVitalSignsObservationPulsRhythm,0.6.0,draft,,NoDomainVitalSignsObservationPulsRhythm,NoDomainVitalSignsObservationPulsRhythm,"Codes representing  rhythm of Puls",,"SCT"
http://hl7.no/fhir/ValueSet/NoDomainVitalSignsObservationPulsRhythmIrregularity,0.6.0,draft,,NoDomainVitalSignsObservationPulsRhythmIrregularity,NoDomainVitalSignsObservationPulsRhythmIrregularity,"Codes representing heart rhythm irregularity for Puls",,"SCT"
http://hl7.no/fhir/ValueSet/NoDomainVitalSignsObservationRespirationRateBodyPosition,0.6.0,draft,,NoDomainVitalSignsObservationRespirationRateBodyPosition,NoDomainVitalSignsObservationRespirationRateBodyPosition,"Codes representing body position for respiration rate",,"SCT"
http://hl7.no/fhir/ValueSet/NoDomainVitalSignsObservationRespirationRateDepth,0.6.0,draft,,NoDomainVitalSignsObservationRespirationRateDepth,NoDomainVitalSignsObservationRespirationRateDepth,"Codes representing depth for respiration rate",,"SCT"
http://hl7.no/fhir/ValueSet/NoDomainVitalSignsObservationRespirationRegularity,0.6.0,draft,,NoDomainVitalSignsObservationRespirationRegularity,NoDomainVitalSignsObservationRespirationRegularity,"Codes representing Respiration Regularity",,"SCT"
http://hl7.no/fhir/ValueSet/NoDomainVitalSignsObservationSleepStatusValueSet,0.6.0,draft,,NoDomainVitalSignsObservationSleepStatusValueSet,NoDomainVitalSignsObservationSleepStatusValueSet,"Codes representing Sleep Status",,"SCT"
http://hl7.no/fhir/ValueSet/NoDomainVitalSignsObservationSpontaneousBreathingVS,0.6.0,draft,,NoDomainVitalSignsObservationSpontaneousBreathingVS,NoDomainVitalSignsObservationSpontaneousBreathingVS,"Codes representing Respiration Spontaneous breathing",,"SCT"
http://hl7.no/fhir/ValueSet/NoDomainVitalSignsPulsMeasurmentMethod,0.6.0,draft,,NoDomainVitalSignsPulsMeasurmentMethod,NoDomainVitalSignsPulsMeasurmentMethod,"Codes representing measurement method for puls",,"SCT"
http://hl7.no/fhir/ValueSet/NoDomianVitalSignsObservationHeartRateMeasurementMethod,0.6.0,draft,,NoDomianVitalSignsObservationHeartRateMeasurementMethod,NoDomianVitalSignsObservationHeartRateMeasurementMethod,"Codes representing measurement method for HeartRate",,"SCT"
