<?xml version="1.0" encoding="UTF-8"?><ImplementationGuide xmlns="http://hl7.org/fhir"><id value="hl7.fhir.no.domain.vitalsigns"/><text><status value="generated"/><div xmlns="http://www.w3.org/1999/xhtml"><p class="res-header-id"><b>Generated Narrative: ImplementationGuide hl7.fhir.no.domain.vitalsigns</b></p><a name="hl7.fhir.no.domain.vitalsigns"> </a><a name="hchl7.fhir.no.domain.vitalsigns"> </a><a name="hl7.fhir.no.domain.vitalsigns-no-NO"> </a><h2>NoDomainVitalSigns</h2><p>The official URL for this implementation guide is: </p><pre>http://hl7.no/fhir/ImplementationGuide/hl7.fhir.no.domain.vitalsigns</pre></div></text><url value="http://hl7.no/fhir/ImplementationGuide/hl7.fhir.no.domain.vitalsigns"/><version value="0.8.0"/><name value="NoDomainVitalSigns"/><status value="draft"/><date value="2025-03-21T11:15:59+00:00"/><publisher value="HL7 Norway"/><contact><name value="HL7 Norway"/><telecom><system value="url"/><value value="http://www.hl7.no"/></telecom></contact><jurisdiction><coding><system value="urn:iso:std:iso:3166"/><code value="NO"/><display value="Norway"/></coding></jurisdiction><packageId value="hl7.fhir.no.domain.vitalsigns"/><license value="CC0-1.0"/><fhirVersion value="4.0.1"/><dependsOn id="hl7tx"><extension url="http://hl7.org/fhir/tools/StructureDefinition/implementationguide-dependency-comment"><valueMarkdown value="Automatically added as a dependency - all IGs depend on HL7 Terminology"/></extension><uri value="http://terminology.hl7.org/ImplementationGuide/hl7.terminology"/><packageId value="hl7.terminology.r4"/><version value="6.2.0"/></dependsOn><dependsOn id="hl7ext"><extension url="http://hl7.org/fhir/tools/StructureDefinition/implementationguide-dependency-comment"><valueMarkdown value="Automatically added as a dependency - all IGs depend on the HL7 Extension Pack"/></extension><uri value="http://hl7.org/fhir/extensions/ImplementationGuide/hl7.fhir.uv.extensions"/><packageId value="hl7.fhir.uv.extensions.r4"/><version value="5.2.0"/></dependsOn><dependsOn id="hl7_fhir_no_basis"><uri value="http://fhir.org/packages/hl7.fhir.no.basis/ImplementationGuide/hl7.fhir.no.basis"/><packageId value="hl7.fhir.no.basis"/><version value="2.2.0"/></dependsOn><definition><extension url="http://hl7.org/fhir/tools/StructureDefinition/ig-parameter"><extension url="code"><valueString value="copyrightyear"/></extension><extension url="value"><valueString value="2024+"/></extension></extension><extension url="http://hl7.org/fhir/tools/StructureDefinition/ig-parameter"><extension url="code"><valueString value="releaselabel"/></extension><extension url="value"><valueString value="ballotNormative-1"/></extension></extension><extension url="http://hl7.org/fhir/tools/StructureDefinition/ig-parameter"><extension url="code"><valueString value="autoload-resources"/></extension><extension url="value"><valueString value="true"/></extension></extension><extension url="http://hl7.org/fhir/tools/StructureDefinition/ig-parameter"><extension url="code"><valueString value="path-liquid"/></extension><extension url="value"><valueString value="template/liquid"/></extension></extension><extension url="http://hl7.org/fhir/tools/StructureDefinition/ig-parameter"><extension url="code"><valueString value="path-liquid"/></extension><extension url="value"><valueString value="input/liquid"/></extension></extension><extension url="http://hl7.org/fhir/tools/StructureDefinition/ig-parameter"><extension url="code"><valueString value="path-qa"/></extension><extension url="value"><valueString value="temp/qa"/></extension></extension><extension url="http://hl7.org/fhir/tools/StructureDefinition/ig-parameter"><extension url="code"><valueString value="path-temp"/></extension><extension url="value"><valueString value="temp/pages"/></extension></extension><extension url="http://hl7.org/fhir/tools/StructureDefinition/ig-parameter"><extension url="code"><valueString value="path-output"/></extension><extension url="value"><valueString value="output"/></extension></extension><extension url="http://hl7.org/fhir/tools/StructureDefinition/ig-parameter"><extension url="code"><valueString value="path-suppressed-warnings"/></extension><extension url="value"><valueString value="input/ignoreWarnings.txt"/></extension></extension><extension url="http://hl7.org/fhir/tools/StructureDefinition/ig-parameter"><extension url="code"><valueString value="path-history"/></extension><extension url="value"><valueString value="http://hl7.no/fhir/history.html"/></extension></extension><extension url="http://hl7.org/fhir/tools/StructureDefinition/ig-parameter"><extension url="code"><valueString value="template-html"/></extension><extension url="value"><valueString value="template-page.html"/></extension></extension><extension url="http://hl7.org/fhir/tools/StructureDefinition/ig-parameter"><extension url="code"><valueString value="template-md"/></extension><extension url="value"><valueString value="template-page-md.html"/></extension></extension><extension url="http://hl7.org/fhir/tools/StructureDefinition/ig-parameter"><extension url="code"><valueString value="apply-contact"/></extension><extension url="value"><valueString value="true"/></extension></extension><extension url="http://hl7.org/fhir/tools/StructureDefinition/ig-parameter"><extension url="code"><valueString value="apply-context"/></extension><extension url="value"><valueString value="true"/></extension></extension><extension url="http://hl7.org/fhir/tools/StructureDefinition/ig-parameter"><extension url="code"><valueString value="apply-copyright"/></extension><extension url="value"><valueString value="true"/></extension></extension><extension url="http://hl7.org/fhir/tools/StructureDefinition/ig-parameter"><extension url="code"><valueString value="apply-jurisdiction"/></extension><extension url="value"><valueString value="true"/></extension></extension><extension url="http://hl7.org/fhir/tools/StructureDefinition/ig-parameter"><extension url="code"><valueString value="apply-license"/></extension><extension url="value"><valueString value="true"/></extension></extension><extension url="http://hl7.org/fhir/tools/StructureDefinition/ig-parameter"><extension url="code"><valueString value="apply-publisher"/></extension><extension url="value"><valueString value="true"/></extension></extension><extension url="http://hl7.org/fhir/tools/StructureDefinition/ig-parameter"><extension url="code"><valueString value="apply-version"/></extension><extension url="value"><valueString value="true"/></extension></extension><extension url="http://hl7.org/fhir/tools/StructureDefinition/ig-parameter"><extension url="code"><valueString value="apply-wg"/></extension><extension url="value"><valueString value="true"/></extension></extension><extension url="http://hl7.org/fhir/tools/StructureDefinition/ig-parameter"><extension url="code"><valueString value="active-tables"/></extension><extension url="value"><valueString value="true"/></extension></extension><extension url="http://hl7.org/fhir/tools/StructureDefinition/ig-parameter"><extension url="code"><valueString value="fmm-definition"/></extension><extension url="value"><valueString value="http://hl7.org/fhir/versions.html#maturity"/></extension></extension><extension url="http://hl7.org/fhir/tools/StructureDefinition/ig-parameter"><extension url="code"><valueString value="propagate-status"/></extension><extension url="value"><valueString value="true"/></extension></extension><extension url="http://hl7.org/fhir/tools/StructureDefinition/ig-parameter"><extension url="code"><valueString value="excludelogbinaryformat"/></extension><extension url="value"><valueString value="true"/></extension></extension><extension url="http://hl7.org/fhir/tools/StructureDefinition/ig-parameter"><extension url="code"><valueString value="tabbed-snapshots"/></extension><extension url="value"><valueString value="true"/></extension></extension><extension url="http://hl7.org/fhir/tools/StructureDefinition/ig-internal-dependency"><valueCode value="hl7.fhir.uv.tools.r4#0.4.1"/></extension><extension url="http://hl7.org/fhir/tools/StructureDefinition/ig-parameter"><extension url="code"><valueCode value="copyrightyear"/></extension><extension url="value"><valueString value="2024+"/></extension></extension><extension url="http://hl7.org/fhir/tools/StructureDefinition/ig-parameter"><extension url="code"><valueCode value="releaselabel"/></extension><extension url="value"><valueString value="ballotNormative-1"/></extension></extension><extension url="http://hl7.org/fhir/tools/StructureDefinition/ig-parameter"><extension url="code"><valueCode value="autoload-resources"/></extension><extension url="value"><valueString value="true"/></extension></extension><extension url="http://hl7.org/fhir/tools/StructureDefinition/ig-parameter"><extension url="code"><valueCode value="path-liquid"/></extension><extension url="value"><valueString value="template/liquid"/></extension></extension><extension url="http://hl7.org/fhir/tools/StructureDefinition/ig-parameter"><extension url="code"><valueCode value="path-liquid"/></extension><extension url="value"><valueString value="input/liquid"/></extension></extension><extension url="http://hl7.org/fhir/tools/StructureDefinition/ig-parameter"><extension url="code"><valueCode value="path-qa"/></extension><extension url="value"><valueString value="temp/qa"/></extension></extension><extension url="http://hl7.org/fhir/tools/StructureDefinition/ig-parameter"><extension url="code"><valueCode value="path-temp"/></extension><extension url="value"><valueString value="temp/pages"/></extension></extension><extension url="http://hl7.org/fhir/tools/StructureDefinition/ig-parameter"><extension url="code"><valueCode value="path-output"/></extension><extension url="value"><valueString value="output"/></extension></extension><extension url="http://hl7.org/fhir/tools/StructureDefinition/ig-parameter"><extension url="code"><valueCode value="path-suppressed-warnings"/></extension><extension url="value"><valueString value="input/ignoreWarnings.txt"/></extension></extension><extension url="http://hl7.org/fhir/tools/StructureDefinition/ig-parameter"><extension url="code"><valueCode value="path-history"/></extension><extension url="value"><valueString value="http://hl7.no/fhir/history.html"/></extension></extension><extension url="http://hl7.org/fhir/tools/StructureDefinition/ig-parameter"><extension url="code"><valueCode value="template-html"/></extension><extension url="value"><valueString value="template-page.html"/></extension></extension><extension url="http://hl7.org/fhir/tools/StructureDefinition/ig-parameter"><extension url="code"><valueCode value="template-md"/></extension><extension url="value"><valueString value="template-page-md.html"/></extension></extension><extension url="http://hl7.org/fhir/tools/StructureDefinition/ig-parameter"><extension url="code"><valueCode value="apply-contact"/></extension><extension url="value"><valueString value="true"/></extension></extension><extension url="http://hl7.org/fhir/tools/StructureDefinition/ig-parameter"><extension url="code"><valueCode value="apply-context"/></extension><extension url="value"><valueString value="true"/></extension></extension><extension url="http://hl7.org/fhir/tools/StructureDefinition/ig-parameter"><extension url="code"><valueCode value="apply-copyright"/></extension><extension url="value"><valueString value="true"/></extension></extension><extension url="http://hl7.org/fhir/tools/StructureDefinition/ig-parameter"><extension url="code"><valueCode value="apply-jurisdiction"/></extension><extension url="value"><valueString value="true"/></extension></extension><extension url="http://hl7.org/fhir/tools/StructureDefinition/ig-parameter"><extension url="code"><valueCode value="apply-license"/></extension><extension url="value"><valueString value="true"/></extension></extension><extension url="http://hl7.org/fhir/tools/StructureDefinition/ig-parameter"><extension url="code"><valueCode value="apply-publisher"/></extension><extension url="value"><valueString value="true"/></extension></extension><extension url="http://hl7.org/fhir/tools/StructureDefinition/ig-parameter"><extension url="code"><valueCode value="apply-version"/></extension><extension url="value"><valueString value="true"/></extension></extension><extension url="http://hl7.org/fhir/tools/StructureDefinition/ig-parameter"><extension url="code"><valueCode value="apply-wg"/></extension><extension url="value"><valueString value="true"/></extension></extension><extension url="http://hl7.org/fhir/tools/StructureDefinition/ig-parameter"><extension url="code"><valueCode value="active-tables"/></extension><extension url="value"><valueString value="true"/></extension></extension><extension url="http://hl7.org/fhir/tools/StructureDefinition/ig-parameter"><extension url="code"><valueCode value="fmm-definition"/></extension><extension url="value"><valueString value="http://hl7.org/fhir/versions.html#maturity"/></extension></extension><extension url="http://hl7.org/fhir/tools/StructureDefinition/ig-parameter"><extension url="code"><valueCode value="propagate-status"/></extension><extension url="value"><valueString value="true"/></extension></extension><extension url="http://hl7.org/fhir/tools/StructureDefinition/ig-parameter"><extension url="code"><valueCode value="excludelogbinaryformat"/></extension><extension url="value"><valueString value="true"/></extension></extension><extension url="http://hl7.org/fhir/tools/StructureDefinition/ig-parameter"><extension url="code"><valueCode value="tabbed-snapshots"/></extension><extension url="value"><valueString value="true"/></extension></extension><extension url="http://hl7.org/fhir/tools/StructureDefinition/ig-parameter"><extension url="code"><valueCode value="copyrightyear"/></extension><extension url="value"><valueString value="2024+"/></extension></extension><extension url="http://hl7.org/fhir/tools/StructureDefinition/ig-parameter"><extension url="code"><valueCode value="releaselabel"/></extension><extension url="value"><valueString value="ballotNormative-1"/></extension></extension><extension url="http://hl7.org/fhir/tools/StructureDefinition/ig-parameter"><extension url="code"><valueCode value="autoload-resources"/></extension><extension url="value"><valueString value="true"/></extension></extension><extension url="http://hl7.org/fhir/tools/StructureDefinition/ig-parameter"><extension url="code"><valueCode value="path-liquid"/></extension><extension url="value"><valueString value="template/liquid"/></extension></extension><extension url="http://hl7.org/fhir/tools/StructureDefinition/ig-parameter"><extension url="code"><valueCode value="path-liquid"/></extension><extension url="value"><valueString value="input/liquid"/></extension></extension><extension url="http://hl7.org/fhir/tools/StructureDefinition/ig-parameter"><extension url="code"><valueCode value="path-qa"/></extension><extension url="value"><valueString value="temp/qa"/></extension></extension><extension url="http://hl7.org/fhir/tools/StructureDefinition/ig-parameter"><extension url="code"><valueCode value="path-temp"/></extension><extension url="value"><valueString value="temp/pages"/></extension></extension><extension url="http://hl7.org/fhir/tools/StructureDefinition/ig-parameter"><extension url="code"><valueCode value="path-output"/></extension><extension url="value"><valueString value="output"/></extension></extension><extension url="http://hl7.org/fhir/tools/StructureDefinition/ig-parameter"><extension url="code"><valueCode value="path-suppressed-warnings"/></extension><extension url="value"><valueString value="input/ignoreWarnings.txt"/></extension></extension><extension url="http://hl7.org/fhir/tools/StructureDefinition/ig-parameter"><extension url="code"><valueCode value="path-history"/></extension><extension url="value"><valueString value="http://hl7.no/fhir/history.html"/></extension></extension><extension url="http://hl7.org/fhir/tools/StructureDefinition/ig-parameter"><extension url="code"><valueCode value="template-html"/></extension><extension url="value"><valueString value="template-page.html"/></extension></extension><extension url="http://hl7.org/fhir/tools/StructureDefinition/ig-parameter"><extension url="code"><valueCode value="template-md"/></extension><extension url="value"><valueString value="template-page-md.html"/></extension></extension><extension url="http://hl7.org/fhir/tools/StructureDefinition/ig-parameter"><extension url="code"><valueCode value="apply-contact"/></extension><extension url="value"><valueString value="true"/></extension></extension><extension url="http://hl7.org/fhir/tools/StructureDefinition/ig-parameter"><extension url="code"><valueCode value="apply-context"/></extension><extension url="value"><valueString value="true"/></extension></extension><extension url="http://hl7.org/fhir/tools/StructureDefinition/ig-parameter"><extension url="code"><valueCode value="apply-copyright"/></extension><extension url="value"><valueString value="true"/></extension></extension><extension url="http://hl7.org/fhir/tools/StructureDefinition/ig-parameter"><extension url="code"><valueCode value="apply-jurisdiction"/></extension><extension url="value"><valueString value="true"/></extension></extension><extension url="http://hl7.org/fhir/tools/StructureDefinition/ig-parameter"><extension url="code"><valueCode value="apply-license"/></extension><extension url="value"><valueString value="true"/></extension></extension><extension url="http://hl7.org/fhir/tools/StructureDefinition/ig-parameter"><extension url="code"><valueCode value="apply-publisher"/></extension><extension url="value"><valueString value="true"/></extension></extension><extension url="http://hl7.org/fhir/tools/StructureDefinition/ig-parameter"><extension url="code"><valueCode value="apply-version"/></extension><extension url="value"><valueString value="true"/></extension></extension><extension url="http://hl7.org/fhir/tools/StructureDefinition/ig-parameter"><extension url="code"><valueCode value="apply-wg"/></extension><extension url="value"><valueString value="true"/></extension></extension><extension url="http://hl7.org/fhir/tools/StructureDefinition/ig-parameter"><extension url="code"><valueCode value="active-tables"/></extension><extension url="value"><valueString value="true"/></extension></extension><extension url="http://hl7.org/fhir/tools/StructureDefinition/ig-parameter"><extension url="code"><valueCode value="fmm-definition"/></extension><extension url="value"><valueString value="http://hl7.org/fhir/versions.html#maturity"/></extension></extension><extension url="http://hl7.org/fhir/tools/StructureDefinition/ig-parameter"><extension url="code"><valueCode value="propagate-status"/></extension><extension url="value"><valueString value="true"/></extension></extension><extension url="http://hl7.org/fhir/tools/StructureDefinition/ig-parameter"><extension url="code"><valueCode value="excludelogbinaryformat"/></extension><extension url="value"><valueString value="true"/></extension></extension><extension url="http://hl7.org/fhir/tools/StructureDefinition/ig-parameter"><extension url="code"><valueCode value="tabbed-snapshots"/></extension><extension url="value"><valueString value="true"/></extension></extension><grouping id="-str-profile"><name value="Structures: Resource Profiles"/><description value="These define constraints on FHIR resources for systems conforming to this implementation guide."/></grouping><grouping id="-str-extension"><name value="Structures: Extension Definitions"/><description value="These define constraints on FHIR data types for systems conforming to this implementation guide."/></grouping><grouping id="-term-valueset"><name value="Terminology: Value Sets"/><description value="These define sets of codes used by systems conforming to this implementation guide."/></grouping><grouping id="-ex-example"><name value="Example: Example Instances"/><description value="These are example instances that show what data produced and consumed by systems conforming with this implementation guide might look like."/></grouping><resource><extension url="http://hl7.org/fhir/tools/StructureDefinition/resource-sort"><valueInteger value="999999999"/></extension><extension url="http://hl7.org/fhir/StructureDefinition/implementationguide-page"><valueUri value="StructureDefinition-NoDomainVitalSignsObservationBloodpressure.html"/></extension><reference><reference value="StructureDefinition/NoDomainVitalSignsObservationBloodpressure"/></reference><name value="NO Domain VitalSigns Observation - Blood pressure"/><description value="Base profile for Norwegian Vital Signs Observation of Blood Pressure. To be used for recording an individual's systemic arterial blood pressure.&#xA;It represents the local measurement of arterial blood pressure, serving as a surrogate for arterial pressure in the systemic circulation."/><exampleBoolean value="false"/><groupingId value="-str-profile"/></resource><resource><extension url="http://hl7.org/fhir/tools/StructureDefinition/resource-sort"><valueInteger value="999999999"/></extension><extension url="http://hl7.org/fhir/StructureDefinition/implementationguide-page"><valueUri value="StructureDefinition-NoDomainVitalSignsObservationBodyHeight.html"/></extension><reference><reference value="StructureDefinition/NoDomainVitalSignsObservationBodyHeight"/></reference><name value="NO Domain VitalSigns Observation - Body Height"/><description value="Base profile for Norwegian Vital Signs Observation Body Height information.  &#xA;To be used for recording the measured height or body length of an individual at any point in time. It represents the individual's height or length measured from the crown of the head to the sole of the foot."/><exampleBoolean value="false"/><groupingId value="-str-profile"/></resource><resource><extension url="http://hl7.org/fhir/tools/StructureDefinition/resource-sort"><valueInteger value="999999999"/></extension><extension url="http://hl7.org/fhir/StructureDefinition/implementationguide-page"><valueUri value="StructureDefinition-NoDomainVitalSignsObservationBodyTemp.html"/></extension><reference><reference value="StructureDefinition/NoDomainVitalSignsObservationBodyTemp"/></reference><name value="NO Domain VitalSigns Observation - Body Temperature"/><description value="Base profile for Norwegian Vital Signs Observation Body Temperature information. To be used for recording the measurement of an individual's body temperature. which is a surrogate for the core body temperature of the individual."/><exampleBoolean value="false"/><groupingId value="-str-profile"/></resource><resource><extension url="http://hl7.org/fhir/tools/StructureDefinition/resource-sort"><valueInteger value="999999999"/></extension><extension url="http://hl7.org/fhir/StructureDefinition/implementationguide-page"><valueUri value="StructureDefinition-NoDomainVitalSignsObservationBodyWeight.html"/></extension><reference><reference value="StructureDefinition/NoDomainVitalSignsObservationBodyWeight"/></reference><name value="NO Domain VitalSigns Observation - Body Weight"/><description value="Base profile for Norwegian Vital Signs Observation Body Weight information. To be used for recording the actual measurement of body weight, including when the individual is missing a body part due to a congenital cause or after surgical removal."/><exampleBoolean value="false"/><groupingId value="-str-profile"/></resource><resource><extension url="http://hl7.org/fhir/tools/StructureDefinition/resource-sort"><valueInteger value="999999999"/></extension><extension url="http://hl7.org/fhir/StructureDefinition/implementationguide-page"><valueUri value="StructureDefinition-NoDomainVitalSignsObservationHeartRate.html"/></extension><reference><reference value="StructureDefinition/NoDomainVitalSignsObservationHeartRate"/></reference><name value="NO Domain VitalSigns Observation - Heart Rate"/><description value="Base profile for Norwegian Vital Signs Observation Heart Rate information.  &#xA;To be used for recording the rate and associated attributes for a heart beat."/><exampleBoolean value="false"/><groupingId value="-str-profile"/></resource><resource><extension url="http://hl7.org/fhir/tools/StructureDefinition/resource-sort"><valueInteger value="999999999"/></extension><extension url="http://hl7.org/fhir/StructureDefinition/implementationguide-page"><valueUri value="StructureDefinition-NoDomainVitalSignsObservationOxygenSaturation.html"/></extension><reference><reference value="StructureDefinition/NoDomainVitalSignsObservationOxygenSaturation"/></reference><name value="NO Domain VitalSigns Observation - Oxygen Saturation"/><description value="Base profile for Norwegian Vital Signs Observation Oxygen Saturation information.  &#xA;To be used for recording blood oxygen and related measurements, measured by pulse oximetry or pulse CO-oximetry."/><exampleBoolean value="false"/><groupingId value="-str-profile"/></resource><resource><extension url="http://hl7.org/fhir/tools/StructureDefinition/resource-sort"><valueInteger value="999999999"/></extension><extension url="http://hl7.org/fhir/StructureDefinition/implementationguide-page"><valueUri value="StructureDefinition-NoDomainVitalSignsObservationPulse.html"/></extension><reference><reference value="StructureDefinition/NoDomainVitalSignsObservationPulse"/></reference><name value="NO Domain VitalSigns Observation - Pulse"/><description value="Base profile for Norwegian Vital Signs Observation Pulse information. To be used for recording the number of times your arteries create a noticeable �pulse� due to increase in blood pressure"/><exampleBoolean value="false"/><groupingId value="-str-profile"/></resource><resource><extension url="http://hl7.org/fhir/tools/StructureDefinition/resource-sort"><valueInteger value="999999999"/></extension><extension url="http://hl7.org/fhir/StructureDefinition/implementationguide-page"><valueUri value="StructureDefinition-NoDomainVitalSignsObservationRespirationRate.html"/></extension><reference><reference value="StructureDefinition/NoDomainVitalSignsObservationRespirationRate"/></reference><name value="NO Domain VitalSigns Observation - Respiration Rate"/><description value="Base profile for Norwegian Vital Signs Observation Respiration Rate information.  &#xA;To be used for recording the observed and measured characteristics of spontaneous breathing by an individual, including respiratory rate, depth and rhythm."/><exampleBoolean value="false"/><groupingId value="-str-profile"/></resource><resource><extension url="http://hl7.org/fhir/tools/StructureDefinition/resource-sort"><valueInteger value="999999999"/></extension><extension url="http://hl7.org/fhir/StructureDefinition/implementationguide-page"><valueUri value="StructureDefinition-NoDomainVitalSignsObservationActiveHeating.html"/></extension><reference><reference value="StructureDefinition/NoDomainVitalSignsObservationActiveHeating"/></reference><name value="NoDomainVitalSignsObservationActiveHeating"/><description value="description of the conditions applied"/><exampleBoolean value="false"/><groupingId value="-str-extension"/></resource><resource><extension url="http://hl7.org/fhir/tools/StructureDefinition/resource-sort"><valueInteger value="999999999"/></extension><extension url="http://hl7.org/fhir/StructureDefinition/implementationguide-page"><valueUri value="StructureDefinition-NoDomainVitalSignsObservationBloodpressureBodyPosition.html"/></extension><reference><reference value="StructureDefinition/NoDomainVitalSignsObservationBloodpressureBodyPosition"/></reference><name value="NoDomainVitalSignsObservationBloodpressureBodyPosition"/><description value="The position of the individual at the time of measurement."/><exampleBoolean value="false"/><groupingId value="-str-extension"/></resource><resource><extension url="http://hl7.org/fhir/tools/StructureDefinition/resource-sort"><valueInteger value="999999999"/></extension><extension url="http://hl7.org/fhir/StructureDefinition/implementationguide-page"><valueUri value="StructureDefinition-NoDomainVitalSignsObservationBloodpressureDiastolicFormula.html"/></extension><reference><reference value="StructureDefinition/NoDomainVitalSignsObservationBloodpressureDiastolicFormula"/></reference><name value="NoDomainVitalSignsObservationBloodpressureDiastolicFormula"/><description value="Formula used to calculate the pressure."/><exampleBoolean value="false"/><groupingId value="-str-extension"/></resource><resource><extension url="http://hl7.org/fhir/tools/StructureDefinition/resource-sort"><valueInteger value="999999999"/></extension><extension url="http://hl7.org/fhir/StructureDefinition/implementationguide-page"><valueUri value="StructureDefinition-NoDomainVitalSignsObservationBloodpressureMeanArterialFormula.html"/></extension><reference><reference value="StructureDefinition/NoDomainVitalSignsObservationBloodpressureMeanArterialFormula"/></reference><name value="NoDomainVitalSignsObservationBloodpressureMeanArterialFormula"/><description value="Formula used to calculate the pressure."/><exampleBoolean value="false"/><groupingId value="-str-extension"/></resource><resource><extension url="http://hl7.org/fhir/tools/StructureDefinition/resource-sort"><valueInteger value="999999999"/></extension><extension url="http://hl7.org/fhir/StructureDefinition/implementationguide-page"><valueUri value="StructureDefinition-NoDomainVitalSignsObservationBloodpressureSystolicFormula.html"/></extension><reference><reference value="StructureDefinition/NoDomainVitalSignsObservationBloodpressureSystolicFormula"/></reference><name value="NoDomainVitalSignsObservationBloodpressureSystolicFormula"/><description value="Formula used to calculate the pressure."/><exampleBoolean value="false"/><groupingId value="-str-extension"/></resource><resource><extension url="http://hl7.org/fhir/tools/StructureDefinition/resource-sort"><valueInteger value="999999999"/></extension><extension url="http://hl7.org/fhir/StructureDefinition/implementationguide-page"><valueUri value="StructureDefinition-NoDomainVitalSignsObservationBodyExposure.html"/></extension><reference><reference value="StructureDefinition/NoDomainVitalSignsObservationBodyExposure"/></reference><name value="NoDomainVitalSignsObservationBodyExposure"/><description value="The degree of exposure of the individual at the time of measurement."/><exampleBoolean value="false"/><groupingId value="-str-extension"/></resource><resource><extension url="http://hl7.org/fhir/tools/StructureDefinition/resource-sort"><valueInteger value="999999999"/></extension><extension url="http://hl7.org/fhir/StructureDefinition/implementationguide-page"><valueUri value="StructureDefinition-NoDomainVitalSignsObservationBodyHeightBodyPosition.html"/></extension><reference><reference value="StructureDefinition/NoDomainVitalSignsObservationBodyHeightBodyPosition"/></reference><name value="NoDomainVitalSignsObservationBodyHeightBodyPosition"/><description value="Position of individual when body height measured."/><exampleBoolean value="false"/><groupingId value="-str-extension"/></resource><resource><extension url="http://hl7.org/fhir/tools/StructureDefinition/resource-sort"><valueInteger value="999999999"/></extension><extension url="http://hl7.org/fhir/StructureDefinition/implementationguide-page"><valueUri value="StructureDefinition-NoDomainVitalSignsObservationCharacterOfPulse.html"/></extension><reference><reference value="StructureDefinition/NoDomainVitalSignsObservationCharacterOfPulse"/></reference><name value="NoDomainVitalSignsObservationCharacterOfPulse"/><description value="Description of the character of the pulse."/><exampleBoolean value="false"/><groupingId value="-str-extension"/></resource><resource><extension url="http://hl7.org/fhir/tools/StructureDefinition/resource-sort"><valueInteger value="999999999"/></extension><extension url="http://hl7.org/fhir/StructureDefinition/implementationguide-page"><valueUri value="StructureDefinition-NoDomainVitalSignsObservationClinicalDescription.html"/></extension><reference><reference value="StructureDefinition/NoDomainVitalSignsObservationClinicalDescription"/></reference><name value="NoDomainVitalSignsObservationClinicalDescription"/><description value="Narrative description about the pulse or heart beat."/><exampleBoolean value="false"/><groupingId value="-str-extension"/></resource><resource><extension url="http://hl7.org/fhir/tools/StructureDefinition/resource-sort"><valueInteger value="999999999"/></extension><extension url="http://hl7.org/fhir/StructureDefinition/implementationguide-page"><valueUri value="StructureDefinition-NoDomainVitalSignsObservationClothingState.html"/></extension><reference><reference value="StructureDefinition/NoDomainVitalSignsObservationClothingState"/></reference><name value="NoDomainVitalSignsObservationClothingState"/><description value="Description of the state of dress of the person at the time of weighing."/><exampleBoolean value="false"/><groupingId value="-str-extension"/></resource><resource><extension url="http://hl7.org/fhir/tools/StructureDefinition/resource-sort"><valueInteger value="999999999"/></extension><extension url="http://hl7.org/fhir/StructureDefinition/implementationguide-page"><valueUri value="StructureDefinition-NoDomainVitalSignsObservationConfoundingFactor.html"/></extension><reference><reference value="StructureDefinition/NoDomainVitalSignsObservationConfoundingFactor"/></reference><name value="NoDomainVitalSignsObservationConfoundingFactor"/><description value="Confounding factor is Issues or factors that may impact on &lt;the measurement&gt;, not captured in other fields"/><exampleBoolean value="false"/><groupingId value="-str-extension"/></resource><resource><extension url="http://hl7.org/fhir/tools/StructureDefinition/resource-sort"><valueInteger value="999999999"/></extension><extension url="http://hl7.org/fhir/StructureDefinition/implementationguide-page"><valueUri value="StructureDefinition-NoDomainVitalSignsObservationCuffSize.html"/></extension><reference><reference value="StructureDefinition/NoDomainVitalSignsObservationCuffSize"/></reference><name value="NoDomainVitalSignsObservationCuffSize"/><description value="The size of the cuff used for blood pressure measurement."/><exampleBoolean value="false"/><groupingId value="-str-extension"/></resource><resource><extension url="http://hl7.org/fhir/tools/StructureDefinition/resource-sort"><valueInteger value="999999999"/></extension><extension url="http://hl7.org/fhir/StructureDefinition/implementationguide-page"><valueUri value="StructureDefinition-NoDomainVitalSignsObservationDaysSinceMenstruationStart.html"/></extension><reference><reference value="StructureDefinition/NoDomainVitalSignsObservationDaysSinceMenstruationStart"/></reference><name value="NoDomainVitalSignsObservationDaysSinceMenstruationStart"/><description value="Current day of the menstrual cycle."/><exampleBoolean value="false"/><groupingId value="-str-extension"/></resource><resource><extension url="http://hl7.org/fhir/tools/StructureDefinition/resource-sort"><valueInteger value="999999999"/></extension><extension url="http://hl7.org/fhir/StructureDefinition/implementationguide-page"><valueUri value="StructureDefinition-NoDomainVitalSignsObservationDiastolicEndPoint.html"/></extension><reference><reference value="StructureDefinition/NoDomainVitalSignsObservationDiastolicEndPoint"/></reference><name value="NoDomainVitalSignsObservationDiastolicEndPoint"/><description value="Record which Korotkoff sound is used for determining diastolic pressure using auscultative method."/><exampleBoolean value="false"/><groupingId value="-str-extension"/></resource><resource><extension url="http://hl7.org/fhir/tools/StructureDefinition/resource-sort"><valueInteger value="999999999"/></extension><extension url="http://hl7.org/fhir/StructureDefinition/implementationguide-page"><valueUri value="StructureDefinition-NoDomainVitalSignsObservationFiO2.html"/></extension><reference><reference value="StructureDefinition/NoDomainVitalSignsObservationFiO2"/></reference><name value="NoDomainVitalSignsObservationFiO2"/><description value="Fraction of oxygen in inspired air."/><exampleBoolean value="false"/><groupingId value="-str-extension"/></resource><resource><extension url="http://hl7.org/fhir/tools/StructureDefinition/resource-sort"><valueInteger value="999999999"/></extension><extension url="http://hl7.org/fhir/StructureDefinition/implementationguide-page"><valueUri value="StructureDefinition-NoDomainVitalSignsObservationFlow.html"/></extension><reference><reference value="StructureDefinition/NoDomainVitalSignsObservationFlow"/></reference><name value="NoDomainVitalSignsObservationFlow"/><description value="Oxygen flow rate given to an individual."/><exampleBoolean value="false"/><groupingId value="-str-extension"/></resource><resource><extension url="http://hl7.org/fhir/tools/StructureDefinition/resource-sort"><valueInteger value="999999999"/></extension><extension url="http://hl7.org/fhir/StructureDefinition/implementationguide-page"><valueUri value="StructureDefinition-NoDomainVitalSignsObservationHeartRatePulseBodyPosition.html"/></extension><reference><reference value="StructureDefinition/NoDomainVitalSignsObservationHeartRatePulseBodyPosition"/></reference><name value="NoDomainVitalSignsObservationHeartRatePulseBodyPosition"/><description value="Record which Korotkoff sound is used for determining diastolic pressure using auscultative method."/><exampleBoolean value="false"/><groupingId value="-str-extension"/></resource><resource><extension url="http://hl7.org/fhir/tools/StructureDefinition/resource-sort"><valueInteger value="999999999"/></extension><extension url="http://hl7.org/fhir/StructureDefinition/implementationguide-page"><valueUri value="StructureDefinition-NoDomainVitalSignsObservationHeartRhythmIrregularity.html"/></extension><reference><reference value="StructureDefinition/NoDomainVitalSignsObservationHeartRhythmIrregularity"/></reference><name value="NoDomainVitalSignsObservationHeartRhythmIrregularity"/><description value="Patterns  of the  heart beat."/><exampleBoolean value="false"/><groupingId value="-str-extension"/></resource><resource><extension url="http://hl7.org/fhir/tools/StructureDefinition/resource-sort"><valueInteger value="999999999"/></extension><extension url="http://hl7.org/fhir/StructureDefinition/implementationguide-page"><valueUri value="StructureDefinition-NoDomainVitalSignsObservationInspiredOxygen.html"/></extension><reference><reference value="StructureDefinition/NoDomainVitalSignsObservationInspiredOxygen"/></reference><name value="NoDomainVitalSignsObservationInspiredOxygen"/><description value="Details of the amount of oxygen available to the subject at the time of observation."/><exampleBoolean value="false"/><groupingId value="-str-extension"/></resource><resource><extension url="http://hl7.org/fhir/tools/StructureDefinition/resource-sort"><valueInteger value="999999999"/></extension><extension url="http://hl7.org/fhir/StructureDefinition/implementationguide-page"><valueUri value="StructureDefinition-NoDomainVitalSignsObservationMethodofOxygenDelivery.html"/></extension><reference><reference value="StructureDefinition/NoDomainVitalSignsObservationMethodofOxygenDelivery"/></reference><name value="NoDomainVitalSignsObservationMethodofOxygenDelivery"/><description value="The method used to deliver the oxygen."/><exampleBoolean value="false"/><groupingId value="-str-extension"/></resource><resource><extension url="http://hl7.org/fhir/tools/StructureDefinition/resource-sort"><valueInteger value="999999999"/></extension><extension url="http://hl7.org/fhir/StructureDefinition/implementationguide-page"><valueUri value="StructureDefinition-NoDomainVitalSignsObservationOnAir.html"/></extension><reference><reference value="StructureDefinition/NoDomainVitalSignsObservationOnAir"/></reference><name value="NoDomainVitalSignsObservationOnAir"/><description value="The patient is receiving air, equivalent to 21% O₂ or 0.21 FiO₂ and an oxygen flow rate of 0 litres per minute."/><exampleBoolean value="false"/><groupingId value="-str-extension"/></resource><resource><extension url="http://hl7.org/fhir/tools/StructureDefinition/resource-sort"><valueInteger value="999999999"/></extension><extension url="http://hl7.org/fhir/StructureDefinition/implementationguide-page"><valueUri value="StructureDefinition-NoDomainVitalSignsObservationPercentO2.html"/></extension><reference><reference value="StructureDefinition/NoDomainVitalSignsObservationPercentO2"/></reference><name value="NoDomainVitalSignsObservationPercentO2"/><description value="Percentage of oxygen in inspired air."/><exampleBoolean value="false"/><groupingId value="-str-extension"/></resource><resource><extension url="http://hl7.org/fhir/tools/StructureDefinition/resource-sort"><valueInteger value="999999999"/></extension><extension url="http://hl7.org/fhir/StructureDefinition/implementationguide-page"><valueUri value="StructureDefinition-NoDomainVitalSignsObservationPulseRhythm.html"/></extension><reference><reference value="StructureDefinition/NoDomainVitalSignsObservationPulseRhythm"/></reference><name value="NoDomainVitalSignsObservationPulseRhythm"/><description value="Regularity of the pulse"/><exampleBoolean value="false"/><groupingId value="-str-extension"/></resource><resource><extension url="http://hl7.org/fhir/tools/StructureDefinition/resource-sort"><valueInteger value="999999999"/></extension><extension url="http://hl7.org/fhir/StructureDefinition/implementationguide-page"><valueUri value="StructureDefinition-NoDomainVitalSignsObservationPulseRhythmIrregularity.html"/></extension><reference><reference value="StructureDefinition/NoDomainVitalSignsObservationPulseRhythmIrregularity"/></reference><name value="NoDomainVitalSignsObservationPulseRhythmIrregularity"/><description value="More specific pattern of an irregular pulse or heart beat."/><exampleBoolean value="false"/><groupingId value="-str-extension"/></resource><resource><extension url="http://hl7.org/fhir/tools/StructureDefinition/resource-sort"><valueInteger value="999999999"/></extension><extension url="http://hl7.org/fhir/StructureDefinition/implementationguide-page"><valueUri value="StructureDefinition-NoDomainVitalSignsObservationRespirationDepth.html"/></extension><reference><reference value="StructureDefinition/NoDomainVitalSignsObservationRespirationDepth"/></reference><name value="NoDomainVitalSignsObservationRespirationDepth"/><description value="The depth of spontaneous breathing."/><exampleBoolean value="false"/><groupingId value="-str-extension"/></resource><resource><extension url="http://hl7.org/fhir/tools/StructureDefinition/resource-sort"><valueInteger value="999999999"/></extension><extension url="http://hl7.org/fhir/StructureDefinition/implementationguide-page"><valueUri value="StructureDefinition-NoDomainVitalSignsObservationRespirationRateBodyPosition.html"/></extension><reference><reference value="StructureDefinition/NoDomainVitalSignsObservationRespirationRateBodyPosition"/></reference><name value="NoDomainVitalSignsObservationRespirationRateBodyPosition"/><description value="The body position of the individual during the observation."/><exampleBoolean value="false"/><groupingId value="-str-extension"/></resource><resource><extension url="http://hl7.org/fhir/tools/StructureDefinition/resource-sort"><valueInteger value="999999999"/></extension><extension url="http://hl7.org/fhir/StructureDefinition/implementationguide-page"><valueUri value="StructureDefinition-NoDomainVitalSignsObservationRespirationRegularity.html"/></extension><reference><reference value="StructureDefinition/NoDomainVitalSignsObservationRespirationRegularity"/></reference><name value="NoDomainVitalSignsObservationRespirationRegularity"/><description value="The regularity of spontaneous breathing."/><exampleBoolean value="false"/><groupingId value="-str-extension"/></resource><resource><extension url="http://hl7.org/fhir/tools/StructureDefinition/resource-sort"><valueInteger value="999999999"/></extension><extension url="http://hl7.org/fhir/StructureDefinition/implementationguide-page"><valueUri value="StructureDefinition-NoDomainVitalSignsObservationSleepStatus.html"/></extension><reference><reference value="StructureDefinition/NoDomainVitalSignsObservationSleepStatus"/></reference><name value="NoDomainVitalSignsObservationSleepStatus"/><description value="Sleep status - supports interpretation of 24 hour ambulatory blood pressure records."/><exampleBoolean value="false"/><groupingId value="-str-extension"/></resource><resource><extension url="http://hl7.org/fhir/tools/StructureDefinition/resource-sort"><valueInteger value="999999999"/></extension><extension url="http://hl7.org/fhir/StructureDefinition/implementationguide-page"><valueUri value="StructureDefinition-NoDomainVitalSignsObservationSpontaneousBreathing.html"/></extension><reference><reference value="StructureDefinition/NoDomainVitalSignsObservationSpontaneousBreathing"/></reference><name value="NoDomainVitalSignsObservationSpontaneousBreathing"/><description value="A narrative description about the spontaneous breathing of the individual."/><exampleBoolean value="false"/><groupingId value="-str-extension"/></resource><resource><extension url="http://hl7.org/fhir/tools/StructureDefinition/resource-sort"><valueInteger value="999999999"/></extension><extension url="http://hl7.org/fhir/StructureDefinition/implementationguide-page"><valueUri value="StructureDefinition-NoDomainVitalSignsObservationTilt.html"/></extension><reference><reference value="StructureDefinition/NoDomainVitalSignsObservationTilt"/></reference><name value="NoDomainVitalSignsObservationTilt"/><description value="The craniocaudal tilt of the surface on which the person is lying at the time of measurement."/><exampleBoolean value="false"/><groupingId value="-str-extension"/></resource><resource><extension url="http://hl7.org/fhir/tools/StructureDefinition/resource-sort"><valueInteger value="999999999"/></extension><extension url="http://hl7.org/fhir/StructureDefinition/implementationguide-page"><valueUri value="ValueSet-NoDomainVitalSignsObservationBloodPressureMeasurementMethod.html"/></extension><reference><reference value="ValueSet/NoDomainVitalSignsObservationBloodPressureMeasurementMethod"/></reference><name value="NoDomainVitalSignsObservationBloodPressureMeasurementMethod"/><description value="Codes representing measurement method for HeartRate"/><exampleBoolean value="false"/><groupingId value="-term-valueset"/></resource><resource><extension url="http://hl7.org/fhir/tools/StructureDefinition/resource-sort"><valueInteger value="999999999"/></extension><extension url="http://hl7.org/fhir/StructureDefinition/implementationguide-page"><valueUri value="ValueSet-NoDomainVitalSignsObservationBloodpressureBodyPosition.html"/></extension><reference><reference value="ValueSet/NoDomainVitalSignsObservationBloodpressureBodyPosition"/></reference><name value="NoDomainVitalSignsObservationBloodpressureBodyPosition"/><description value="Codes representing body position for blood pressure"/><exampleBoolean value="false"/><groupingId value="-term-valueset"/></resource><resource><extension url="http://hl7.org/fhir/tools/StructureDefinition/resource-sort"><valueInteger value="999999999"/></extension><extension url="http://hl7.org/fhir/StructureDefinition/implementationguide-page"><valueUri value="ValueSet-NoDomainVitalSignsObservationBloodpressureBodySite.html"/></extension><reference><reference value="ValueSet/NoDomainVitalSignsObservationBloodpressureBodySite"/></reference><name value="NoDomainVitalSignsObservationBloodpressureBodySite"/><description value="Codes representing body site for blood pressure"/><exampleBoolean value="false"/><groupingId value="-term-valueset"/></resource><resource><extension url="http://hl7.org/fhir/tools/StructureDefinition/resource-sort"><valueInteger value="999999999"/></extension><extension url="http://hl7.org/fhir/StructureDefinition/implementationguide-page"><valueUri value="ValueSet-NoDomainVitalSignsObservationBodyExposure.html"/></extension><reference><reference value="ValueSet/NoDomainVitalSignsObservationBodyExposure"/></reference><name value="NoDomainVitalSignsObservationBodyExposure"/><description value="Codes representing body exposure"/><exampleBoolean value="false"/><groupingId value="-term-valueset"/></resource><resource><extension url="http://hl7.org/fhir/tools/StructureDefinition/resource-sort"><valueInteger value="999999999"/></extension><extension url="http://hl7.org/fhir/StructureDefinition/implementationguide-page"><valueUri value="ValueSet-NoDomainVitalSignsObservationBodyHeightBodyPosition.html"/></extension><reference><reference value="ValueSet/NoDomainVitalSignsObservationBodyHeightBodyPosition"/></reference><name value="NoDomainVitalSignsObservationBodyHeightBodyPosition"/><description value="Codes representing body position for body height"/><exampleBoolean value="false"/><groupingId value="-term-valueset"/></resource><resource><extension url="http://hl7.org/fhir/tools/StructureDefinition/resource-sort"><valueInteger value="999999999"/></extension><extension url="http://hl7.org/fhir/StructureDefinition/implementationguide-page"><valueUri value="ValueSet-NoDomainVitalSignsObservationBodyTempBodySite.html"/></extension><reference><reference value="ValueSet/NoDomainVitalSignsObservationBodyTempBodySite"/></reference><name value="NoDomainVitalSignsObservationBodyTempBodySite"/><description value="Codes representing body site for body temperature"/><exampleBoolean value="false"/><groupingId value="-term-valueset"/></resource><resource><extension url="http://hl7.org/fhir/tools/StructureDefinition/resource-sort"><valueInteger value="999999999"/></extension><extension url="http://hl7.org/fhir/StructureDefinition/implementationguide-page"><valueUri value="ValueSet-NoDomainVitalSignsObservationClothingState.html"/></extension><reference><reference value="ValueSet/NoDomainVitalSignsObservationClothingState"/></reference><name value="NoDomainVitalSignsObservationClothingState"/><description value="Codes representing level of clothing"/><exampleBoolean value="false"/><groupingId value="-term-valueset"/></resource><resource><extension url="http://hl7.org/fhir/tools/StructureDefinition/resource-sort"><valueInteger value="999999999"/></extension><extension url="http://hl7.org/fhir/StructureDefinition/implementationguide-page"><valueUri value="ValueSet-NoDomainVitalSignsObservationCuffsize.html"/></extension><reference><reference value="ValueSet/NoDomainVitalSignsObservationCuffsize"/></reference><name value="NoDomainVitalSignsObservationCuffsize"/><description value="Codes representing cuff size"/><exampleBoolean value="false"/><groupingId value="-term-valueset"/></resource><resource><extension url="http://hl7.org/fhir/tools/StructureDefinition/resource-sort"><valueInteger value="999999999"/></extension><extension url="http://hl7.org/fhir/StructureDefinition/implementationguide-page"><valueUri value="ValueSet-NoDomainVitalSignsObservationDiastolicendPoint.html"/></extension><reference><reference value="ValueSet/NoDomainVitalSignsObservationDiastolicendPoint"/></reference><name value="NoDomainVitalSignsObservationDiastolicendPoint"/><description value="Codes representing Diastolic end point"/><exampleBoolean value="false"/><groupingId value="-term-valueset"/></resource><resource><extension url="http://hl7.org/fhir/tools/StructureDefinition/resource-sort"><valueInteger value="999999999"/></extension><extension url="http://hl7.org/fhir/StructureDefinition/implementationguide-page"><valueUri value="ValueSet-NoDomainVitalSignsObservationHeartRateBodySite.html"/></extension><reference><reference value="ValueSet/NoDomainVitalSignsObservationHeartRateBodySite"/></reference><name value="NoDomainVitalSignsObservationHeartRateBodySite"/><description value="Codes representing body site for heart rate"/><exampleBoolean value="false"/><groupingId value="-term-valueset"/></resource><resource><extension url="http://hl7.org/fhir/tools/StructureDefinition/resource-sort"><valueInteger value="999999999"/></extension><extension url="http://hl7.org/fhir/StructureDefinition/implementationguide-page"><valueUri value="ValueSet-NoDomainVitalSignsObservationHeartRateMeasurementMethod.html"/></extension><reference><reference value="ValueSet/NoDomainVitalSignsObservationHeartRateMeasurementMethod"/></reference><name value="NoDomainVitalSignsObservationHeartRateMeasurementMethod"/><description value="Codes representing measurement method for HeartRate"/><exampleBoolean value="false"/><groupingId value="-term-valueset"/></resource><resource><extension url="http://hl7.org/fhir/tools/StructureDefinition/resource-sort"><valueInteger value="999999999"/></extension><extension url="http://hl7.org/fhir/StructureDefinition/implementationguide-page"><valueUri value="ValueSet-NoDomainVitalSignsObservationHeartRatePulseBodyPosition.html"/></extension><reference><reference value="ValueSet/NoDomainVitalSignsObservationHeartRatePulseBodyPosition"/></reference><name value="NoDomainVitalSignsObservationHeartRatePulseBodyPosition"/><description value="Codes representing body position for heart rate or Pulse"/><exampleBoolean value="false"/><groupingId value="-term-valueset"/></resource><resource><extension url="http://hl7.org/fhir/tools/StructureDefinition/resource-sort"><valueInteger value="999999999"/></extension><extension url="http://hl7.org/fhir/StructureDefinition/implementationguide-page"><valueUri value="ValueSet-NoDomainVitalSignsObservationHeartRhythmIrregularity.html"/></extension><reference><reference value="ValueSet/NoDomainVitalSignsObservationHeartRhythmIrregularity"/></reference><name value="NoDomainVitalSignsObservationHeartRhythmIrregularity"/><description value="Codes representing heart rhythm irregularity for heart rate"/><exampleBoolean value="false"/><groupingId value="-term-valueset"/></resource><resource><extension url="http://hl7.org/fhir/tools/StructureDefinition/resource-sort"><valueInteger value="999999999"/></extension><extension url="http://hl7.org/fhir/StructureDefinition/implementationguide-page"><valueUri value="ValueSet-NoDomainVitalSignsObservationPulseBodySite.html"/></extension><reference><reference value="ValueSet/NoDomainVitalSignsObservationPulseBodySite"/></reference><name value="NoDomainVitalSignsObservationPulseBodySite"/><description value="Codes representing body site for pulse"/><exampleBoolean value="false"/><groupingId value="-term-valueset"/></resource><resource><extension url="http://hl7.org/fhir/tools/StructureDefinition/resource-sort"><valueInteger value="999999999"/></extension><extension url="http://hl7.org/fhir/StructureDefinition/implementationguide-page"><valueUri value="ValueSet-NoDomainVitalSignsObservationPulseMeasurementMethod.html"/></extension><reference><reference value="ValueSet/NoDomainVitalSignsObservationPulseMeasurementMethod"/></reference><name value="NoDomainVitalSignsObservationPulseMeasurementMethod"/><description value="Codes representing measurement method for HeartRate"/><exampleBoolean value="false"/><groupingId value="-term-valueset"/></resource><resource><extension url="http://hl7.org/fhir/tools/StructureDefinition/resource-sort"><valueInteger value="999999999"/></extension><extension url="http://hl7.org/fhir/StructureDefinition/implementationguide-page"><valueUri value="ValueSet-NoDomainVitalSignsObservationPulseRhythm.html"/></extension><reference><reference value="ValueSet/NoDomainVitalSignsObservationPulseRhythm"/></reference><name value="NoDomainVitalSignsObservationPulseRhythm"/><description value="Codes representing  rhythm of Pulse"/><exampleBoolean value="false"/><groupingId value="-term-valueset"/></resource><resource><extension url="http://hl7.org/fhir/tools/StructureDefinition/resource-sort"><valueInteger value="999999999"/></extension><extension url="http://hl7.org/fhir/StructureDefinition/implementationguide-page"><valueUri value="ValueSet-NoDomainVitalSignsObservationPulseRhythmIrregularity.html"/></extension><reference><reference value="ValueSet/NoDomainVitalSignsObservationPulseRhythmIrregularity"/></reference><name value="NoDomainVitalSignsObservationPulseRhythmIrregularity"/><description value="Codes representing heart rhythm irregularity for Pulse"/><exampleBoolean value="false"/><groupingId value="-term-valueset"/></resource><resource><extension url="http://hl7.org/fhir/tools/StructureDefinition/resource-sort"><valueInteger value="999999999"/></extension><extension url="http://hl7.org/fhir/StructureDefinition/implementationguide-page"><valueUri value="ValueSet-NoDomainVitalSignsObservationRespirationRateBodyPosition.html"/></extension><reference><reference value="ValueSet/NoDomainVitalSignsObservationRespirationRateBodyPosition"/></reference><name value="NoDomainVitalSignsObservationRespirationRateBodyPosition"/><description value="Codes representing body position for respiration rate"/><exampleBoolean value="false"/><groupingId value="-term-valueset"/></resource><resource><extension url="http://hl7.org/fhir/tools/StructureDefinition/resource-sort"><valueInteger value="999999999"/></extension><extension url="http://hl7.org/fhir/StructureDefinition/implementationguide-page"><valueUri value="ValueSet-NoDomainVitalSignsObservationRespirationRateDepth.html"/></extension><reference><reference value="ValueSet/NoDomainVitalSignsObservationRespirationRateDepth"/></reference><name value="NoDomainVitalSignsObservationRespirationRateDepth"/><description value="Codes representing depth for respiration rate"/><exampleBoolean value="false"/><groupingId value="-term-valueset"/></resource><resource><extension url="http://hl7.org/fhir/tools/StructureDefinition/resource-sort"><valueInteger value="999999999"/></extension><extension url="http://hl7.org/fhir/StructureDefinition/implementationguide-page"><valueUri value="ValueSet-NoDomainVitalSignsObservationRespirationRegularity.html"/></extension><reference><reference value="ValueSet/NoDomainVitalSignsObservationRespirationRegularity"/></reference><name value="NoDomainVitalSignsObservationRespirationRegularity"/><description value="Codes representing Respiration Regularity"/><exampleBoolean value="false"/><groupingId value="-term-valueset"/></resource><resource><extension url="http://hl7.org/fhir/tools/StructureDefinition/resource-sort"><valueInteger value="999999999"/></extension><extension url="http://hl7.org/fhir/StructureDefinition/implementationguide-page"><valueUri value="ValueSet-NoDomainVitalSignsObservationSleepStatus.html"/></extension><reference><reference value="ValueSet/NoDomainVitalSignsObservationSleepStatus"/></reference><name value="NoDomainVitalSignsObservationSleepStatus"/><description value="Codes representing Sleep Status"/><exampleBoolean value="false"/><groupingId value="-term-valueset"/></resource><resource><extension url="http://hl7.org/fhir/tools/StructureDefinition/resource-sort"><valueInteger value="999999999"/></extension><extension url="http://hl7.org/fhir/StructureDefinition/implementationguide-page"><valueUri value="ValueSet-NoDomainVitalSignsObservationSpontaneousBreathing.html"/></extension><reference><reference value="ValueSet/NoDomainVitalSignsObservationSpontaneousBreathing"/></reference><name value="NoDomainVitalSignsObservationSpontaneousBreathing"/><description value="Codes representing Respiration Spontaneous breathing"/><exampleBoolean value="false"/><groupingId value="-term-valueset"/></resource><resource><extension url="http://hl7.org/fhir/tools/StructureDefinition/resource-sort"><valueInteger value="999999999"/></extension><extension url="http://hl7.org/fhir/StructureDefinition/implementationguide-page"><valueUri value="Organization-afa23.html"/></extension><reference><reference value="Organization/afa23"/></reference><name value="Organization details of afa23"/><exampleBoolean value="true"/><groupingId value="-ex-example"/></resource><resource><extension url="http://hl7.org/fhir/tools/StructureDefinition/resource-sort"><valueInteger value="999999999"/></extension><extension url="http://hl7.org/fhir/StructureDefinition/implementationguide-page"><valueUri value="Patient-cdp1000240.html"/></extension><reference><reference value="Patient/cdp1000240"/></reference><name value="Patient details of cdp1000240"/><exampleBoolean value="true"/><groupingId value="-ex-example"/></resource><resource><extension url="http://hl7.org/fhir/tools/StructureDefinition/resource-sort"><valueInteger value="999999999"/></extension><extension url="http://hl7.org/fhir/StructureDefinition/implementationguide-page"><valueUri value="Patient-cdp1000808.html"/></extension><reference><reference value="Patient/cdp1000808"/></reference><name value="Patient details of cdp1000808"/><exampleBoolean value="true"/><groupingId value="-ex-example"/></resource><resource><extension url="http://hl7.org/fhir/tools/StructureDefinition/resource-sort"><valueInteger value="999999999"/></extension><extension url="http://hl7.org/fhir/StructureDefinition/implementationguide-page"><valueUri value="PractitionerRole-agb104.html"/></extension><reference><reference value="PractitionerRole/agb104"/></reference><name value="Practioner details of agb104"/><exampleBoolean value="true"/><groupingId value="-ex-example"/></resource><resource><extension url="http://hl7.org/fhir/tools/StructureDefinition/resource-sort"><valueInteger value="999999999"/></extension><extension url="http://hl7.org/fhir/StructureDefinition/implementationguide-page"><valueUri value="PractitionerRole-agb30.html"/></extension><reference><reference value="PractitionerRole/agb30"/></reference><name value="PractitionerRole details of agb30"/><exampleBoolean value="true"/><groupingId value="-ex-example"/></resource><resource><extension url="http://hl7.org/fhir/tools/StructureDefinition/resource-sort"><valueInteger value="999999999"/></extension><extension url="http://hl7.org/fhir/StructureDefinition/implementationguide-page"><valueUri value="Observation-no-blood-pressure-create.html"/></extension><reference><reference value="Observation/no-blood-pressure-create"/></reference><name value="no-blood-pressure-create"/><exampleCanonical value="http://hl7.no/fhir/StructureDefinition/NoDomainVitalSignsObservationBloodpressure"/><groupingId value="-ex-example"/></resource><resource><extension url="http://hl7.org/fhir/tools/StructureDefinition/resource-sort"><valueInteger value="999999999"/></extension><extension url="http://hl7.org/fhir/StructureDefinition/implementationguide-page"><valueUri value="Observation-no-body-height-create.html"/></extension><reference><reference value="Observation/no-body-height-create"/></reference><name value="no-body-height-create"/><exampleCanonical value="http://hl7.no/fhir/StructureDefinition/NoDomainVitalSignsObservationBodyHeight"/><groupingId value="-ex-example"/></resource><resource><extension url="http://hl7.org/fhir/tools/StructureDefinition/resource-sort"><valueInteger value="999999999"/></extension><extension url="http://hl7.org/fhir/StructureDefinition/implementationguide-page"><valueUri value="Observation-no-body-temperature-create.html"/></extension><reference><reference value="Observation/no-body-temperature-create"/></reference><name value="no-body-temperature-create"/><exampleCanonical value="http://hl7.no/fhir/StructureDefinition/NoDomainVitalSignsObservationBodyTemp"/><groupingId value="-ex-example"/></resource><resource><extension url="http://hl7.org/fhir/tools/StructureDefinition/resource-sort"><valueInteger value="999999999"/></extension><extension url="http://hl7.org/fhir/StructureDefinition/implementationguide-page"><valueUri value="Observation-no-body-weight-create.html"/></extension><reference><reference value="Observation/no-body-weight-create"/></reference><name value="no-body-weight-create"/><exampleCanonical value="http://hl7.no/fhir/StructureDefinition/NoDomainVitalSignsObservationBodyWeight"/><groupingId value="-ex-example"/></resource><resource><extension url="http://hl7.org/fhir/tools/StructureDefinition/resource-sort"><valueInteger value="999999999"/></extension><extension url="http://hl7.org/fhir/StructureDefinition/implementationguide-page"><valueUri value="Observation-no-heart-rate-create.html"/></extension><reference><reference value="Observation/no-heart-rate-create"/></reference><name value="no-heart-rate-create"/><exampleCanonical value="http://hl7.no/fhir/StructureDefinition/NoDomainVitalSignsObservationHeartRate"/><groupingId value="-ex-example"/></resource><resource><extension url="http://hl7.org/fhir/tools/StructureDefinition/resource-sort"><valueInteger value="999999999"/></extension><extension url="http://hl7.org/fhir/StructureDefinition/implementationguide-page"><valueUri value="Observation-no-oxygen-saturation-create.html"/></extension><reference><reference value="Observation/no-oxygen-saturation-create"/></reference><name value="no-oxygen-saturation-create"/><exampleCanonical value="http://hl7.no/fhir/StructureDefinition/NoDomainVitalSignsObservationOxygenSaturation"/><groupingId value="-ex-example"/></resource><resource><extension url="http://hl7.org/fhir/tools/StructureDefinition/resource-sort"><valueInteger value="999999999"/></extension><extension url="http://hl7.org/fhir/StructureDefinition/implementationguide-page"><valueUri value="Observation-no-pulse-rate.html"/></extension><reference><reference value="Observation/no-pulse-rate"/></reference><name value="no-pulse-rate"/><exampleCanonical value="http://hl7.no/fhir/StructureDefinition/NoDomainVitalSignsObservationPulse"/><groupingId value="-ex-example"/></resource><resource><extension url="http://hl7.org/fhir/tools/StructureDefinition/resource-sort"><valueInteger value="999999999"/></extension><extension url="http://hl7.org/fhir/StructureDefinition/implementationguide-page"><valueUri value="Observation-no-respiratory-rate-create.html"/></extension><reference><reference value="Observation/no-respiratory-rate-create"/></reference><name value="no-respiratory-rate-create"/><exampleCanonical value="http://hl7.no/fhir/StructureDefinition/NoDomainVitalSignsObservationRespirationRate"/><groupingId value="-ex-example"/></resource><page><extension url="http://hl7.org/fhir/tools/StructureDefinition/ig-page-name"><valueUrl value="toc.html"/></extension><nameUrl value="toc.html"/><title value="Table of Contents"/><generation value="html"/><page><extension url="http://hl7.org/fhir/tools/StructureDefinition/ig-page-name"><valueUrl value="index.html"/></extension><nameUrl value="index.html"/><title value="Home"/><generation value="markdown"/></page><page><extension url="http://hl7.org/fhir/tools/StructureDefinition/ig-page-name"><valueUrl value="download.html"/></extension><nameUrl value="download.html"/><title value="Download"/><generation value="markdown"/></page><page><extension url="http://hl7.org/fhir/tools/StructureDefinition/ig-page-name"><valueUrl value="guidance.html"/></extension><nameUrl value="guidance.html"/><title value="Guidance"/><generation value="markdown"/></page><page><extension url="http://hl7.org/fhir/tools/StructureDefinition/ig-page-name"><valueUrl value="VKP-mapping.html"/></extension><nameUrl value="VKP-mapping.html"/><title value="VKP Mapping"/><generation value="markdown"/></page><page><extension url="http://hl7.org/fhir/tools/StructureDefinition/ig-page-name"><valueUrl value="artifacts.html"/></extension><nameUrl value="artifacts.html"/><title value="Artifacts Summary"/><generation value="html"/><page><extension url="http://hl7.org/fhir/tools/StructureDefinition/ig-page-name"><valueUrl value="StructureDefinition-NoDomainVitalSignsObservationBloodpressure.html"/></extension><nameUrl value="StructureDefinition-NoDomainVitalSignsObservationBloodpressure.html"/><title value="NO Domain VitalSigns Observation - Blood pressure"/><generation value="generated"/></page><page><extension url="http://hl7.org/fhir/tools/StructureDefinition/ig-page-name"><valueUrl value="StructureDefinition-NoDomainVitalSignsObservationBodyHeight.html"/></extension><nameUrl value="StructureDefinition-NoDomainVitalSignsObservationBodyHeight.html"/><title value="NO Domain VitalSigns Observation - Body Height"/><generation value="generated"/></page><page><extension url="http://hl7.org/fhir/tools/StructureDefinition/ig-page-name"><valueUrl value="StructureDefinition-NoDomainVitalSignsObservationBodyTemp.html"/></extension><nameUrl value="StructureDefinition-NoDomainVitalSignsObservationBodyTemp.html"/><title value="NO Domain VitalSigns Observation - Body Temperature"/><generation value="generated"/></page><page><extension url="http://hl7.org/fhir/tools/StructureDefinition/ig-page-name"><valueUrl value="StructureDefinition-NoDomainVitalSignsObservationBodyWeight.html"/></extension><nameUrl value="StructureDefinition-NoDomainVitalSignsObservationBodyWeight.html"/><title value="NO Domain VitalSigns Observation - Body Weight"/><generation value="generated"/></page><page><extension url="http://hl7.org/fhir/tools/StructureDefinition/ig-page-name"><valueUrl value="StructureDefinition-NoDomainVitalSignsObservationHeartRate.html"/></extension><nameUrl value="StructureDefinition-NoDomainVitalSignsObservationHeartRate.html"/><title value="NO Domain VitalSigns Observation - Heart Rate"/><generation value="generated"/></page><page><extension url="http://hl7.org/fhir/tools/StructureDefinition/ig-page-name"><valueUrl value="StructureDefinition-NoDomainVitalSignsObservationOxygenSaturation.html"/></extension><nameUrl value="StructureDefinition-NoDomainVitalSignsObservationOxygenSaturation.html"/><title value="NO Domain VitalSigns Observation - Oxygen Saturation"/><generation value="generated"/></page><page><extension url="http://hl7.org/fhir/tools/StructureDefinition/ig-page-name"><valueUrl value="StructureDefinition-NoDomainVitalSignsObservationPulse.html"/></extension><nameUrl value="StructureDefinition-NoDomainVitalSignsObservationPulse.html"/><title value="NO Domain VitalSigns Observation - Pulse"/><generation value="generated"/></page><page><extension url="http://hl7.org/fhir/tools/StructureDefinition/ig-page-name"><valueUrl value="StructureDefinition-NoDomainVitalSignsObservationRespirationRate.html"/></extension><nameUrl value="StructureDefinition-NoDomainVitalSignsObservationRespirationRate.html"/><title value="NO Domain VitalSigns Observation - Respiration Rate"/><generation value="generated"/></page><page><extension url="http://hl7.org/fhir/tools/StructureDefinition/ig-page-name"><valueUrl value="StructureDefinition-NoDomainVitalSignsObservationActiveHeating.html"/></extension><nameUrl value="StructureDefinition-NoDomainVitalSignsObservationActiveHeating.html"/><title value="NoDomainVitalSignsObservationActiveHeating"/><generation value="generated"/></page><page><extension url="http://hl7.org/fhir/tools/StructureDefinition/ig-page-name"><valueUrl value="StructureDefinition-NoDomainVitalSignsObservationBloodpressureBodyPosition.html"/></extension><nameUrl value="StructureDefinition-NoDomainVitalSignsObservationBloodpressureBodyPosition.html"/><title value="NoDomainVitalSignsObservationBloodpressureBodyPosition"/><generation value="generated"/></page><page><extension url="http://hl7.org/fhir/tools/StructureDefinition/ig-page-name"><valueUrl value="StructureDefinition-NoDomainVitalSignsObservationBloodpressureDiastolicFormula.html"/></extension><nameUrl value="StructureDefinition-NoDomainVitalSignsObservationBloodpressureDiastolicFormula.html"/><title value="NoDomainVitalSignsObservationBloodpressureDiastolicFormula"/><generation value="generated"/></page><page><extension url="http://hl7.org/fhir/tools/StructureDefinition/ig-page-name"><valueUrl value="StructureDefinition-NoDomainVitalSignsObservationBloodpressureMeanArterialFormula.html"/></extension><nameUrl value="StructureDefinition-NoDomainVitalSignsObservationBloodpressureMeanArterialFormula.html"/><title value="NoDomainVitalSignsObservationBloodpressureMeanArterialFormula"/><generation value="generated"/></page><page><extension url="http://hl7.org/fhir/tools/StructureDefinition/ig-page-name"><valueUrl value="StructureDefinition-NoDomainVitalSignsObservationBloodpressureSystolicFormula.html"/></extension><nameUrl value="StructureDefinition-NoDomainVitalSignsObservationBloodpressureSystolicFormula.html"/><title value="NoDomainVitalSignsObservationBloodpressureSystolicFormula"/><generation value="generated"/></page><page><extension url="http://hl7.org/fhir/tools/StructureDefinition/ig-page-name"><valueUrl value="StructureDefinition-NoDomainVitalSignsObservationBodyExposure.html"/></extension><nameUrl value="StructureDefinition-NoDomainVitalSignsObservationBodyExposure.html"/><title value="NoDomainVitalSignsObservationBodyExposure"/><generation value="generated"/></page><page><extension url="http://hl7.org/fhir/tools/StructureDefinition/ig-page-name"><valueUrl value="StructureDefinition-NoDomainVitalSignsObservationBodyHeightBodyPosition.html"/></extension><nameUrl value="StructureDefinition-NoDomainVitalSignsObservationBodyHeightBodyPosition.html"/><title value="NoDomainVitalSignsObservationBodyHeightBodyPosition"/><generation value="generated"/></page><page><extension url="http://hl7.org/fhir/tools/StructureDefinition/ig-page-name"><valueUrl value="StructureDefinition-NoDomainVitalSignsObservationCharacterOfPulse.html"/></extension><nameUrl value="StructureDefinition-NoDomainVitalSignsObservationCharacterOfPulse.html"/><title value="NoDomainVitalSignsObservationCharacterOfPulse"/><generation value="generated"/></page><page><extension url="http://hl7.org/fhir/tools/StructureDefinition/ig-page-name"><valueUrl value="StructureDefinition-NoDomainVitalSignsObservationClinicalDescription.html"/></extension><nameUrl value="StructureDefinition-NoDomainVitalSignsObservationClinicalDescription.html"/><title value="NoDomainVitalSignsObservationClinicalDescription"/><generation value="generated"/></page><page><extension url="http://hl7.org/fhir/tools/StructureDefinition/ig-page-name"><valueUrl value="StructureDefinition-NoDomainVitalSignsObservationClothingState.html"/></extension><nameUrl value="StructureDefinition-NoDomainVitalSignsObservationClothingState.html"/><title value="NoDomainVitalSignsObservationClothingState"/><generation value="generated"/></page><page><extension url="http://hl7.org/fhir/tools/StructureDefinition/ig-page-name"><valueUrl value="StructureDefinition-NoDomainVitalSignsObservationConfoundingFactor.html"/></extension><nameUrl value="StructureDefinition-NoDomainVitalSignsObservationConfoundingFactor.html"/><title value="NoDomainVitalSignsObservationConfoundingFactor"/><generation value="generated"/></page><page><extension url="http://hl7.org/fhir/tools/StructureDefinition/ig-page-name"><valueUrl value="StructureDefinition-NoDomainVitalSignsObservationCuffSize.html"/></extension><nameUrl value="StructureDefinition-NoDomainVitalSignsObservationCuffSize.html"/><title value="NoDomainVitalSignsObservationCuffSize"/><generation value="generated"/></page><page><extension url="http://hl7.org/fhir/tools/StructureDefinition/ig-page-name"><valueUrl value="StructureDefinition-NoDomainVitalSignsObservationDaysSinceMenstruationStart.html"/></extension><nameUrl value="StructureDefinition-NoDomainVitalSignsObservationDaysSinceMenstruationStart.html"/><title value="NoDomainVitalSignsObservationDaysSinceMenstruationStart"/><generation value="generated"/></page><page><extension url="http://hl7.org/fhir/tools/StructureDefinition/ig-page-name"><valueUrl value="StructureDefinition-NoDomainVitalSignsObservationDiastolicEndPoint.html"/></extension><nameUrl value="StructureDefinition-NoDomainVitalSignsObservationDiastolicEndPoint.html"/><title value="NoDomainVitalSignsObservationDiastolicEndPoint"/><generation value="generated"/></page><page><extension url="http://hl7.org/fhir/tools/StructureDefinition/ig-page-name"><valueUrl value="StructureDefinition-NoDomainVitalSignsObservationFiO2.html"/></extension><nameUrl value="StructureDefinition-NoDomainVitalSignsObservationFiO2.html"/><title value="NoDomainVitalSignsObservationFiO2"/><generation value="generated"/></page><page><extension url="http://hl7.org/fhir/tools/StructureDefinition/ig-page-name"><valueUrl value="StructureDefinition-NoDomainVitalSignsObservationFlow.html"/></extension><nameUrl value="StructureDefinition-NoDomainVitalSignsObservationFlow.html"/><title value="NoDomainVitalSignsObservationFlow"/><generation value="generated"/></page><page><extension url="http://hl7.org/fhir/tools/StructureDefinition/ig-page-name"><valueUrl value="StructureDefinition-NoDomainVitalSignsObservationHeartRatePulseBodyPosition.html"/></extension><nameUrl value="StructureDefinition-NoDomainVitalSignsObservationHeartRatePulseBodyPosition.html"/><title value="NoDomainVitalSignsObservationHeartRatePulseBodyPosition"/><generation value="generated"/></page><page><extension url="http://hl7.org/fhir/tools/StructureDefinition/ig-page-name"><valueUrl value="StructureDefinition-NoDomainVitalSignsObservationHeartRhythmIrregularity.html"/></extension><nameUrl value="StructureDefinition-NoDomainVitalSignsObservationHeartRhythmIrregularity.html"/><title value="NoDomainVitalSignsObservationHeartRhythmIrregularity"/><generation value="generated"/></page><page><extension url="http://hl7.org/fhir/tools/StructureDefinition/ig-page-name"><valueUrl value="StructureDefinition-NoDomainVitalSignsObservationInspiredOxygen.html"/></extension><nameUrl value="StructureDefinition-NoDomainVitalSignsObservationInspiredOxygen.html"/><title value="NoDomainVitalSignsObservationInspiredOxygen"/><generation value="generated"/></page><page><extension url="http://hl7.org/fhir/tools/StructureDefinition/ig-page-name"><valueUrl value="StructureDefinition-NoDomainVitalSignsObservationMethodofOxygenDelivery.html"/></extension><nameUrl value="StructureDefinition-NoDomainVitalSignsObservationMethodofOxygenDelivery.html"/><title value="NoDomainVitalSignsObservationMethodofOxygenDelivery"/><generation value="generated"/></page><page><extension url="http://hl7.org/fhir/tools/StructureDefinition/ig-page-name"><valueUrl value="StructureDefinition-NoDomainVitalSignsObservationOnAir.html"/></extension><nameUrl value="StructureDefinition-NoDomainVitalSignsObservationOnAir.html"/><title value="NoDomainVitalSignsObservationOnAir"/><generation value="generated"/></page><page><extension url="http://hl7.org/fhir/tools/StructureDefinition/ig-page-name"><valueUrl value="StructureDefinition-NoDomainVitalSignsObservationPercentO2.html"/></extension><nameUrl value="StructureDefinition-NoDomainVitalSignsObservationPercentO2.html"/><title value="NoDomainVitalSignsObservationPercentO2"/><generation value="generated"/></page><page><extension url="http://hl7.org/fhir/tools/StructureDefinition/ig-page-name"><valueUrl value="StructureDefinition-NoDomainVitalSignsObservationPulseRhythm.html"/></extension><nameUrl value="StructureDefinition-NoDomainVitalSignsObservationPulseRhythm.html"/><title value="NoDomainVitalSignsObservationPulseRhythm"/><generation value="generated"/></page><page><extension url="http://hl7.org/fhir/tools/StructureDefinition/ig-page-name"><valueUrl value="StructureDefinition-NoDomainVitalSignsObservationPulseRhythmIrregularity.html"/></extension><nameUrl value="StructureDefinition-NoDomainVitalSignsObservationPulseRhythmIrregularity.html"/><title value="NoDomainVitalSignsObservationPulseRhythmIrregularity"/><generation value="generated"/></page><page><extension url="http://hl7.org/fhir/tools/StructureDefinition/ig-page-name"><valueUrl value="StructureDefinition-NoDomainVitalSignsObservationRespirationDepth.html"/></extension><nameUrl value="StructureDefinition-NoDomainVitalSignsObservationRespirationDepth.html"/><title value="NoDomainVitalSignsObservationRespirationDepth"/><generation value="generated"/></page><page><extension url="http://hl7.org/fhir/tools/StructureDefinition/ig-page-name"><valueUrl value="StructureDefinition-NoDomainVitalSignsObservationRespirationRateBodyPosition.html"/></extension><nameUrl value="StructureDefinition-NoDomainVitalSignsObservationRespirationRateBodyPosition.html"/><title value="NoDomainVitalSignsObservationRespirationRateBodyPosition"/><generation value="generated"/></page><page><extension url="http://hl7.org/fhir/tools/StructureDefinition/ig-page-name"><valueUrl value="StructureDefinition-NoDomainVitalSignsObservationRespirationRegularity.html"/></extension><nameUrl value="StructureDefinition-NoDomainVitalSignsObservationRespirationRegularity.html"/><title value="NoDomainVitalSignsObservationRespirationRegularity"/><generation value="generated"/></page><page><extension url="http://hl7.org/fhir/tools/StructureDefinition/ig-page-name"><valueUrl value="StructureDefinition-NoDomainVitalSignsObservationSleepStatus.html"/></extension><nameUrl value="StructureDefinition-NoDomainVitalSignsObservationSleepStatus.html"/><title value="NoDomainVitalSignsObservationSleepStatus"/><generation value="generated"/></page><page><extension url="http://hl7.org/fhir/tools/StructureDefinition/ig-page-name"><valueUrl value="StructureDefinition-NoDomainVitalSignsObservationSpontaneousBreathing.html"/></extension><nameUrl value="StructureDefinition-NoDomainVitalSignsObservationSpontaneousBreathing.html"/><title value="NoDomainVitalSignsObservationSpontaneousBreathing"/><generation value="generated"/></page><page><extension url="http://hl7.org/fhir/tools/StructureDefinition/ig-page-name"><valueUrl value="StructureDefinition-NoDomainVitalSignsObservationTilt.html"/></extension><nameUrl value="StructureDefinition-NoDomainVitalSignsObservationTilt.html"/><title value="NoDomainVitalSignsObservationTilt"/><generation value="generated"/></page><page><extension url="http://hl7.org/fhir/tools/StructureDefinition/ig-page-name"><valueUrl value="ValueSet-NoDomainVitalSignsObservationBloodpressureBodyPosition.html"/></extension><nameUrl value="ValueSet-NoDomainVitalSignsObservationBloodpressureBodyPosition.html"/><title value="NoDomainVitalSignsObservationBloodpressureBodyPosition"/><generation value="generated"/></page><page><extension url="http://hl7.org/fhir/tools/StructureDefinition/ig-page-name"><valueUrl value="ValueSet-NoDomainVitalSignsObservationBloodpressureBodySite.html"/></extension><nameUrl value="ValueSet-NoDomainVitalSignsObservationBloodpressureBodySite.html"/><title value="NoDomainVitalSignsObservationBloodpressureBodySite"/><generation value="generated"/></page><page><extension url="http://hl7.org/fhir/tools/StructureDefinition/ig-page-name"><valueUrl value="ValueSet-NoDomainVitalSignsObservationBloodPressureMeasurementMethod.html"/></extension><nameUrl value="ValueSet-NoDomainVitalSignsObservationBloodPressureMeasurementMethod.html"/><title value="NoDomainVitalSignsObservationBloodPressureMeasurementMethod"/><generation value="generated"/></page><page><extension url="http://hl7.org/fhir/tools/StructureDefinition/ig-page-name"><valueUrl value="ValueSet-NoDomainVitalSignsObservationBodyExposure.html"/></extension><nameUrl value="ValueSet-NoDomainVitalSignsObservationBodyExposure.html"/><title value="NoDomainVitalSignsObservationBodyExposure"/><generation value="generated"/></page><page><extension url="http://hl7.org/fhir/tools/StructureDefinition/ig-page-name"><valueUrl value="ValueSet-NoDomainVitalSignsObservationBodyHeightBodyPosition.html"/></extension><nameUrl value="ValueSet-NoDomainVitalSignsObservationBodyHeightBodyPosition.html"/><title value="NoDomainVitalSignsObservationBodyHeightBodyPosition"/><generation value="generated"/></page><page><extension url="http://hl7.org/fhir/tools/StructureDefinition/ig-page-name"><valueUrl value="ValueSet-NoDomainVitalSignsObservationBodyTempBodySite.html"/></extension><nameUrl value="ValueSet-NoDomainVitalSignsObservationBodyTempBodySite.html"/><title value="NoDomainVitalSignsObservationBodyTempBodySite"/><generation value="generated"/></page><page><extension url="http://hl7.org/fhir/tools/StructureDefinition/ig-page-name"><valueUrl value="ValueSet-NoDomainVitalSignsObservationClothingState.html"/></extension><nameUrl value="ValueSet-NoDomainVitalSignsObservationClothingState.html"/><title value="NoDomainVitalSignsObservationClothingState"/><generation value="generated"/></page><page><extension url="http://hl7.org/fhir/tools/StructureDefinition/ig-page-name"><valueUrl value="ValueSet-NoDomainVitalSignsObservationCuffsize.html"/></extension><nameUrl value="ValueSet-NoDomainVitalSignsObservationCuffsize.html"/><title value="NoDomainVitalSignsObservationCuffsize"/><generation value="generated"/></page><page><extension url="http://hl7.org/fhir/tools/StructureDefinition/ig-page-name"><valueUrl value="ValueSet-NoDomainVitalSignsObservationDiastolicendPoint.html"/></extension><nameUrl value="ValueSet-NoDomainVitalSignsObservationDiastolicendPoint.html"/><title value="NoDomainVitalSignsObservationDiastolicendPoint"/><generation value="generated"/></page><page><extension url="http://hl7.org/fhir/tools/StructureDefinition/ig-page-name"><valueUrl value="ValueSet-NoDomainVitalSignsObservationHeartRateBodySite.html"/></extension><nameUrl value="ValueSet-NoDomainVitalSignsObservationHeartRateBodySite.html"/><title value="NoDomainVitalSignsObservationHeartRateBodySite"/><generation value="generated"/></page><page><extension url="http://hl7.org/fhir/tools/StructureDefinition/ig-page-name"><valueUrl value="ValueSet-NoDomainVitalSignsObservationHeartRateMeasurementMethod.html"/></extension><nameUrl value="ValueSet-NoDomainVitalSignsObservationHeartRateMeasurementMethod.html"/><title value="NoDomainVitalSignsObservationHeartRateMeasurementMethod"/><generation value="generated"/></page><page><extension url="http://hl7.org/fhir/tools/StructureDefinition/ig-page-name"><valueUrl value="ValueSet-NoDomainVitalSignsObservationHeartRatePulseBodyPosition.html"/></extension><nameUrl value="ValueSet-NoDomainVitalSignsObservationHeartRatePulseBodyPosition.html"/><title value="NoDomainVitalSignsObservationHeartRatePulseBodyPosition"/><generation value="generated"/></page><page><extension url="http://hl7.org/fhir/tools/StructureDefinition/ig-page-name"><valueUrl value="ValueSet-NoDomainVitalSignsObservationHeartRhythmIrregularity.html"/></extension><nameUrl value="ValueSet-NoDomainVitalSignsObservationHeartRhythmIrregularity.html"/><title value="NoDomainVitalSignsObservationHeartRhythmIrregularity"/><generation value="generated"/></page><page><extension url="http://hl7.org/fhir/tools/StructureDefinition/ig-page-name"><valueUrl value="ValueSet-NoDomainVitalSignsObservationPulseBodySite.html"/></extension><nameUrl value="ValueSet-NoDomainVitalSignsObservationPulseBodySite.html"/><title value="NoDomainVitalSignsObservationPulseBodySite"/><generation value="generated"/></page><page><extension url="http://hl7.org/fhir/tools/StructureDefinition/ig-page-name"><valueUrl value="ValueSet-NoDomainVitalSignsObservationPulseMeasurementMethod.html"/></extension><nameUrl value="ValueSet-NoDomainVitalSignsObservationPulseMeasurementMethod.html"/><title value="NoDomainVitalSignsObservationPulseMeasurementMethod"/><generation value="generated"/></page><page><extension url="http://hl7.org/fhir/tools/StructureDefinition/ig-page-name"><valueUrl value="ValueSet-NoDomainVitalSignsObservationPulseRhythm.html"/></extension><nameUrl value="ValueSet-NoDomainVitalSignsObservationPulseRhythm.html"/><title value="NoDomainVitalSignsObservationPulseRhythm"/><generation value="generated"/></page><page><extension url="http://hl7.org/fhir/tools/StructureDefinition/ig-page-name"><valueUrl value="ValueSet-NoDomainVitalSignsObservationPulseRhythmIrregularity.html"/></extension><nameUrl value="ValueSet-NoDomainVitalSignsObservationPulseRhythmIrregularity.html"/><title value="NoDomainVitalSignsObservationPulseRhythmIrregularity"/><generation value="generated"/></page><page><extension url="http://hl7.org/fhir/tools/StructureDefinition/ig-page-name"><valueUrl value="ValueSet-NoDomainVitalSignsObservationRespirationRateBodyPosition.html"/></extension><nameUrl value="ValueSet-NoDomainVitalSignsObservationRespirationRateBodyPosition.html"/><title value="NoDomainVitalSignsObservationRespirationRateBodyPosition"/><generation value="generated"/></page><page><extension url="http://hl7.org/fhir/tools/StructureDefinition/ig-page-name"><valueUrl value="ValueSet-NoDomainVitalSignsObservationRespirationRateDepth.html"/></extension><nameUrl value="ValueSet-NoDomainVitalSignsObservationRespirationRateDepth.html"/><title value="NoDomainVitalSignsObservationRespirationRateDepth"/><generation value="generated"/></page><page><extension url="http://hl7.org/fhir/tools/StructureDefinition/ig-page-name"><valueUrl value="ValueSet-NoDomainVitalSignsObservationRespirationRegularity.html"/></extension><nameUrl value="ValueSet-NoDomainVitalSignsObservationRespirationRegularity.html"/><title value="NoDomainVitalSignsObservationRespirationRegularity"/><generation value="generated"/></page><page><extension url="http://hl7.org/fhir/tools/StructureDefinition/ig-page-name"><valueUrl value="ValueSet-NoDomainVitalSignsObservationSleepStatus.html"/></extension><nameUrl value="ValueSet-NoDomainVitalSignsObservationSleepStatus.html"/><title value="NoDomainVitalSignsObservationSleepStatus"/><generation value="generated"/></page><page><extension url="http://hl7.org/fhir/tools/StructureDefinition/ig-page-name"><valueUrl value="ValueSet-NoDomainVitalSignsObservationSpontaneousBreathing.html"/></extension><nameUrl value="ValueSet-NoDomainVitalSignsObservationSpontaneousBreathing.html"/><title value="NoDomainVitalSignsObservationSpontaneousBreathing"/><generation value="generated"/></page><page><extension url="http://hl7.org/fhir/tools/StructureDefinition/ig-page-name"><valueUrl value="Observation-no-blood-pressure-create.html"/></extension><nameUrl value="Observation-no-blood-pressure-create.html"/><title value="no-blood-pressure-create"/><generation value="generated"/></page><page><extension url="http://hl7.org/fhir/tools/StructureDefinition/ig-page-name"><valueUrl value="Observation-no-body-height-create.html"/></extension><nameUrl value="Observation-no-body-height-create.html"/><title value="no-body-height-create"/><generation value="generated"/></page><page><extension url="http://hl7.org/fhir/tools/StructureDefinition/ig-page-name"><valueUrl value="Observation-no-body-temperature-create.html"/></extension><nameUrl value="Observation-no-body-temperature-create.html"/><title value="no-body-temperature-create"/><generation value="generated"/></page><page><extension url="http://hl7.org/fhir/tools/StructureDefinition/ig-page-name"><valueUrl value="Observation-no-body-weight-create.html"/></extension><nameUrl value="Observation-no-body-weight-create.html"/><title value="no-body-weight-create"/><generation value="generated"/></page><page><extension url="http://hl7.org/fhir/tools/StructureDefinition/ig-page-name"><valueUrl value="Observation-no-heart-rate-create.html"/></extension><nameUrl value="Observation-no-heart-rate-create.html"/><title value="no-heart-rate-create"/><generation value="generated"/></page><page><extension url="http://hl7.org/fhir/tools/StructureDefinition/ig-page-name"><valueUrl value="Observation-no-oxygen-saturation-create.html"/></extension><nameUrl value="Observation-no-oxygen-saturation-create.html"/><title value="no-oxygen-saturation-create"/><generation value="generated"/></page><page><extension url="http://hl7.org/fhir/tools/StructureDefinition/ig-page-name"><valueUrl value="Observation-no-pulse-rate.html"/></extension><nameUrl value="Observation-no-pulse-rate.html"/><title value="no-pulse-rate"/><generation value="generated"/></page><page><extension url="http://hl7.org/fhir/tools/StructureDefinition/ig-page-name"><valueUrl value="Observation-no-respiratory-rate-create.html"/></extension><nameUrl value="Observation-no-respiratory-rate-create.html"/><title value="no-respiratory-rate-create"/><generation value="generated"/></page><page><extension url="http://hl7.org/fhir/tools/StructureDefinition/ig-page-name"><valueUrl value="Organization-afa23.html"/></extension><nameUrl value="Organization-afa23.html"/><title value="Organization details of afa23"/><generation value="generated"/></page><page><extension url="http://hl7.org/fhir/tools/StructureDefinition/ig-page-name"><valueUrl value="Patient-cdp1000240.html"/></extension><nameUrl value="Patient-cdp1000240.html"/><title value="Patient details of cdp1000240"/><generation value="generated"/></page><page><extension url="http://hl7.org/fhir/tools/StructureDefinition/ig-page-name"><valueUrl value="Patient-cdp1000808.html"/></extension><nameUrl value="Patient-cdp1000808.html"/><title value="Patient details of cdp1000808"/><generation value="generated"/></page><page><extension url="http://hl7.org/fhir/tools/StructureDefinition/ig-page-name"><valueUrl value="PractitionerRole-agb104.html"/></extension><nameUrl value="PractitionerRole-agb104.html"/><title value="Practioner details of agb104"/><generation value="generated"/></page><page><extension url="http://hl7.org/fhir/tools/StructureDefinition/ig-page-name"><valueUrl value="PractitionerRole-agb30.html"/></extension><nameUrl value="PractitionerRole-agb30.html"/><title value="PractitionerRole details of agb30"/><generation value="generated"/></page></page></page><parameter><code value="path-resource"/><value value="input/capabilities"/></parameter><parameter><code value="path-resource"/><value value="input/examples"/></parameter><parameter><code value="path-resource"/><value value="input/extensions"/></parameter><parameter><code value="path-resource"/><value value="input/models"/></parameter><parameter><code value="path-resource"/><value value="input/operations"/></parameter><parameter><code value="path-resource"/><value value="input/profiles"/></parameter><parameter><code value="path-resource"/><value value="input/resources"/></parameter><parameter><code value="path-resource"/><value value="input/vocabulary"/></parameter><parameter><code value="path-resource"/><value value="input/maps"/></parameter><parameter><code value="path-resource"/><value value="input/testing"/></parameter><parameter><code value="path-resource"/><value value="input/history"/></parameter><parameter><code value="path-resource"/><value value="fsh-generated/resources"/></parameter><parameter><code value="path-pages"/><value value="template/config"/></parameter><parameter><code value="path-pages"/><value value="input/images"/></parameter><parameter><code value="path-tx-cache"/><value value="input-cache/txcache"/></parameter></definition></ImplementationGuide>