<?xml version="1.0" encoding="UTF-8"?><ValueSet xmlns="http://hl7.org/fhir"><id value="NoDomainVitalSignsObservationBodyExposure"/><meta><lastUpdated value="2021-03-17T00:00:00+00:00"/><profile value="http://hl7.org/fhir/StructureDefinition/shareablevalueset"/></meta><text><status value="generated"/><div xmlns="http://www.w3.org/1999/xhtml"><p class="res-header-id"><b>Generated Narrative: ValueSet NoDomainVitalSignsObservationBodyExposure</b></p><a name="NoDomainVitalSignsObservationBodyExposure"> </a><a name="hcNoDomainVitalSignsObservationBodyExposure"> </a><a name="NoDomainVitalSignsObservationBodyExposure-no-NO"> </a><div style="display: inline-block; background-color: #d9e0e7; padding: 6px; margin: 4px; border: 1px solid #8da1b4; border-radius: 5px; line-height: 60%"><p style="margin-bottom: 0px">Last updated: 2021-03-17 00:00:00+0000</p><p style="margin-bottom: 0px">Profile: <a href="http://hl7.org/fhir/R4/shareablevalueset.html">Shareable ValueSet</a></p></div><ul><li>Include these codes as defined in <a href="http://www.snomed.org/"><code>http://snomed.info/sct</code></a><table class="none"><tr><td style="white-space:nowrap"><b>Code</b></td><td><b>Display</b></td></tr><tr><td><a href="http://snomed.info/id/5671000202107">5671000202107</a></td><td>Naken</td></tr><tr><td><a href="http://snomed.info/id/5601000202102">5601000202102</a></td><td>Økt påkledning/tildekking</td></tr><tr><td><a href="http://snomed.info/id/5611000202100">5611000202100</a></td><td>Passende påkledning/tildekking</td></tr><tr><td><a href="http://snomed.info/id/5591000202105">5591000202105</a></td><td>Redusert påkledning/tildekking</td></tr></table></li></ul></div></text><extension url="http://hl7.org/fhir/StructureDefinition/structuredefinition-wg"><valueCode value="fhir"/></extension><extension url="http://hl7.org/fhir/StructureDefinition/structuredefinition-standards-status"><valueCode value="draft"/></extension><extension url="http://hl7.org/fhir/StructureDefinition/structuredefinition-fmm"><valueInteger value="1"/></extension><url value="http://hl7.no/fhir/ValueSet/NoDomainVitalSignsObservationBodyExposure"/><version value="0.7.5"/><name value="NoDomainVitalSignsObservationBodyExposure"/><title value="NoDomainVitalSignsObservationBodyExposure"/><status value="draft"/><experimental value="false"/><date value="2021-03-17T00:00:00+00:00"/><description value="Codes representing body exposure"/><jurisdiction><coding><system value="urn:iso:std:iso:3166"/><code value="NO"/><display value="Norway"/></coding></jurisdiction><compose><include><system value="http://snomed.info/sct"/><concept><code value="5671000202107"/><display value="Naken"/></concept><concept><code value="5601000202102"/><display value="Økt påkledning/tildekking"/></concept><concept><code value="5611000202100"/><display value="Passende påkledning/tildekking"/></concept><concept><code value="5591000202105"/><display value="Redusert påkledning/tildekking"/></concept></include></compose></ValueSet>