<?xml version="1.0" encoding="UTF-8"?><ValueSet xmlns="http://hl7.org/fhir"><id value="NoDomainVitalSignsPulsMeasurmentMethod"/><text><status value="generated"/><div xmlns="http://www.w3.org/1999/xhtml"><ul><li>Include these codes as defined in <a href="http://www.snomed.org/"><code>http://snomed.info/sct</code></a><table class="none"><tr><td style="white-space:nowrap"><b>Code</b></td><td><b>Display</b></td></tr><tr><td><a href="http://snomed.info/id/129436005">129436005</a></td><td>Auskultasjon</td></tr><tr><td><a href="http://snomed.info/id/37931006">37931006</a></td><td>Auskultasjon</td></tr><tr><td><a href="http://snomed.info/id/129434008">129434008</a></td><td>Palpasjon</td></tr><tr><td><a href="http://snomed.info/id/113011001">113011001</a></td><td>Palpasjon</td></tr></table></li></ul></div></text><url value="http://hl7.no/fhir/ValueSet/NoDomainVitalSignsPulsMeasurmentMethod"/><version value="0.5.1"/><name value="NoDomainVitalSignsPulsMeasurmentMethod"/><title value="NoDomainVitalSignsPulsMeasurmentMethod"/><status value="draft"/><date value="2024-01-17T06:56:41+00:00"/><description value="Codes representing measurement method for puls"/><jurisdiction><coding><system value="urn:iso:std:iso:3166"/><code value="NO"/><display value="Norway"/></coding></jurisdiction><compose><include><system value="http://snomed.info/sct"/><concept><code value="129436005"/><display value="Auskultasjon"/></concept><concept><code value="37931006"/><display value="Auskultasjon"/></concept><concept><code value="129434008"/><display value="Palpasjon"/></concept><concept><code value="113011001"/><display value="Palpasjon"/></concept></include></compose></ValueSet>