<?xml version="1.0" encoding="UTF-8"?><ValueSet xmlns="http://hl7.org/fhir"><id value="NoDomainVitalSignsObservationRespirationRateDepth"/><meta><lastUpdated value="2021-03-17T00:00:00+00:00"/><profile value="http://hl7.org/fhir/StructureDefinition/shareablevalueset"/></meta><text><status value="generated"/><div xmlns="http://www.w3.org/1999/xhtml"><ul><li>Include these codes as defined in <a href="http://www.snomed.org/"><code>http://snomed.info/sct</code></a><table class="none"><tr><td style="white-space:nowrap"><b>Code</b></td><td><b>Display</b></td></tr><tr><td><a href="http://snomed.info/id/289123006">289123006</a></td><td>Dyp</td></tr><tr><td><a href="http://snomed.info/id/301284009">301284009</a></td><td>Normal</td></tr><tr><td><a href="http://snomed.info/id/386616007">386616007</a></td><td>Overfladisk</td></tr><tr><td><a href="http://snomed.info/id/248587009">248587009</a></td><td>Varierende</td></tr></table></li></ul></div></text><extension url="http://hl7.org/fhir/StructureDefinition/structuredefinition-wg"><valueCode value="fhir"/></extension><extension url="http://hl7.org/fhir/StructureDefinition/structuredefinition-standards-status"><valueCode value="draft"/></extension><extension url="http://hl7.org/fhir/StructureDefinition/structuredefinition-fmm"><valueInteger value="1"/></extension><url value="http://hl7.no/fhir/ValueSet/NoDomainVitalSignsObservationRespirationRateDepth"/><version value="0.5.1"/><name value="NoDomainVitalSignsObservationRespirationRateDepth"/><title value="NoDomainVitalSignsObservationRespirationRateDepth"/><status value="draft"/><experimental value="false"/><date value="2021-03-17T00:00:00+00:00"/><publisher value="FHIR Project team"/><description value="Codes representing depth for respiration rate"/><jurisdiction><coding><system value="urn:iso:std:iso:3166"/><code value="NO"/><display value="Norway"/></coding></jurisdiction><compose><include><system value="http://snomed.info/sct"/><concept><code value="289123006"/><display value="Dyp"/></concept><concept><code value="301284009"/><display value="Normal"/></concept><concept><code value="386616007"/><display value="Overfladisk"/></concept><concept><code value="248587009"/><display value="Varierende"/></concept></include></compose></ValueSet>