<?xml version="1.0" encoding="UTF-8"?><ValueSet xmlns="http://hl7.org/fhir"><id value="NoDomainVitalSignsObservationBodyTempBodySite"/><meta><lastUpdated value="2021-03-17T00:00:00+00:00"/><profile value="http://hl7.org/fhir/StructureDefinition/shareablevalueset"/></meta><text><status value="generated"/><div xmlns="http://www.w3.org/1999/xhtml"><ul><li>Include these codes as defined in <a href="http://www.snomed.org/"><code>http://snomed.info/sct</code></a><table class="none"><tr><td style="white-space:nowrap"><b>Code</b></td><td><b>Display</b></td></tr><tr><td><a href="http://snomed.info/id/91470000">91470000</a></td><td>Armhule</td></tr><tr><td><a href="http://snomed.info/id/34402009">34402009</a></td><td>Endetarm</td></tr><tr><td><a href="http://snomed.info/id/39937001">39937001</a></td><td>Hud</td></tr><tr><td><a href="http://snomed.info/id/59820001">59820001</a></td><td>Intravaskulært</td></tr><tr><td><a href="http://snomed.info/id/26893007">26893007</a></td><td>Lyske</td></tr><tr><td><a href="http://snomed.info/id/122861001">122861001</a></td><td>Munn</td></tr><tr><td><a href="http://snomed.info/id/71836000">71836000</a></td><td>Nesesvelg</td></tr><tr><td><a href="http://snomed.info/id/42859004">42859004</a></td><td>Øre</td></tr><tr><td><a href="http://snomed.info/id/52795006">52795006</a></td><td>Panne</td></tr><tr><td><a href="http://snomed.info/id/76784001">76784001</a></td><td>Skjede</td></tr><tr><td><a href="http://snomed.info/id/32849002">32849002</a></td><td>Spiserør</td></tr><tr><td><a href="http://snomed.info/id/450721000">450721000</a></td><td>Tinning</td></tr><tr><td><a href="http://snomed.info/id/89837001">89837001</a></td><td>Urinblære</td></tr></table></li></ul></div></text><extension url="http://hl7.org/fhir/StructureDefinition/structuredefinition-wg"><valueCode value="oo"/></extension><extension url="http://hl7.org/fhir/StructureDefinition/structuredefinition-standards-status"><valueCode value="draft"/></extension><extension url="http://hl7.org/fhir/StructureDefinition/structuredefinition-fmm"><valueInteger value="1"/></extension><url value="http://hl7.no/fhir/ValueSet/NoDomainVitalSignsObservationBodyTempBodySite"/><version value="0.7.4"/><name value="NoDomainVitalSignsObservationBodyTempBodySite"/><title value="NoDomainVitalSignsObservationBodyTempBodySite"/><status value="draft"/><experimental value="false"/><date value="2021-03-17T00:00:00+00:00"/><contact><telecom><system value="url"/><value value="http://hl7.org/fhir"/></telecom></contact><description value="Codes representing body site for body temperature"/><jurisdiction><coding><system value="urn:iso:std:iso:3166"/><code value="NO"/><display value="Norway"/></coding></jurisdiction><compose><include><system value="http://snomed.info/sct"/><concept><code value="91470000"/><display value="Armhule"/></concept><concept><code value="34402009"/><display value="Endetarm"/></concept><concept><code value="39937001"/><display value="Hud"/></concept><concept><code value="59820001"/><display value="Intravaskulært"/></concept><concept><code value="26893007"/><display value="Lyske"/></concept><concept><code value="122861001"/><display value="Munn"/></concept><concept><code value="71836000"/><display value="Nesesvelg"/></concept><concept><code value="42859004"/><display value="Øre"/></concept><concept><code value="52795006"/><display value="Panne"/></concept><concept><code value="76784001"/><display value="Skjede"/></concept><concept><code value="32849002"/><display value="Spiserør"/></concept><concept><code value="450721000"/><display value="Tinning"/></concept><concept><code value="89837001"/><display value="Urinblære"/></concept></include></compose></ValueSet>