<?xml version="1.0" encoding="UTF-8"?><ValueSet xmlns="http://hl7.org/fhir"><id value="NoDomainVitalSignsObservationPulseRhythmIrregularity"/><meta><lastUpdated value="2021-03-17T00:00:00+00:00"/><profile value="http://hl7.org/fhir/StructureDefinition/shareablevalueset"/></meta><text><status value="generated"/><div xmlns="http://www.w3.org/1999/xhtml"><p class="res-header-id"><b>Generated Narrative: ValueSet NoDomainVitalSignsObservationPulseRhythmIrregularity</b></p><a name="NoDomainVitalSignsObservationPulseRhythmIrregularity"> </a><a name="hcNoDomainVitalSignsObservationPulseRhythmIrregularity"> </a><a name="NoDomainVitalSignsObservationPulseRhythmIrregularity-no-NO"> </a><div style="display: inline-block; background-color: #d9e0e7; padding: 6px; margin: 4px; border: 1px solid #8da1b4; border-radius: 5px; line-height: 60%"><p style="margin-bottom: 0px">Last updated: 2021-03-17 00:00:00+0000</p><p style="margin-bottom: 0px">Profile: <a href="http://hl7.org/fhir/R4/shareablevalueset.html">Shareable ValueSet</a></p></div><ul><li>Include these codes as defined in <a href="http://www.snomed.org/"><code>http://snomed.info/sct</code></a><table class="none"><tr><td style="white-space:nowrap"><b>Code</b></td><td><b>Display</b></td></tr><tr><td><a href="http://snomed.info/id/271638000">271638000</a></td><td>Regelmessig uregelmessig</td></tr><tr><td><a href="http://snomed.info/id/271637005">271637005</a></td><td>Uregelmessig uregelmessig</td></tr></table></li></ul></div></text><extension url="http://hl7.org/fhir/StructureDefinition/structuredefinition-wg"><valueCode value="oo"/></extension><extension url="http://hl7.org/fhir/StructureDefinition/structuredefinition-standards-status"><valueCode value="draft"/></extension><extension url="http://hl7.org/fhir/StructureDefinition/structuredefinition-fmm"><valueInteger value="1"/></extension><url value="http://hl7.no/fhir/ValueSet/NoDomainVitalSignsObservationPulseRhythmIrregularity"/><version value="0.7.7"/><name value="NoDomainVitalSignsObservationPulseRhythmIrregularity"/><title value="NoDomainVitalSignsObservationPulseRhythmIrregularity"/><status value="draft"/><experimental value="false"/><date value="2021-03-17T00:00:00+00:00"/><contact><telecom><system value="url"/><value value="http://hl7.org/fhir"/></telecom></contact><description value="Codes representing heart rhythm irregularity for Pulse"/><jurisdiction><coding><system value="urn:iso:std:iso:3166"/><code value="NO"/><display value="Norway"/></coding></jurisdiction><compose><include><system value="http://snomed.info/sct"/><concept><code value="271638000"/><display value="Regelmessig uregelmessig"/></concept><concept><code value="271637005"/><display value="Uregelmessig uregelmessig"/></concept></include></compose></ValueSet>