<?xml version="1.0" encoding="UTF-8"?><ValueSet xmlns="http://hl7.org/fhir"><id value="NoDomainVitalSignsRespirationRateBodyPositionValueSet"/><meta><lastUpdated value="2025-01-28T00:00:00+00:00"/><profile value="http://hl7.org/fhir/StructureDefinition/shareablevalueset"/></meta><text><status value="generated"/><div xmlns="http://www.w3.org/1999/xhtml"><p class="res-header-id"><b>Generated Narrative: ValueSet NoDomainVitalSignsRespirationRateBodyPositionValueSet</b></p><a name="NoDomainVitalSignsRespirationRateBodyPositionValueSet"> </a><a name="hcNoDomainVitalSignsRespirationRateBodyPositionValueSet"> </a><a name="NoDomainVitalSignsRespirationRateBodyPositionValueSet-no-NO"> </a><div style="display: inline-block; background-color: #d9e0e7; padding: 6px; margin: 4px; border: 1px solid #8da1b4; border-radius: 5px; line-height: 60%"><p style="margin-bottom: 0px">Last updated: 2025-01-28 00:00:00+0000</p><p style="margin-bottom: 0px">Profile: <a href="http://hl7.org/fhir/R4/shareablevalueset.html">Shareable ValueSet</a></p></div><ul><li>Include these codes as defined in <a href="http://www.snomed.org/"><code>http://snomed.info/sct</code></a><table class="none"><tr><td style="white-space:nowrap"><b>Code</b></td><td><b>Display</b></td></tr><tr><td><a href="http://snomed.info/id/1240000">1240000</a></td><td>Mageleie</td></tr><tr><td><a href="http://snomed.info/id/40199007">40199007</a></td><td>Ryggleie</td></tr><tr><td><a href="http://snomed.info/id/33586001">33586001</a></td><td>Sittende</td></tr><tr><td><a href="http://snomed.info/id/10904000">10904000</a></td><td>oppreist stilling</td></tr><tr><td><a href="http://snomed.info/id/272580008">272580008</a></td><td>Tilbakelent</td></tr></table></li></ul></div></text><extension url="http://hl7.org/fhir/StructureDefinition/structuredefinition-wg"><valueCode value="fhir"/></extension><extension url="http://hl7.org/fhir/StructureDefinition/structuredefinition-standards-status"><valueCode value="draft"/></extension><extension url="http://hl7.org/fhir/StructureDefinition/structuredefinition-fmm"><valueInteger value="1"/></extension><url value="http://hl7.no/fhir/no-domain/vitalsigns/ValueSet/NoDomainVitalSignsRespirationRateBodyPositionValueSet"/><version value="0.9.1"/><name value="NoDomainVitalSignsRespirationRateBodyPositionValueSet"/><title value="NoDomainVitalSignsRespirationRateBodyPosition-ValueSet"/><status value="draft"/><experimental value="false"/><date value="2025-06-14T07:54:50+00:00"/><publisher value="HL7 Norway"/><contact><name value="HL7 Norway"/><telecom><system value="url"/><value value="http://www.hl7.no"/></telecom></contact><description value="Codes representing body position for respiration rate"/><jurisdiction><coding><system value="urn:iso:std:iso:3166"/><code value="NO"/><display value="Norway"/></coding></jurisdiction><copyright value="This resource includes content from SNOMED Clinical Terms® (SNOMED CT®) which is copyright of the International Health Terminology Standards Development Organisation (IHTSDO). Implementers of these specifications must have the appropriate SNOMED CT Affiliate license - for more information contact http://www.snomed.org/snomed-ct/get-snomed-ct or info@snomed.org"/><compose><include><system value="http://snomed.info/sct"/><concept><code value="1240000"/><display value="Mageleie"/></concept><concept><code value="40199007"/><display value="Ryggleie"/></concept><concept><code value="33586001"/><display value="Sittende"/></concept><concept><code value="10904000"/><display value="oppreist stilling"/></concept><concept><code value="272580008"/><display value="Tilbakelent"/></concept></include></compose></ValueSet>