<?xml version="1.0" encoding="UTF-8"?><ValueSet xmlns="http://hl7.org/fhir"><id value="NoDomainVitalSignsObservationCuffsize"/><meta><lastUpdated value="2021-03-17T00:00:00+00:00"/><profile value="http://hl7.org/fhir/StructureDefinition/shareablevalueset"/></meta><text><status value="generated"/><div xmlns="http://www.w3.org/1999/xhtml"><ul><li>Include these codes as defined in <a href="http://www.snomed.org/"><code>http://snomed.info/sct</code></a><table class="none"><tr><td style="white-space:nowrap"><b>Code</b></td><td><b>Display</b></td></tr><tr><td><a href="http://snomed.info/id/720740000">720740000</a></td><td>Lår voksne</td></tr><tr><td><a href="http://snomed.info/id/720738005">720738005</a></td><td>Store voksne</td></tr><tr><td><a href="http://snomed.info/id/757991000202117">757991000202117</a></td><td>Voksne</td></tr><tr><td><a href="http://snomed.info/id/720739002">720739002</a></td><td>Små voksne</td></tr><tr><td><a href="http://snomed.info/id/720736009">720736009</a></td><td>Barn</td></tr><tr><td><a href="http://snomed.info/id/4281000202107">4281000202107</a></td><td>Spedbarn</td></tr><tr><td><a href="http://snomed.info/id/4231000202108">4231000202108</a></td><td>Neonatal</td></tr></table></li></ul></div></text><extension url="http://hl7.org/fhir/StructureDefinition/structuredefinition-wg"><valueCode value="oo"/></extension><extension url="http://hl7.org/fhir/StructureDefinition/structuredefinition-standards-status"><valueCode value="draft"/></extension><extension url="http://hl7.org/fhir/StructureDefinition/structuredefinition-fmm"><valueInteger value="1"/></extension><url value="http://hl7.no/fhir/ValueSet/NoDomainVitalSignsObservationCuffsize"/><version value="0.5.1"/><name value="NoDomainVitalSignsObservationCuffsize"/><title value="NoDomainVitalSignsObservationCuffsize"/><status value="draft"/><experimental value="false"/><date value="2021-03-17T00:00:00+00:00"/><publisher value="FHIR Project team"/><description value="Codes representing cuff size"/><jurisdiction><coding><system value="urn:iso:std:iso:3166"/><code value="NO"/><display value="Norway"/></coding></jurisdiction><compose><include><system value="http://snomed.info/sct"/><concept><code value="720740000"/><display value="Lår voksne"/></concept><concept><code value="720738005"/><display value="Store voksne"/></concept><concept><code value="757991000202117"/><display value="Voksne"/></concept><concept><code value="720739002"/><display value="Små voksne"/></concept><concept><code value="720736009"/><display value="Barn"/></concept><concept><code value="4281000202107"/><display value="Spedbarn"/></concept><concept><code value="4231000202108"/><display value="Neonatal"/></concept></include></compose></ValueSet>