<?xml version="1.0" encoding="UTF-8"?><ValueSet xmlns="http://hl7.org/fhir"><id value="NoDomainVitalSignsObservationBloodpressureBodySite"/><meta><lastUpdated value="2023-09-13T00:00:00+00:00"/><profile value="http://hl7.org/fhir/StructureDefinition/shareablevalueset"/></meta><text><status value="generated"/><div xmlns="http://www.w3.org/1999/xhtml"><ul><li>Import all the codes that are contained in http://und-sandbox.norwayeast.cloudapp.azure.com:8080/fhir/ValueSet/44ebee90-2e04-42bd-a990-584fd954744f</li></ul></div></text><extension url="http://hl7.org/fhir/StructureDefinition/structuredefinition-wg"><valueCode value="oo"/></extension><extension url="http://hl7.org/fhir/StructureDefinition/structuredefinition-standards-status"><valueCode value="draft"/></extension><extension url="http://hl7.org/fhir/StructureDefinition/structuredefinition-fmm"><valueInteger value="1"/></extension><url value="http://hl7.no/fhir/ValueSet/NoDomainVitalSignsObservationBloodpressureBodySite"/><version value="0.5.0"/><name value="NoDomainVitalSignsObservationBloodpressureBodySite"/><title value="NoDomainVitalSignsObservationBloodpressureBodySite"/><status value="draft"/><experimental value="true"/><date value="2023-09-13T00:00:00+00:00"/><publisher value="HL7 Norway"/><contact><telecom><system value="url"/><value value="http://hl7.org/fhir"/></telecom></contact><description value="Include codes representing body site for blood pressure as used in HL7 Norway no-domain profiles, codes included from SNOMED CT valueset"/><jurisdiction><coding><system value="urn:iso:std:iso:3166"/><code value="NO"/><display value="Norway"/></coding></jurisdiction><compose><include><valueSet value="http://und-sandbox.norwayeast.cloudapp.azure.com:8080/fhir/ValueSet/44ebee90-2e04-42bd-a990-584fd954744f"/></include></compose></ValueSet>