<?xml version="1.0" encoding="UTF-8"?><ValueSet xmlns="http://hl7.org/fhir"><id value="NoDomainVitalSignsPulseMeasurmentMethod"/><meta><lastUpdated value="2021-03-17T00:00:00+00:00"/><profile value="http://hl7.org/fhir/StructureDefinition/shareablevalueset"/></meta><text><status value="generated"/><div xmlns="http://www.w3.org/1999/xhtml"><ul><li>Include these codes as defined in <a href="http://www.snomed.org/"><code>http://snomed.info/sct</code></a><table class="none"><tr><td style="white-space:nowrap"><b>Code</b></td><td><b>Display</b></td></tr><tr><td><a href="http://snomed.info/id/129436005">129436005</a></td><td>Auskultasjon</td></tr><tr><td><a href="http://snomed.info/id/37931006">37931006</a></td><td>Auskultasjon</td></tr><tr><td><a href="http://snomed.info/id/129434008">129434008</a></td><td>Palpasjon</td></tr><tr><td><a href="http://snomed.info/id/113011001">113011001</a></td><td>Palpasjon</td></tr></table></li></ul></div></text><extension url="http://hl7.org/fhir/StructureDefinition/structuredefinition-wg"><valueCode value="fhir"/></extension><extension url="http://hl7.org/fhir/StructureDefinition/structuredefinition-standards-status"><valueCode value="draft"/></extension><extension url="http://hl7.org/fhir/StructureDefinition/structuredefinition-fmm"><valueInteger value="1"/></extension><url value="http://hl7.no/fhir/ValueSet/NoDomainVitalSignsPulseMeasurmentMethod"/><version value="0.6.3"/><name value="NoDomainVitalSignsPulseMeasurmentMethod"/><title value="NoDomainVitalSignsPulseMeasurmentMethod"/><status value="draft"/><experimental value="false"/><date value="2021-03-17T00:00:00+00:00"/><publisher value="FHIR Project team"/><description value="Codes representing measurement method for pulse"/><jurisdiction><coding><system value="urn:iso:std:iso:3166"/><code value="NO"/><display value="Norway"/></coding></jurisdiction><compose><include><system value="http://snomed.info/sct"/><concept><code value="129436005"/><display value="Auskultasjon"/></concept><concept><code value="37931006"/><display value="Auskultasjon"/></concept><concept><code value="129434008"/><display value="Palpasjon"/></concept><concept><code value="113011001"/><display value="Palpasjon"/></concept></include></compose></ValueSet>