<?xml version="1.0" encoding="UTF-8"?><ValueSet xmlns="http://hl7.org/fhir"><id value="NoDomainVitalSignsObservationPrePostduktalVS"/><meta><lastUpdated value="2021-03-17T00:00:00+00:00"/><profile value="http://hl7.org/fhir/StructureDefinition/shareablevalueset"/></meta><text><status value="generated"/><div xmlns="http://www.w3.org/1999/xhtml"><ul><li>Include these codes as defined in <a href="http://www.snomed.org/"><code>http://snomed.info/sct</code></a><table class="none"><tr><td style="white-space:nowrap"><b>Code</b></td><td><b>Display</b></td></tr><tr><td><a href="http://snomed.info/id/1541">1541</a></td><td>Preduktal</td></tr><tr><td><a href="http://snomed.info/id/1542">1542</a></td><td>Postduktalt</td></tr><tr><td><a href="http://snomed.info/id/1543">1543</a></td><td>Ubestemmelig</td></tr></table></li></ul></div></text><extension url="http://hl7.org/fhir/StructureDefinition/structuredefinition-wg"><valueCode value="oo"/></extension><extension url="http://hl7.org/fhir/StructureDefinition/structuredefinition-standards-status"><valueCode value="draft"/></extension><extension url="http://hl7.org/fhir/StructureDefinition/structuredefinition-fmm"><valueInteger value="1"/></extension><url value="http://hl7.no/fhir/ValueSet/NoDomainVitalSignsObservationPrePostduktalVS"/><version value="0.0.1-alpha"/><name value="NoDomainVitalSignsObservationPrePostduktalVS"/><status value="draft"/><experimental value="false"/><date value="2021-03-17T00:00:00+00:00"/><contact><telecom><system value="url"/><value value="http://hl7.org/fhir"/></telecom></contact><description value="Codes representing pre/post ductal"/><jurisdiction><coding><system value="urn:iso:std:iso:3166"/><code value="NO"/><display value="Norway"/></coding></jurisdiction><compose><include><system value="http://snomed.info/sct"/><concept><code value="1541"/><display value="Preduktal"/></concept><concept><code value="1542"/><display value="Postduktalt"/></concept><concept><code value="1543"/><display value="Ubestemmelig"/></concept></include></compose></ValueSet>