{
  "resourceType" : "Observation",
  "id" : "no-body-height-create",
  "meta" : {
    "lastUpdated" : "2014-01-30T22:35:23+11:00",
    "source" : "META_VISION",
    "profile" : ["http://hl7.no/fhir/StructureDefinition/NoDomainVitalSignsObservationBodyHeight"]
  },
  "text" : {
    "status" : "extensions",
    "div" : "<div xmlns=\"http://www.w3.org/1999/xhtml\"><p><b>Generated Narrative: Observation</b><a name=\"no-body-height-create\"> </a></p><div style=\"display: inline-block; background-color: #d9e0e7; padding: 6px; margin: 4px; border: 1px solid #8da1b4; border-radius: 5px; line-height: 60%\"><p style=\"margin-bottom: 0px\">Resource Observation &quot;no-body-height-create&quot; Updated &quot;2014-01-30 22:35:23+1100&quot; </p><p style=\"margin-bottom: 0px\">Information Source: META_VISION!</p><p style=\"margin-bottom: 0px\">Profile: <a href=\"StructureDefinition-NoDomainVitalSignsObservationBodyHeight.html\">NO Domain VitalSigns Observation - Body Height</a></p></div><p><b>NoDomainVitalSignsObservationBodyHeightBodyPosition</b>: Stående (Details: SNOMED CT code 10904000 = 'Orthostatic body position', stated as 'Stående')</p><p><b>status</b>: final</p><p><b>category</b>: Vital Signs <span style=\"background: LightGoldenRodYellow; margin: 4px; border: 1px solid khaki\"> (<a href=\"http://terminology.hl7.org/5.3.0/CodeSystem-observation-category.html\">Observation Category Codes</a>#vital-signs)</span></p><p><b>code</b>: Body height <span style=\"background: LightGoldenRodYellow; margin: 4px; border: 1px solid khaki\"> (<a href=\"https://loinc.org/\">LOINC</a>#8302-2; <a href=\"https://browser.ihtsdotools.org/\">SNOMED CT</a>#50373000)</span></p><p><b>subject</b>: <span>id:\u00a01000807</span></p><p><b>effective</b>: 2021-05-10</p><p><b>performer</b>: </p><ul><li><span>id:\u00a0889911</span></li><li><a href=\"Organization-afa23.html\">Organization/afa23</a></li></ul><p><b>value</b>: 156 cm<span style=\"background: LightGoldenRodYellow\"> (Details: UCUM code cm = 'cm')</span></p><p><b>note</b>: Demo Body Height</p></div>"
  },
  "extension" : [{
    "url" : "http://hl7.no/fhir/StructureDefinition/NoDomainVitalSignsObservationBodyHeightBodyPosition",
    "valueCoding" : {
      "system" : "http://snomed.info/sct",
      "code" : "10904000",
      "display" : "Stående"
    }
  }],
  "status" : "final",
  "category" : [{
    "coding" : [{
      "system" : "http://terminology.hl7.org/CodeSystem/observation-category",
      "code" : "vital-signs",
      "display" : "Vital Signs"
    }]
  }],
  "code" : {
    "coding" : [{
      "system" : "http://loinc.org",
      "code" : "8302-2",
      "display" : "Body height"
    },
    {
      "system" : "http://snomed.info/sct",
      "code" : "50373000"
    }]
  },
  "subject" : {
    "identifier" : {
      "system" : "urn:oid:2.16.578.1.12.4.1.4.1",
      "value" : "1000807"
    }
  },
  "effectiveDateTime" : "2021-05-10",
  "performer" : [{
    "identifier" : {
      "system" : "urn:oid:2.16.578.1.12.4.1.2",
      "value" : "889911"
    }
  },
  {
    "reference" : "Organization/afa23",
    "identifier" : {
      "system" : "urn:oid:1.3.6.1.4.1.9038.70.3",
      "value" : "23"
    }
  }],
  "valueQuantity" : {
    "value" : 156,
    "unit" : "cm",
    "system" : "http://unitsofmeasure.org",
    "code" : "cm"
  },
  "note" : [{
    "text" : "Demo Body Height"
  }]
}