{
  "resourceType" : "Observation",
  "id" : "no-heart-rate-create",
  "meta" : {
    "versionId" : "0",
    "lastUpdated" : "2014-01-30T22:35:23+11:00",
    "source" : "HL7_Norway",
    "profile" : ["http://hl7.no/fhir/no-domain/vitalsigns/StructureDefinition/no-domain-VitalSigns-Observation-heartrate"]
  },
  "text" : {
    "status" : "extensions",
    "div" : "<div xmlns=\"http://www.w3.org/1999/xhtml\"><p class=\"res-header-id\"><b>Generated Narrative: Observation no-heart-rate-create</b></p><a name=\"no-heart-rate-create\"> </a><a name=\"hcno-heart-rate-create\"> </a><div style=\"display: inline-block; background-color: #d9e0e7; padding: 6px; margin: 4px; border: 1px solid #8da1b4; border-radius: 5px; line-height: 60%\"><p style=\"margin-bottom: 0px\">version: 0; Last updated: 2014-01-30 22:35:23+1100; </p><p style=\"margin-bottom: 0px\">Information Source: <a href=\"https://simplifier.net/resolve?scope=hl7.fhir.no.basis@2.2.0&amp;canonical=http://fhir.org/packages/hl7.fhir.no.basis/HL7_Norway\">HL7_Norway</a></p><p style=\"margin-bottom: 0px\">Profile: <a href=\"StructureDefinition-no-domain-VitalSigns-Observation-heartrate.html\">no-domain-VitalSigns-Observation-heartrate Profile</a></p></div><p><b>NoDomainVitalSignsConfoundingFactor-Extension</b>: <span title=\"Codes:\">sample confounding factor</span></p><p><b>NoDomainVitalSignsHeartRhythmIrregularity-Extension</b>: <a href=\"http://snomed.info/id/248652003\">SNOMED CT 248652003</a>: Regelmessig uregelmessig</p><p><b>NoDomainVitalSignsClinicalDescription-Extension</b>: </p><blockquote><div><p>Clinical description sample</p>\n</div></blockquote><p><b>NoDomainVitalSignsHeartRatePulseBodyPosition-Extension</b>: <a href=\"http://snomed.info/id/33586001\">SNOMED CT 33586001</a>: Sittende</p><p><b>status</b>: Final</p><p><b>category</b>: <span title=\"Codes:{http://terminology.hl7.org/CodeSystem/observation-category vital-signs}\">Vital Signs</span></p><p><b>code</b>: <span title=\"Codes:{http://loinc.org 8867-4}, {http://snomed.info/sct 364075005}\">Heart rate</span></p><p><b>subject</b>: <a href=\"Patient-cdp1000240.html\">Anonymous Patient (no stated gender), DoB Unknown ( urn:oid:2.16.578.1.12.4.1.4.1#1000240)</a></p><p><b>effective</b>: 2021-05-10</p><p><b>performer</b>: </p><ul><li>Identifier: <code>urn:oid:2.16.578.1.12.4.1.2</code>/889911</li><li><a href=\"Organization-afa23.html\">Organization: identifier = urn:oid:1.3.6.1.4.1.9038.70.3#23</a></li></ul><p><b>value</b>: 61 /min<span style=\"background: LightGoldenRodYellow\"> (Details: UCUM  code/min = '/min')</span></p><p><b>note</b>: </p><blockquote><div><p>Demo heart rate</p>\n</div></blockquote><p><b>bodySite</b>: <span title=\"Codes:{http://snomed.info/sct 80891009}\">Hjerte</span></p><p><b>method</b>: <span title=\"Codes:{http://snomed.info/sct 37931006}\">Auskultasjon</span></p></div>"
  },
  "extension" : [{
    "url" : "http://hl7.no/fhir/no-domain/vitalsigns/StructureDefinition/NoDomainVitalSignsConfoundingFactorExtension",
    "valueCodeableConcept" : {
      "text" : "sample confounding factor"
    }
  },
  {
    "url" : "http://hl7.no/fhir/no-domain/vitalsigns/StructureDefinition/NoDomainVitalSignsHeartRhythmIrregularityExtension",
    "valueCoding" : {
      "system" : "http://snomed.info/sct",
      "code" : "248652003",
      "display" : "Regelmessig uregelmessig"
    }
  },
  {
    "url" : "http://hl7.no/fhir/no-domain/vitalsigns/StructureDefinition/NoDomainVitalSignsClinicalDescriptionExtension",
    "valueAnnotation" : {
      "text" : "Clinical description sample"
    }
  },
  {
    "url" : "http://hl7.no/fhir/no-domain/vitalsigns/StructureDefinition/NoDomainVitalSignsHeartRatePulseBodyPositionExtension",
    "valueCoding" : {
      "system" : "http://snomed.info/sct",
      "code" : "33586001",
      "display" : "Sittende"
    }
  }],
  "status" : "final",
  "category" : [{
    "coding" : [{
      "system" : "http://terminology.hl7.org/CodeSystem/observation-category",
      "code" : "vital-signs"
    }]
  }],
  "code" : {
    "coding" : [{
      "system" : "http://loinc.org",
      "code" : "8867-4",
      "display" : "Heart rate"
    },
    {
      "system" : "http://snomed.info/sct",
      "code" : "364075005",
      "display" : "Heart rate (observable entity)"
    }]
  },
  "subject" : {
    "reference" : "Patient/cdp1000240",
    "identifier" : {
      "system" : "urn:oid:2.16.578.1.12.4.1.4.1",
      "value" : "1000240"
    }
  },
  "effectiveDateTime" : "2021-05-10",
  "performer" : [{
    "identifier" : {
      "system" : "urn:oid:2.16.578.1.12.4.1.2",
      "value" : "889911"
    }
  },
  {
    "reference" : "Organization/afa23",
    "identifier" : {
      "system" : "urn:oid:1.3.6.1.4.1.9038.70.3",
      "value" : "23"
    }
  }],
  "valueQuantity" : {
    "value" : 61,
    "unit" : "/min",
    "system" : "http://unitsofmeasure.org",
    "code" : "/min"
  },
  "note" : [{
    "text" : "Demo heart rate"
  }],
  "bodySite" : {
    "coding" : [{
      "system" : "http://snomed.info/sct",
      "code" : "80891009",
      "display" : "Hjerte"
    }]
  },
  "method" : {
    "coding" : [{
      "system" : "http://snomed.info/sct",
      "code" : "37931006",
      "display" : "Auskultasjon"
    }]
  }
}