{
  "resourceType" : "Observation",
  "id" : "no-body-height-create",
  "meta" : {
    "lastUpdated" : "2014-01-30T22:35:23+11:00",
    "source" : "META_VISION",
    "profile" : ["http://hl7.no/fhir/StructureDefinition/NoDomainVitalSignsObservationBodyHeight"]
  },
  "text" : {
    "status" : "extensions",
    "div" : "<div xmlns=\"http://www.w3.org/1999/xhtml\"><p class=\"res-header-id\"><b>Generated Narrative: Observation no-body-height-create</b></p><a name=\"no-body-height-create\"> </a><a name=\"hcno-body-height-create\"> </a><a name=\"no-body-height-create-no-NO\"> </a><div style=\"display: inline-block; background-color: #d9e0e7; padding: 6px; margin: 4px; border: 1px solid #8da1b4; border-radius: 5px; line-height: 60%\"><p style=\"margin-bottom: 0px\">Last updated: 2014-01-30 22:35:23+1100; </p><p style=\"margin-bottom: 0px\">Information Source: <a href=\"https://simplifier.net/resolve?scope=hl7.fhir.no.basis@2.2.0&amp;canonical=http://fhir.org/packages/hl7.fhir.no.basis/META_VISION\">META_VISION</a></p><p style=\"margin-bottom: 0px\">Profile: <a href=\"StructureDefinition-NoDomainVitalSignsObservationBodyHeight.html\">NO Domain VitalSigns Observation - Body Height</a></p></div><p><b>NoDomainVitalSignsObservationBodyHeightBodyPosition</b>: <a href=\"http://snomed.info/id/10904000\">SNOMED CT 10904000</a>: Stående</p><p><b>NoDomainVitalSignsObservationConfoundingFactor</b>: <span title=\"Codes:\">sample confounding factor</span></p><p><b>status</b>: Final</p><p><b>category</b>: <span title=\"Codes:{http://terminology.hl7.org/CodeSystem/observation-category vital-signs}\">Vital Signs</span></p><p><b>code</b>: <span title=\"Codes:{http://loinc.org 8302-2}, {http://snomed.info/sct 1153637007}\">Body height</span></p><p><b>subject</b>: Identifier: <code>urn:oid:2.16.578.1.12.4.1.4.1</code>/1000807</p><p><b>effective</b>: 2021-05-10</p><p><b>performer</b>: </p><ul><li>Identifier: <code>urn:oid:2.16.578.1.12.4.1.2</code>/889911</li><li><a href=\"Organization-afa23.html\">Organization: identifier = urn:oid:1.3.6.1.4.1.9038.70.3#23</a></li></ul><p><b>value</b>: 156 cm<span style=\"background: LightGoldenRodYellow\"> (Details: UCUM  codecm = 'cm')</span></p><p><b>note</b>: Demo Body Height</p></div>"
  },
  "extension" : [{
    "url" : "http://hl7.no/fhir/StructureDefinition/NoDomainVitalSignsObservationBodyHeightBodyPosition",
    "valueCoding" : {
      "system" : "http://snomed.info/sct",
      "code" : "10904000",
      "display" : "Stående"
    }
  },
  {
    "url" : "http://hl7.no/fhir/StructureDefinition/NoDomainVitalSignsObservationConfoundingFactor",
    "valueCodeableConcept" : {
      "text" : "sample confounding factor"
    }
  }],
  "status" : "final",
  "category" : [{
    "coding" : [{
      "system" : "http://terminology.hl7.org/CodeSystem/observation-category",
      "code" : "vital-signs"
    }]
  }],
  "code" : {
    "coding" : [{
      "system" : "http://loinc.org",
      "code" : "8302-2",
      "display" : "Body height"
    },
    {
      "system" : "http://snomed.info/sct",
      "code" : "1153637007",
      "display" : "Body height"
    }]
  },
  "subject" : {
    "identifier" : {
      "system" : "urn:oid:2.16.578.1.12.4.1.4.1",
      "value" : "1000807"
    }
  },
  "effectiveDateTime" : "2021-05-10",
  "performer" : [{
    "identifier" : {
      "system" : "urn:oid:2.16.578.1.12.4.1.2",
      "value" : "889911"
    }
  },
  {
    "reference" : "Organization/afa23",
    "identifier" : {
      "system" : "urn:oid:1.3.6.1.4.1.9038.70.3",
      "value" : "23"
    }
  }],
  "valueQuantity" : {
    "value" : 156,
    "unit" : "cm",
    "system" : "http://unitsofmeasure.org",
    "code" : "cm"
  },
  "note" : [{
    "text" : "Demo Body Height"
  }]
}