{
  "resourceType" : "PractitionerRole",
  "id" : "agb30",
  "text" : {
    "status" : "generated",
    "div" : "<div xmlns=\"http://www.w3.org/1999/xhtml\"><p><b>Generated Narrative: PractitionerRole</b><a name=\"agb30\"> </a></p><div style=\"display: inline-block; background-color: #d9e0e7; padding: 6px; margin: 4px; border: 1px solid #8da1b4; border-radius: 5px; line-height: 60%\"><p style=\"margin-bottom: 0px\">Resource PractitionerRole &quot;agb30&quot; </p></div><p><b>identifier</b>: id:\u00a030</p></div>"
  },
  "identifier" : [{
    "system" : "urn:oid:1.3.6.1.4.1.9038.51.1",
    "value" : "30"
  }]
}