{
  "resourceType" : "ValueSet",
  "id" : "NoDomainVitalSignsObservationClothingState",
  "meta" : {
    "lastUpdated" : "2025-01-28T00:00:00+00:00",
    "profile" : ["http://hl7.org/fhir/StructureDefinition/shareablevalueset"]
  },
  "text" : {
    "status" : "generated",
    "div" : "<div xmlns=\"http://www.w3.org/1999/xhtml\"><p class=\"res-header-id\"><b>Generated Narrative: ValueSet NoDomainVitalSignsObservationClothingState</b></p><a name=\"NoDomainVitalSignsObservationClothingState\"> </a><a name=\"hcNoDomainVitalSignsObservationClothingState\"> </a><a name=\"NoDomainVitalSignsObservationClothingState-no-NO\"> </a><div style=\"display: inline-block; background-color: #d9e0e7; padding: 6px; margin: 4px; border: 1px solid #8da1b4; border-radius: 5px; line-height: 60%\"><p style=\"margin-bottom: 0px\">Last updated: 2025-01-28 00:00:00+0000</p><p style=\"margin-bottom: 0px\">Profile: <a href=\"http://hl7.org/fhir/R4/shareablevalueset.html\">Shareable ValueSet</a></p></div><ul><li>Include these codes as defined in <a href=\"http://www.snomed.org/\"><code>http://snomed.info/sct</code></a><table class=\"none\"><tr><td style=\"white-space:nowrap\"><b>Code</b></td><td><b>Display</b></td></tr><tr><td><a href=\"http://snomed.info/id/8121000202106\">8121000202106</a></td><td>Bleie</td></tr><tr><td><a href=\"http://snomed.info/id/8081000202108\">8081000202108</a></td><td>Fullt påkledd inklusive sko</td></tr><tr><td><a href=\"http://snomed.info/id/8091000202105\">8091000202105</a></td><td>Fullt påkledd, uten sko</td></tr><tr><td><a href=\"http://snomed.info/id/8111000202103\">8111000202103</a></td><td>Lette klær / undertøy</td></tr><tr><td><a href=\"http://snomed.info/id/8101000202100\">8101000202100</a></td><td>Naken</td></tr></table></li></ul></div>"
  },
  "extension" : [{
    "url" : "http://hl7.org/fhir/StructureDefinition/structuredefinition-wg",
    "valueCode" : "oo"
  },
  {
    "url" : "http://hl7.org/fhir/StructureDefinition/structuredefinition-standards-status",
    "valueCode" : "draft"
  },
  {
    "url" : "http://hl7.org/fhir/StructureDefinition/structuredefinition-fmm",
    "valueInteger" : 1
  }],
  "url" : "http://hl7.no/fhir/ValueSet/NoDomainVitalSignsObservationClothingState",
  "version" : "0.8.3",
  "name" : "NoDomainVitalSignsObservationClothingState",
  "title" : "NoDomainVitalSignsObservationClothingState",
  "status" : "draft",
  "experimental" : false,
  "date" : "2025-03-25T12:40:24+00:00",
  "publisher" : "HL7 Norway",
  "contact" : [{
    "name" : "HL7 Norway",
    "telecom" : [{
      "system" : "url",
      "value" : "http://www.hl7.no"
    }]
  }],
  "description" : "Codes representing level of clothing",
  "jurisdiction" : [{
    "coding" : [{
      "system" : "urn:iso:std:iso:3166",
      "code" : "NO",
      "display" : "Norway"
    }]
  }],
  "copyright" : "This resource includes content from SNOMED Clinical Terms® (SNOMED CT®) which is copyright of the International Health Terminology Standards Development Organisation (IHTSDO). Implementers of these specifications must have the appropriate SNOMED CT Affiliate license - for more information contact http://www.snomed.org/snomed-ct/get-snomed-ct or info@snomed.org",
  "compose" : {
    "include" : [{
      "system" : "http://snomed.info/sct",
      "concept" : [{
        "code" : "8121000202106",
        "display" : "Bleie"
      },
      {
        "code" : "8081000202108",
        "display" : "Fullt påkledd inklusive sko"
      },
      {
        "code" : "8091000202105",
        "display" : "Fullt påkledd, uten sko"
      },
      {
        "code" : "8111000202103",
        "display" : "Lette klær / undertøy"
      },
      {
        "code" : "8101000202100",
        "display" : "Naken"
      }]
    }]
  }
}