{
  "resourceType" : "ValueSet",
  "id" : "NoDomainVitalSignsObservationCuffsize",
  "meta" : {
    "lastUpdated" : "2021-03-17T00:00:00+00:00",
    "profile" : ["http://hl7.org/fhir/StructureDefinition/shareablevalueset"]
  },
  "text" : {
    "status" : "generated",
    "div" : "<div xmlns=\"http://www.w3.org/1999/xhtml\"><ul><li>Include these codes as defined in <a href=\"http://www.snomed.org/\"><code>http://snomed.info/sct</code></a><table class=\"none\"><tr><td style=\"white-space:nowrap\"><b>Code</b></td><td><b>Display</b></td></tr><tr><td><a href=\"http://snomed.info/id/720736009\">720736009</a></td><td>Barn</td></tr><tr><td><a href=\"http://snomed.info/id/720740000\">720740000</a></td><td>Lår voksne</td></tr><tr><td><a href=\"http://snomed.info/id/4231000202108\">4231000202108</a></td><td>Neonatal</td></tr><tr><td><a href=\"http://snomed.info/id/720737000\">720737000</a></td><td>Små voksne</td></tr><tr><td><a href=\"http://snomed.info/id/4281000202107\">4281000202107</a></td><td>Spedbarn</td></tr></table></li></ul></div>"
  },
  "extension" : [{
    "url" : "http://hl7.org/fhir/StructureDefinition/structuredefinition-wg",
    "valueCode" : "oo"
  },
  {
    "url" : "http://hl7.org/fhir/StructureDefinition/structuredefinition-standards-status",
    "valueCode" : "draft"
  },
  {
    "url" : "http://hl7.org/fhir/StructureDefinition/structuredefinition-fmm",
    "valueInteger" : 1
  }],
  "url" : "http://hl7.no/fhir/ValueSet/NoDomainVitalSignsObservationCuffsize",
  "version" : "0.6.0",
  "name" : "NoDomainVitalSignsObservationCuffsize",
  "title" : "NoDomainVitalSignsObservationCuffsize",
  "status" : "draft",
  "experimental" : false,
  "date" : "2021-03-17T00:00:00+00:00",
  "publisher" : "FHIR Project team",
  "description" : "Codes representing cuff size",
  "jurisdiction" : [{
    "coding" : [{
      "system" : "urn:iso:std:iso:3166",
      "code" : "NO",
      "display" : "Norway"
    }]
  }],
  "compose" : {
    "include" : [{
      "system" : "http://snomed.info/sct",
      "concept" : [{
        "code" : "720736009",
        "display" : "Barn"
      },
      {
        "code" : "720740000",
        "display" : "Lår voksne"
      },
      {
        "code" : "4231000202108",
        "display" : "Neonatal"
      },
      {
        "code" : "720737000",
        "display" : "Små voksne"
      },
      {
        "code" : "4281000202107",
        "display" : "Spedbarn"
      }]
    }]
  }
}