{
  "resourceType" : "ValueSet",
  "id" : "NoDomainVitalSignsObservationHeartRateBodySite",
  "meta" : {
    "lastUpdated" : "2021-03-17T00:00:00+00:00",
    "profile" : ["http://hl7.org/fhir/StructureDefinition/shareablevalueset"]
  },
  "text" : {
    "status" : "generated",
    "div" : "<div xmlns=\"http://www.w3.org/1999/xhtml\">Placeholder</div>"
  },
  "extension" : [{
    "url" : "http://hl7.org/fhir/StructureDefinition/structuredefinition-wg",
    "valueCode" : "oo"
  },
  {
    "url" : "http://hl7.org/fhir/StructureDefinition/structuredefinition-standards-status",
    "valueCode" : "draft"
  },
  {
    "url" : "http://hl7.org/fhir/StructureDefinition/structuredefinition-fmm",
    "valueInteger" : 1
  }],
  "url" : "http://hl7.no/fhir/ValueSet/NoDomainVitalSignsObservationHeartRateBodySite",
  "version" : "0.1.0",
  "name" : "NoDomainVitalSignsObservationHeartRateBodySite",
  "title" : "NoDomainVitalSignsObservationHeartRateBodySite",
  "status" : "draft",
  "experimental" : false,
  "date" : "2021-03-17T00:00:00+00:00",
  "publisher" : "FHIR Project team",
  "contact" : [{
    "telecom" : [{
      "system" : "url",
      "value" : "http://hl7.org/fhir"
    }]
  }],
  "description" : "Codes representing body site for heart rate",
  "jurisdiction" : [{
    "coding" : [{
      "system" : "urn:iso:std:iso:3166",
      "code" : "NO",
      "display" : "Norway"
    }]
  }],
  "compose" : {
    "include" : [{
      "system" : "http://snomed.info/sct",
      "concept" : [{
        "code" : "368504007",
        "display" : "Radialisarterien, venstre"
      },
      {
        "code" : "368503001",
        "display" : "Radialisarterien, høyre"
      },
      {
        "code" : "721028001",
        "display" : "Carotisarterien, venstre"
      },
      {
        "code" : "721033002",
        "display" : "Carotisarterien, høyre"
      },
      {
        "code" : "113270003",
        "display" : "Femoralisarterien, venstre"
      },
      {
        "code" : "69833005",
        "display" : "Femoralisarterien, høyre"
      },
      {
        "code" : "723962009",
        "display" : "Brachialisarterien, høyre"
      },
      {
        "code" : "723961002",
        "display" : "Brachialisarterien, venstre"
      },
      {
        "code" : "7569003",
        "display" : "Finger"
      },
      {
        "code" : "29707007",
        "display" : "Tå"
      },
      {
        "code" : "48800003",
        "display" : "Øreflipp"
      },
      {
        "code" : "364075005",
        "display" : "Hjertet"
      }]
    }]
  }
}