{
  "resourceType" : "ValueSet",
  "id" : "NoDomainVitalSignsObservationClothingState",
  "meta" : {
    "lastUpdated" : "2021-03-17T00:00:00+00:00",
    "profile" : ["http://hl7.org/fhir/StructureDefinition/shareablevalueset"]
  },
  "text" : {
    "status" : "generated",
    "div" : "<div xmlns=\"http://www.w3.org/1999/xhtml\"><ul><li>Include these codes as defined in <a href=\"http://www.snomed.org/\"><code>http://snomed.info/sct</code></a><table class=\"none\"><tr><td style=\"white-space:nowrap\"><b>Code</b></td><td><b>Display</b></td></tr><tr><td><a href=\"http://snomed.info/id/8121000202106\">8121000202106</a></td><td>Bleie</td></tr><tr><td><a href=\"http://snomed.info/id/8081000202108\">8081000202108</a></td><td>Fullt påkledd inklusive sko</td></tr><tr><td><a href=\"http://snomed.info/id/8091000202105\">8091000202105</a></td><td>Fullt påkledd, uten sko</td></tr><tr><td><a href=\"http://snomed.info/id/8111000202103\">8111000202103</a></td><td>Lette klær / undertøy</td></tr><tr><td><a href=\"http://snomed.info/id/8101000202100\">8101000202100</a></td><td>Naken</td></tr></table></li></ul></div>"
  },
  "extension" : [{
    "url" : "http://hl7.org/fhir/StructureDefinition/structuredefinition-wg",
    "valueCode" : "oo"
  },
  {
    "url" : "http://hl7.org/fhir/StructureDefinition/structuredefinition-standards-status",
    "valueCode" : "draft"
  },
  {
    "url" : "http://hl7.org/fhir/StructureDefinition/structuredefinition-fmm",
    "valueInteger" : 1
  }],
  "url" : "http://hl7.no/fhir/ValueSet/NoDomainVitalSignsObservationClothingState",
  "version" : "0.6.1",
  "name" : "NoDomainVitalSignsObservationClothingState",
  "title" : "NoDomainVitalSignsObservationClothingState",
  "status" : "draft",
  "experimental" : false,
  "date" : "2021-03-17T00:00:00+00:00",
  "publisher" : "FHIR Project team",
  "description" : "Codes representing level of clothing",
  "jurisdiction" : [{
    "coding" : [{
      "system" : "urn:iso:std:iso:3166",
      "code" : "NO",
      "display" : "Norway"
    }]
  }],
  "compose" : {
    "include" : [{
      "system" : "http://snomed.info/sct",
      "concept" : [{
        "code" : "8121000202106",
        "display" : "Bleie"
      },
      {
        "code" : "8081000202108",
        "display" : "Fullt påkledd inklusive sko"
      },
      {
        "code" : "8091000202105",
        "display" : "Fullt påkledd, uten sko"
      },
      {
        "code" : "8111000202103",
        "display" : "Lette klær / undertøy"
      },
      {
        "code" : "8101000202100",
        "display" : "Naken"
      }]
    }]
  }
}