{"resourceType":"ValueSet","id":"NoDomainVitalSignsObservationBloodpressureBodySite","meta":{"lastUpdated":"2023-09-13T00:00:00+00:00","profile":["http://hl7.org/fhir/StructureDefinition/shareablevalueset"]},"text":{"status":"generated","div":"<div xmlns=\"http://www.w3.org/1999/xhtml\"><ul><li>Import all the codes that are contained in http://und-sandbox.norwayeast.cloudapp.azure.com:8080/fhir/ValueSet/44ebee90-2e04-42bd-a990-584fd954744f</li></ul></div>"},"extension":[{"url":"http://hl7.org/fhir/StructureDefinition/structuredefinition-wg","valueCode":"oo"},{"url":"http://hl7.org/fhir/StructureDefinition/structuredefinition-standards-status","valueCode":"draft"},{"url":"http://hl7.org/fhir/StructureDefinition/structuredefinition-fmm","valueInteger":1}],"url":"http://hl7.no/fhir/ValueSet/NoDomainVitalSignsObservationBloodpressureBodySite","version":"0.5.0","name":"NoDomainVitalSignsObservationBloodpressureBodySite","title":"NoDomainVitalSignsObservationBloodpressureBodySite","status":"draft","experimental":true,"date":"2023-09-13T00:00:00+00:00","publisher":"HL7 Norway","contact":[{"telecom":[{"system":"url","value":"http://hl7.org/fhir"}]}],"description":"Include codes representing body site for blood pressure as used in HL7 Norway no-domain profiles, codes included from SNOMED CT valueset","jurisdiction":[{"coding":[{"system":"urn:iso:std:iso:3166","code":"NO","display":"Norway"}]}],"compose":{"include":[{"valueSet":["http://und-sandbox.norwayeast.cloudapp.azure.com:8080/fhir/ValueSet/44ebee90-2e04-42bd-a990-584fd954744f"]}]}}