<?xml version="1.0" encoding="UTF-8"?>

<Observation xmlns="http://hl7.org/fhir">
  <id value="no-blood-pressure-create"/>
  <meta>
    <versionId value="0"/>
    <lastUpdated value="2014-01-30T22:35:23+11:00"/>
    <source value="META_VISION"/>
    <profile value="http://hl7.no/fhir/StructureDefinition/NoDomainVitalSignsObservationBloodpressure"/>
  </meta>
  <text>
    <status value="extensions"/><div xmlns="http://www.w3.org/1999/xhtml"><p class="res-header-id"><b>Generated Narrative: Observation no-blood-pressure-create</b></p><a name="no-blood-pressure-create"> </a><a name="hcno-blood-pressure-create"> </a><a name="no-blood-pressure-create-no-NO"> </a><div style="display: inline-block; background-color: #d9e0e7; padding: 6px; margin: 4px; border: 1px solid #8da1b4; border-radius: 5px; line-height: 60%"><p style="margin-bottom: 0px">version: 0; Last updated: 2014-01-30 22:35:23+1100; </p><p style="margin-bottom: 0px">Information Source: <a href="https://simplifier.net/resolve?scope=hl7.fhir.no.basis@2.2.0&amp;canonical=http://fhir.org/packages/hl7.fhir.no.basis/META_VISION">META_VISION</a></p><p style="margin-bottom: 0px">Profile: <a href="StructureDefinition-NoDomainVitalSignsObservationBloodpressure.html">NO Domain VitalSigns Observation - Blood pressure</a></p></div><p><b>NoDomainVitalSignsObservationBloodpressureBodyPosition</b>: <a href="http://snomed.info/id/4801000202104">SNOMED CT 4801000202104</a>: Liggende</p><p><b>NoDomainVitalSignsObservationCuffSize</b>: <a href="http://snomed.info/id/720740000">SNOMED CT 720740000</a>: Lår voksne</p><p><b>NoDomainVitalSignsObservationSleepStatus</b>: <a href="http://snomed.info/id/248218005">SNOMED CT 248218005</a>: Våken</p><p><b>NoDomainVitalSignsObservationTilt</b>: 14 deg</p><p><b>NoDomainVitalSignsObservationBloodpressureSystolicFormula</b>: sample formula 1</p><p><b>NoDomainVitalSignsObservationBloodpressureDiastolicFormula</b>: sample formula 2</p><p><b>NoDomainVitalSignsObservationBloodpressureMeanArterialFormula</b>: sample formula 3</p><p><b>status</b>: Final</p><p><b>category</b>: <span title="Codes:{http://terminology.hl7.org/CodeSystem/observation-category vital-signs}">Vital Signs</span></p><p><b>code</b>: <span title="Codes:{http://loinc.org 85354-9}">BP pnl w all optional</span></p><p><b>subject</b>: <a href="Patient-cdp1000808.html">Anonymous Patient (no stated gender), DoB Unknown ( urn:oid:2.16.578.1.12.4.1.4.1#1000808)</a></p><p><b>effective</b>: 2021-05-10</p><p><b>performer</b>: </p><ul><li><a href="PractitionerRole-agb104.html">PractitionerRole: identifier = urn:oid:1.3.6.1.4.1.9038.51.1#104</a></li><li><a href="Organization-afa23.html">Organization: identifier = urn:oid:1.3.6.1.4.1.9038.70.3#23</a></li></ul><p><b>note</b>: Demo Blood Pressure</p><p><b>bodySite</b>: <span title="Codes:{http://snomed.info/sct 7569003}">Finger</span></p><blockquote><p><b>component</b></p><p><b>code</b>: <span title="Codes:{http://loinc.org 8480-6}, {http://snomed.info/sct 4471000202106}">Systolic blood pressure</span></p><p><b>value</b>: 123 mm[Hg]<span style="background: LightGoldenRodYellow"> (Details: UCUM  codemm[Hg] = 'mm[Hg]')</span></p><h3>ReferenceRanges</h3><table class="grid"><tr><td style="display: none">-</td><td><b>Low</b></td><td><b>High</b></td></tr><tr><td style="display: none">*</td><td>120 mm[Hg]</td><td>139 mm[Hg]</td></tr></table></blockquote><blockquote><p><b>component</b></p><p><b>code</b>: <span title="Codes:{http://loinc.org 8462-4}, {http://snomed.info/sct 4481000202108}">Diastolic blood pressure</span></p><p><b>value</b>: 78 mm[Hg]<span style="background: LightGoldenRodYellow"> (Details: UCUM  codemm[Hg] = 'mm[Hg]')</span></p><h3>ReferenceRanges</h3><table class="grid"><tr><td style="display: none">-</td><td><b>Low</b></td><td><b>High</b></td></tr><tr><td style="display: none">*</td><td>60 mm[Hg]</td><td>89 mm[Hg]</td></tr></table></blockquote><blockquote><p><b>component</b></p><p><b>code</b>: <span title="Codes:{http://loinc.org 8478-0}, {http://snomed.info/sct 4501000202102}">BP mean</span></p><p><b>value</b>: 93 mm[Hg]<span style="background: LightGoldenRodYellow"> (Details: UCUM  codemm[Hg] = 'mm[Hg]')</span></p><h3>ReferenceRanges</h3><table class="grid"><tr><td style="display: none">-</td><td><b>Low</b></td><td><b>High</b></td></tr><tr><td style="display: none">*</td><td>60 mm[Hg]</td><td>100 mm[Hg]</td></tr></table></blockquote></div>
  </text>
  <extension url="http://hl7.no/fhir/StructureDefinition/NoDomainVitalSignsObservationBloodpressureBodyPosition">
    <valueCoding>
      <system value="http://snomed.info/sct"/>
      <code value="4801000202104"/>
      <display value="Liggende"/>
    </valueCoding>
  </extension>
  <extension url="http://hl7.no/fhir/StructureDefinition/NoDomainVitalSignsObservationCuffSize">
    <valueCoding>
      <system value="http://snomed.info/sct"/>
      <code value="720740000"/>
      <display value="Lår voksne"/>
    </valueCoding>
  </extension>
  <extension url="http://hl7.no/fhir/StructureDefinition/NoDomainVitalSignsObservationSleepStatus">
    <valueCoding>
      <system value="http://snomed.info/sct"/>
      <code value="248218005"/>
      <display value="Våken"/>
    </valueCoding>
  </extension>
  <extension url="http://hl7.no/fhir/StructureDefinition/NoDomainVitalSignsObservationTilt">
    <valueQuantity>
      <value value="14"/>
      <unit value="deg"/>
    </valueQuantity>
  </extension>
  <extension url="http://hl7.no/fhir/StructureDefinition/NoDomainVitalSignsObservationBloodpressureSystolicFormula">
    <valueString value="sample formula 1"/>
  </extension>
  <extension url="http://hl7.no/fhir/StructureDefinition/NoDomainVitalSignsObservationBloodpressureDiastolicFormula">
    <valueString value="sample formula 2"/>
  </extension>
  <extension url="http://hl7.no/fhir/StructureDefinition/NoDomainVitalSignsObservationBloodpressureMeanArterialFormula">
    <valueString value="sample formula 3"/>
  </extension>
  <status value="final"/>
  <category>
    <coding>
      <system value="http://terminology.hl7.org/CodeSystem/observation-category"/>
      <code value="vital-signs"/>
    </coding>
  </category>
  <code>
    <coding>
      <system value="http://loinc.org"/>
      <code value="85354-9"/>
    </coding>
    <text value="BP pnl w all optional"/>
  </code>
  <subject>
    <reference value="Patient/cdp1000808"/>
    <identifier>
      <system value="urn:oid:2.16.578.1.12.4.1.4.1"/>
      <value value="1000808"/>
    </identifier>
  </subject>
  <effectiveDateTime value="2021-05-10"/>
  <performer>
    <reference value="PractitionerRole/agb104"/>
    <identifier>
      <system value="urn:oid:1.3.6.1.4.1.9038.51.1"/>
      <value value="104"/>
    </identifier>
  </performer>
  <performer>
    <reference value="Organization/afa23"/>
    <identifier>
      <system value="urn:oid:1.3.6.1.4.1.9038.70.3"/>
      <value value="23"/>
    </identifier>
  </performer>
  <note>
    <text value="Demo Blood Pressure"/>
  </note>
  <bodySite>
    <coding>
      <system value="http://snomed.info/sct"/>
      <code value="7569003"/>
      <display value="Finger"/>
    </coding>
  </bodySite>
  <component>
    <code>
      <coding>
        <system value="http://loinc.org"/>
        <code value="8480-6"/>
        <display value="Systolic blood pressure"/>
      </coding>
      <coding>
        <system value="http://snomed.info/sct"/>
        <code value="4471000202106"/>
        <display value="Systolic blood pressure"/>
      </coding>
    </code>
    <valueQuantity>
      <value value="123"/>
      <unit value="mm[Hg]"/>
      <system value="http://unitsofmeasure.org"/>
      <code value="mm[Hg]"/>
    </valueQuantity>
    <referenceRange>
      <low>
        <value value="120"/>
        <unit value="mm[Hg]"/>
      </low>
      <high>
        <value value="139"/>
        <unit value="mm[Hg]"/>
      </high>
    </referenceRange>
  </component>
  <component>
    <code>
      <coding>
        <system value="http://loinc.org"/>
        <code value="8462-4"/>
        <display value="Diastolic blood pressure"/>
      </coding>
      <coding>
        <system value="http://snomed.info/sct"/>
        <code value="4481000202108"/>
        <display value="Diastolic blood pressure"/>
      </coding>
    </code>
    <valueQuantity>
      <value value="78"/>
      <unit value="mm[Hg]"/>
      <system value="http://unitsofmeasure.org"/>
      <code value="mm[Hg]"/>
    </valueQuantity>
    <referenceRange>
      <low>
        <value value="60"/>
        <unit value="mm[Hg]"/>
      </low>
      <high>
        <value value="89"/>
        <unit value="mm[Hg]"/>
      </high>
    </referenceRange>
  </component>
  <component>
    <code>
      <coding>
        <system value="http://loinc.org"/>
        <code value="8478-0"/>
        <display value="BP mean"/>
      </coding>
      <coding>
        <system value="http://snomed.info/sct"/>
        <code value="4501000202102"/>
        <display value="Mean arterial pressure (observable entity)"/>
      </coding>
    </code>
    <valueQuantity>
      <value value="93"/>
      <unit value="mm[Hg]"/>
      <system value="http://unitsofmeasure.org"/>
      <code value="mm[Hg]"/>
    </valueQuantity>
    <referenceRange>
      <low>
        <value value="60"/>
        <unit value="mm[Hg]"/>
      </low>
      <high>
        <value value="100"/>
        <unit value="mm[Hg]"/>
      </high>
    </referenceRange>
  </component>
</Observation>