<?xml version="1.0" encoding="UTF-8"?>

<Observation xmlns="http://hl7.org/fhir">
  <id value="no-oxygen-saturation-create"/>
  <meta>
    <versionId value="0"/>
    <lastUpdated value="2014-01-30T22:35:23+11:00"/>
    <source value="META_VISION"/>
    <profile value="http://hl7.no/fhir/StructureDefinition/NoDomainVitalSignsObservationOxygenSaturation"/>
  </meta>
  <text>
    <status value="extensions"/><div xmlns="http://www.w3.org/1999/xhtml"><p class="res-header-id"><b>Generated Narrative: Observation no-oxygen-saturation-create</b></p><a name="no-oxygen-saturation-create"> </a><a name="hcno-oxygen-saturation-create"> </a><a name="no-oxygen-saturation-create-no-NO"> </a><div style="display: inline-block; background-color: #d9e0e7; padding: 6px; margin: 4px; border: 1px solid #8da1b4; border-radius: 5px; line-height: 60%"><p style="margin-bottom: 0px">version: 0; Last updated: 2014-01-30 22:35:23+1100; </p><p style="margin-bottom: 0px">Information Source: <a href="https://simplifier.net/resolve?scope=hl7.fhir.no.basis@2.2.0&amp;canonical=http://fhir.org/packages/hl7.fhir.no.basis/META_VISION">META_VISION</a></p><p style="margin-bottom: 0px">Profile: <a href="StructureDefinition-NoDomainVitalSignsObservationOxygenSaturation.html">NO Domain VitalSigns Observation - Oxygen Saturation</a></p></div><blockquote><p><b>NoDomainVitalSignsObservationInspiredOxygen</b></p><ul><li>http://hl7.no/fhir/StructureDefinition/NoDomainVitalSignsObservationFlow: 6100 ml/min</li><li>http://hl7.no/fhir/StructureDefinition/NoDomainVitalSignsObservationFiO2: 21/100</li><li>http://hl7.no/fhir/StructureDefinition/NoDomainVitalSignsObservationProsentO2: 21/100</li><li>http://hl7.no/fhir/StructureDefinition/NoDomainVitalSignsObservationOnAir: true</li><li>http://hl7.no/fhir/StructureDefinition/NoDomainVitalSignsObservationMethodofOxygenDelivery: Oxygen administration method</li></ul></blockquote><p><b>NoDomainVitalSignsObservationConfoundingFactor</b>: <span title="Codes:">sample confounding factor</span></p><p><b>status</b>: Final</p><p><b>category</b>: <span title="Codes:{http://terminology.hl7.org/CodeSystem/observation-category vital-signs}">Vital Signs</span></p><p><b>code</b>: <span title="Codes:{http://loinc.org 2708-6}">Oxygen saturation in Arterial blood</span></p><p><b>subject</b>: <a href="Patient-cdp1000240.html">Anonymous Patient (no stated gender), DoB Unknown ( urn:oid:2.16.578.1.12.4.1.4.1#1000240)</a></p><p><b>effective</b>: 2021-05-10</p><p><b>performer</b>: </p><ul><li>Identifier: <code>urn:oid:2.16.578.1.12.4.1.2</code>/889911</li><li><a href="Organization-afa23.html">Organization: identifier = urn:oid:1.3.6.1.4.1.9038.70.3#23</a></li></ul><p><b>value</b>: 24 %<span style="background: LightGoldenRodYellow"> (Details: UCUM  code% = '%')</span></p><p><b>note</b>: Demo pulse oxymetri</p><p><b>bodySite</b>: <span title="Codes:">Demo pulse oxymetri bodysite</span></p></div>
  </text>
  <extension url="http://hl7.no/fhir/StructureDefinition/NoDomainVitalSignsObservationInspiredOxygen">
    <extension url="http://hl7.no/fhir/StructureDefinition/NoDomainVitalSignsObservationFlow">
      <valueQuantity>
        <value value="6100"/>
        <unit value="ml/min"/>
      </valueQuantity>
    </extension>
    <extension url="http://hl7.no/fhir/StructureDefinition/NoDomainVitalSignsObservationFiO2">
      <valueRatio>
        <numerator>
          <value value="21"/>
        </numerator>
        <denominator>
          <value value="100"/>
        </denominator>
      </valueRatio>
    </extension>
    <extension url="http://hl7.no/fhir/StructureDefinition/NoDomainVitalSignsObservationProsentO2">
      <valueRatio>
        <numerator>
          <value value="21"/>
        </numerator>
        <denominator>
          <value value="100"/>
        </denominator>
      </valueRatio>
    </extension>
    <extension url="http://hl7.no/fhir/StructureDefinition/NoDomainVitalSignsObservationOnAir">
      <valueBoolean value="true"/>
    </extension>
    <extension url="http://hl7.no/fhir/StructureDefinition/NoDomainVitalSignsObservationMethodofOxygenDelivery">
      <valueString value="Oxygen administration method"/>
    </extension>
  </extension>
  <extension url="http://hl7.no/fhir/StructureDefinition/NoDomainVitalSignsObservationConfoundingFactor">
    <valueCodeableConcept>
      <text value="sample confounding factor"/>
    </valueCodeableConcept>
  </extension>
  <status value="final"/>
  <category>
    <coding>
      <system value="http://terminology.hl7.org/CodeSystem/observation-category"/>
      <code value="vital-signs"/>
    </coding>
  </category>
  <code>
    <coding>
      <system value="http://loinc.org"/>
      <code value="2708-6"/>
      <display value="Oxygen saturation in Arterial blood"/>
    </coding>
  </code>
  <subject>
    <reference value="Patient/cdp1000240"/>
    <identifier>
      <system value="urn:oid:2.16.578.1.12.4.1.4.1"/>
      <value value="1000240"/>
    </identifier>
  </subject>
  <effectiveDateTime value="2021-05-10"/>
  <performer>
    <identifier>
      <system value="urn:oid:2.16.578.1.12.4.1.2"/>
      <value value="889911"/>
    </identifier>
  </performer>
  <performer>
    <reference value="Organization/afa23"/>
    <identifier>
      <system value="urn:oid:1.3.6.1.4.1.9038.70.3"/>
      <value value="23"/>
    </identifier>
  </performer>
  <valueQuantity>
    <value value="24"/>
    <unit value="%"/>
    <system value="http://unitsofmeasure.org"/>
    <code value="%"/>
  </valueQuantity>
  <note>
    <text value="Demo pulse oxymetri"/>
  </note>
  <bodySite>
    <text value="Demo pulse oxymetri bodysite"/>
  </bodySite>
</Observation>