<?xml version="1.0" encoding="UTF-8"?>

<Observation xmlns="http://hl7.org/fhir">
  <id value="blood-pressure-create"/>
  <meta>
    <versionId value="0"/>
    <lastUpdated value="2014-01-30T22:35:23+11:00"/>
    <source value="META_VISION"/>
  </meta>
  <text>
    <status value="generated"/><div xmlns="http://www.w3.org/1999/xhtml"><p><b>Generated Narrative: Observation</b><a name="blood-pressure-create"> </a></p><div style="display: inline-block; background-color: #d9e0e7; padding: 6px; margin: 4px; border: 1px solid #8da1b4; border-radius: 5px; line-height: 60%"><p style="margin-bottom: 0px">Resource Observation "blood-pressure-create" Version "0" Updated "2014-01-30 10:35:23+1100" </p><p style="margin-bottom: 0px">Information Source: META_VISION!</p></div><p><b style="color: maroon">Exception generating Narrative: unknown extension http://hl7.org/fhir/StructureDefinition/NoDomainVitalSignsObservationCuffSize</b></p></div>
  </text>
  <extension url="http://hl7.no/fhir/StructureDefinition/NoDomainVitalSignsObservationBloodpressureBodyPosition">
    <valueCoding>
      <system value="http://snomed.info/sct"/>
      <code value="33586001"/>
      <display value="Sitting position"/>
    </valueCoding>
  </extension>
  <extension url="http://hl7.org/fhir/StructureDefinition/NoDomainVitalSignsObservationCuffSize">
    <valueCoding>
      <system value="http://snomed.info/sct"/>
      <code value="720740000"/>
      <display value="Lår voksne"/>
    </valueCoding>
  </extension>
  <extension url="http://hl7.org/fhir/StructureDefinition/NoDomainVitalSignsObservationDiastolicEndPoint">
    <valueCoding>
      <system value="http://snomed.info/sct"/>
      <code value="1081871000202109"/>
      <display value="Phase IV"/>
    </valueCoding>
  </extension>
  <extension url="http://hl7.org/fhir/StructureDefinition/NoDomainVitalSignsObservationSleepStatus">
    <valueCoding>
      <system value="http://snomed.info/sct"/>
      <code value="248218005"/>
      <display value="awake"/>
    </valueCoding>
  </extension>
  <extension url="http://hl7.no/fhir/StructureDefinition/NoDomainVitalSignsObservationHeadTilt">
    <valueQuantity>
      <value value="14"/>
      <unit value="deg"/>
    </valueQuantity>
  </extension>
  <extension url="http://hl7.no/fhir/StructureDefinition/NoDomainVitalSignsObservationLevelOfExertion">
    <valueCoding>
      <system value="http://snomed.info/sct"/>
      <code value="154h"/>
      <display value="Hvile"/>
    </valueCoding>
  </extension>
  <extension url="http://hl7.no/fhir/StructureDefinition/NoDomainVitalSignsObservationBloodpressureSystolicFormula">
    <valueString value="sample formula 1"/>
  </extension>
  <extension url="http://hl7.no/fhir/StructureDefinition/NoDomainVitalSignsObservationBloodpressureDiastolicFormula">
    <valueString value="sample formula 2"/>
  </extension>
  <extension url="http://hl7.no/fhir/StructureDefinition/NoDomainVitalSignsObservationBloodpressureMeanArterialFormula">
    <valueString value="sample formula 3"/>
  </extension>
  <identifier>
    <system value="http://dips.no/fhir/namingsystem/externalId"/>
    <value value="External Id: testBPexternalId1"/>
  </identifier>
  <status value="final"/>
  <category>
    <coding>
      <system value="http://terminology.hl7.org/CodeSystem/observation-category"/>
      <code value="vital-signs"/>
      <display value="vital-signs"/>
    </coding>
  </category>
  <code>
    <coding>
      <system value="http://loinc.org"/>
      <code value="85354-9"/>
      <display value="Blood pressure (observable entity)"/>
    </coding>
  </code>
  <subject>
    <reference value="Patient/cdp1000807"/>
    <identifier>
      <system value="http://dips.no/fhir/namingsystem/dips-patientid"/>
      <value value="1000807"/>
    </identifier>
  </subject>
  <encounter>
    <reference value="Encounter/agy1002679"/>
    <identifier>
      <system value="http://dips.no/fhir/namingsystem/dips-omsorgsepisodeid"/>
      <value value="1002679"/>
    </identifier>
  </encounter>
  <effectiveDateTime value="2021-05-10"/>
  <performer>
    <reference value="PractitionerRole/agb103"/>
    <identifier>
      <system value="urn:oid:1.3.6.1.4.1.9038.51.1"/>
      <value value="103"/>
    </identifier>
  </performer>
  <performer>
    <reference value="Organization/afa22"/>
    <identifier>
      <system value="urn:oid:1.3.6.1.4.1.9038.70.3"/>
      <value value="22"/>
    </identifier>
  </performer>
  <note>
    <text value="Demo Blood Pressure"/>
  </note>
  <bodySite>
    <coding>
      <system value="http://snomed.info/sct"/>
      <code value="7569003"/>
      <display value="Finger structure (body structure)"/>
    </coding>
  </bodySite>
  <method>
    <coding>
      <system value="http://snomed.info/sct"/>
      <code value="129436005"/>
      <display value="Auscultation - action (qualifier value)"/>
    </coding>
  </method>
  <component>
    <code>
      <coding>
        <system value="http://loinc.org"/>
        <code value="8480-6"/>
        <display value="Systolic blood pressure"/>
      </coding>
      <coding>
        <system value="http://acme.org/devices/clinical-codes"/>
        <code value="bp-s"/>
        <display value="Systolic Blood pressure"/>
      </coding>
    </code>
    <valueQuantity>
      <value value="123"/>
      <unit value="mm[Hg]"/>
      <system value="http://unitsofmeasure.org"/>
      <code value="mm[Hg]"/>
    </valueQuantity>
  </component>
  <component>
    <code>
      <coding>
        <system value="http://loinc.org"/>
        <code value="8462-4"/>
        <display value="Diastolic blood pressure"/>
      </coding>
    </code>
    <valueQuantity>
      <value value="78"/>
      <unit value="mm[Hg]"/>
      <system value="http://unitsofmeasure.org"/>
      <code value="mm[Hg]"/>
    </valueQuantity>
  </component>
  <component>
    <code>
      <coding>
        <system value="http://loinc.org"/>
        <code value="8478-0"/>
        <display value="Mean arterial pressure (observable entity)"/>
      </coding>
    </code>
    <valueQuantity>
      <value value="93"/>
      <unit value="mm[Hg]"/>
      <system value="http://unitsofmeasure.org"/>
      <code value="mm[Hg]"/>
    </valueQuantity>
  </component>
  <component>
    <code>
      <coding>
        <system value="http://snomed.info/sct"/>
        <code value="4461000202102"/>
        <display value="The difference between the systolic and diastolic pressure."/>
      </coding>
    </code>
    <valueQuantity>
      <value value="45"/>
      <unit value="mm[Hg]"/>
      <system value="http://unitsofmeasure.org"/>
      <code value="mm[Hg]"/>
    </valueQuantity>
  </component>
</Observation>