[
  {
    "id" : "hl7.fhir.no.domain.vitalsigns",
    "type" : "ImplementationGuide",
    "url" : "http://hl7.no/fhir/no-domain/vitalsigns/ImplementationGuide/hl7.fhir.no.domain.vitalsigns",
    "version" : "0.9.2",
    "name" : "NoDomainVitalSigns"
  },
  {
    "id" : "NoDomainVitalSignsActiveHeatingExtension",
    "type" : "StructureDefinition",
    "url" : "http://hl7.no/fhir/no-domain/vitalsigns/StructureDefinition/NoDomainVitalSignsActiveHeatingExtension",
    "version" : "0.9.2",
    "name" : "NoDomainVitalSignsActiveHeatingExtension"
  },
  {
    "id" : "NoDomainVitalSignsBloodpressureBodyPositionExtension",
    "type" : "StructureDefinition",
    "url" : "http://hl7.no/fhir/no-domain/vitalsigns/StructureDefinition/NoDomainVitalSignsBloodpressureBodyPositionExtension",
    "version" : "0.9.2",
    "name" : "NoDomainVitalSignsBloodpressureBodyPositionExtension"
  },
  {
    "id" : "NoDomainVitalSignsBloodpressureDiastolicFormulaExtension",
    "type" : "StructureDefinition",
    "url" : "http://hl7.no/fhir/no-domain/vitalsigns/StructureDefinition/NoDomainVitalSignsBloodpressureDiastolicFormulaExtension",
    "version" : "0.9.2",
    "name" : "NoDomainVitalSignsBloodpressureDiastolicFormulaExtension"
  },
  {
    "id" : "NoDomainVitalSignsBloodpressureMeanArterialFormulaExtension",
    "type" : "StructureDefinition",
    "url" : "http://hl7.no/fhir/no-domain/vitalsigns/StructureDefinition/NoDomainVitalSignsBloodpressureMeanArterialFormulaExtension",
    "version" : "0.9.2",
    "name" : "NoDomainVitalSignsBloodpressureMeanArterialFormulaExtension"
  },
  {
    "id" : "NoDomainVitalSignsBloodpressureSystolicFormulaExtension",
    "type" : "StructureDefinition",
    "url" : "http://hl7.no/fhir/no-domain/vitalsigns/StructureDefinition/NoDomainVitalSignsBloodpressureSystolicFormulaExtension",
    "version" : "0.9.2",
    "name" : "NoDomainVitalSignsBloodpressureSystolicFormulaExtension"
  },
  {
    "id" : "NoDomainVitalSignsBodyExposureExtension",
    "type" : "StructureDefinition",
    "url" : "http://hl7.no/fhir/no-domain/vitalsigns/StructureDefinition/NoDomainVitalSignsBodyExposureExtension",
    "version" : "0.9.2",
    "name" : "NoDomainVitalSignsBodyExposureExtension"
  },
  {
    "id" : "NoDomainVitalSignsBodyHeightBodyPositionExtension",
    "type" : "StructureDefinition",
    "url" : "http://hl7.no/fhir/no-domain/vitalsigns/StructureDefinition/NoDomainVitalSignsBodyHeightBodyPositionExtension",
    "version" : "0.9.2",
    "name" : "NoDomainVitalSignsBodyHeightBodyPositionExtension"
  },
  {
    "id" : "NoDomainVitalSignsCharacterOfPulseExtension",
    "type" : "StructureDefinition",
    "url" : "http://hl7.no/fhir/no-domain/vitalsigns/StructureDefinition/NoDomainVitalSignsCharacterOfPulseExtension",
    "version" : "0.9.2",
    "name" : "NoDomainVitalSignsCharacterOfPulseExtension"
  },
  {
    "id" : "NoDomainVitalSignsClinicalDescriptionExtension",
    "type" : "StructureDefinition",
    "url" : "http://hl7.no/fhir/no-domain/vitalsigns/StructureDefinition/NoDomainVitalSignsClinicalDescriptionExtension",
    "version" : "0.9.2",
    "name" : "NoDomainVitalSignsClinicalDescriptionExtension"
  },
  {
    "id" : "NoDomainVitalSignsClothingStateExtension",
    "type" : "StructureDefinition",
    "url" : "http://hl7.no/fhir/no-domain/vitalsigns/StructureDefinition/NoDomainVitalSignsClothingStateExtension",
    "version" : "0.9.2",
    "name" : "NoDomainVitalSignsClothingStateExtension"
  },
  {
    "id" : "NoDomainVitalSignsConfoundingFactorExtension",
    "type" : "StructureDefinition",
    "url" : "http://hl7.no/fhir/no-domain/vitalsigns/StructureDefinition/NoDomainVitalSignsConfoundingFactorExtension",
    "version" : "0.9.2",
    "name" : "NoDomainVitalSignsConfoundingFactorExtension"
  },
  {
    "id" : "NoDomainVitalSignsCuffSizeExtension",
    "type" : "StructureDefinition",
    "url" : "http://hl7.no/fhir/no-domain/vitalsigns/StructureDefinition/NoDomainVitalSignsCuffSizeExtension",
    "version" : "0.9.2",
    "name" : "NoDomainVitalSignsCuffSizeExtension"
  },
  {
    "id" : "NoDomainVitalSignsDaysSinceMenstruationStartExtension",
    "type" : "StructureDefinition",
    "url" : "http://hl7.no/fhir/no-domain/vitalsigns/StructureDefinition/NoDomainVitalSignsDaysSinceMenstruationStartExtension",
    "version" : "0.9.2",
    "name" : "NoDomainVitalSignsDaysSinceMenstruationStartExtension"
  },
  {
    "id" : "NoDomainVitalSignsDiastolicEndPointExtension",
    "type" : "StructureDefinition",
    "url" : "http://hl7.no/fhir/no-domain/vitalsigns/StructureDefinition/NoDomainVitalSignsDiastolicEndPointExtension",
    "version" : "0.9.2",
    "name" : "NoDomainVitalSignsDiastolicEndPointExtension"
  },
  {
    "id" : "NoDomainVitalSignsFiO2Extension",
    "type" : "StructureDefinition",
    "url" : "http://hl7.no/fhir/no-domain/vitalsigns/StructureDefinition/NoDomainVitalSignsFiO2Extension",
    "version" : "0.9.2",
    "name" : "NoDomainVitalSignsFiO2Extension"
  },
  {
    "id" : "NoDomainVitalSignsFlowExtension",
    "type" : "StructureDefinition",
    "url" : "http://hl7.no/fhir/no-domain/vitalsigns/StructureDefinition/NoDomainVitalSignsFlowExtension",
    "version" : "0.9.2",
    "name" : "NoDomainVitalSignsFlowExtension"
  },
  {
    "id" : "NoDomainVitalSignsHeartRatePulseBodyPositionExtension",
    "type" : "StructureDefinition",
    "url" : "http://hl7.no/fhir/no-domain/vitalsigns/StructureDefinition/NoDomainVitalSignsHeartRatePulseBodyPositionExtension",
    "version" : "0.9.2",
    "name" : "NoDomainVitalSignsHeartRatePulseBodyPositionExtension"
  },
  {
    "id" : "NoDomainVitalSignsHeartRhythmIrregularityExtension",
    "type" : "StructureDefinition",
    "url" : "http://hl7.no/fhir/no-domain/vitalsigns/StructureDefinition/NoDomainVitalSignsHeartRhythmIrregularityExtension",
    "version" : "0.9.2",
    "name" : "NoDomainVitalSignsHeartRhythmIrregularityExtension"
  },
  {
    "id" : "NoDomainVitalSignsInspiredOxygenExtension",
    "type" : "StructureDefinition",
    "url" : "http://hl7.no/fhir/no-domain/vitalsigns/StructureDefinition/NoDomainVitalSignsInspiredOxygenExtension",
    "version" : "0.9.2",
    "name" : "NoDomainVitalSignsInspiredOxygenExtension"
  },
  {
    "id" : "NoDomainVitalSignsMethodofOxygenDeliveryExtension",
    "type" : "StructureDefinition",
    "url" : "http://hl7.no/fhir/no-domain/vitalsigns/StructureDefinition/NoDomainVitalSignsMethodofOxygenDeliveryExtension",
    "version" : "0.9.2",
    "name" : "NoDomainVitalSignsMethodofOxygenDeliveryExtension"
  },
  {
    "id" : "NoDomainVitalSignsOnAirExtension",
    "type" : "StructureDefinition",
    "url" : "http://hl7.no/fhir/no-domain/vitalsigns/StructureDefinition/NoDomainVitalSignsOnAirExtension",
    "version" : "0.9.2",
    "name" : "NoDomainVitalSignsOnAirExtension"
  },
  {
    "id" : "NoDomainVitalSignsPercentO2Extension",
    "type" : "StructureDefinition",
    "url" : "http://hl7.no/fhir/no-domain/vitalsigns/StructureDefinition/NoDomainVitalSignsPercentO2Extension",
    "version" : "0.9.2",
    "name" : "NoDomainVitalSignsPercentO2Extension"
  },
  {
    "id" : "NoDomainVitalSignsPulseRhythmExtension",
    "type" : "StructureDefinition",
    "url" : "http://hl7.no/fhir/no-domain/vitalsigns/StructureDefinition/NoDomainVitalSignsPulseRhythmExtension",
    "version" : "0.9.2",
    "name" : "NoDomainVitalSignsPulseRhythmExtension"
  },
  {
    "id" : "NoDomainVitalSignsPulseRhythmIrregularityExtension",
    "type" : "StructureDefinition",
    "url" : "http://hl7.no/fhir/no-domain/vitalsigns/StructureDefinition/NoDomainVitalSignsPulseRhythmIrregularityExtension",
    "version" : "0.9.2",
    "name" : "NoDomainVitalSignsPulseRhythmIrregularityExtension"
  },
  {
    "id" : "NoDomainVitalSignsRespirationDepthExtension",
    "type" : "StructureDefinition",
    "url" : "http://hl7.no/fhir/no-domain/vitalsigns/StructureDefinition/NoDomainVitalSignsRespirationDepthExtension",
    "version" : "0.9.2",
    "name" : "NoDomainVitalSignsRespirationDepthExtension"
  },
  {
    "id" : "NoDomainVitalSignsRespirationRateBodyPositionExtension",
    "type" : "StructureDefinition",
    "url" : "http://hl7.no/fhir/no-domain/vitalsigns/StructureDefinition/NoDomainVitalSignsRespirationRateBodyPositionExtension",
    "version" : "0.9.2",
    "name" : "NoDomainVitalSignsRespirationRateBodyPositionExtension"
  },
  {
    "id" : "NoDomainVitalSignsRespirationRegularityExtension",
    "type" : "StructureDefinition",
    "url" : "http://hl7.no/fhir/no-domain/vitalsigns/StructureDefinition/NoDomainVitalSignsRespirationRegularityExtension",
    "version" : "0.9.2",
    "name" : "NoDomainVitalSignsRespirationRegularityExtension"
  },
  {
    "id" : "NoDomainVitalSignsSleepStatusExtension",
    "type" : "StructureDefinition",
    "url" : "http://hl7.no/fhir/no-domain/vitalsigns/StructureDefinition/NoDomainVitalSignsSleepStatusExtension",
    "version" : "0.9.2",
    "name" : "NoDomainVitalSignsSleepStatusExtension"
  },
  {
    "id" : "NoDomainVitalSignsSpontaneousBreathingExtension",
    "type" : "StructureDefinition",
    "url" : "http://hl7.no/fhir/no-domain/vitalsigns/StructureDefinition/NoDomainVitalSignsSpontaneousBreathingExtension",
    "version" : "0.9.2",
    "name" : "NoDomainVitalSignsSpontaneousBreathingExtension"
  },
  {
    "id" : "NoDomainVitalSignsTiltExtension",
    "type" : "StructureDefinition",
    "url" : "http://hl7.no/fhir/no-domain/vitalsigns/StructureDefinition/NoDomainVitalSignsTiltExtension",
    "version" : "0.9.2",
    "name" : "NoDomainVitalSignsTiltExtension"
  },
  {
    "id" : "no-domain-VitalSigns-Observation-bloodpressure",
    "type" : "StructureDefinition",
    "url" : "http://hl7.no/fhir/no-domain/vitalsigns/StructureDefinition/no-domain-VitalSigns-Observation-bloodpressure",
    "version" : "0.9.2",
    "name" : "NoDomainVitalSignsObservationBloodpressure"
  },
  {
    "id" : "no-domain-VitalSigns-Observation-bodyheight",
    "type" : "StructureDefinition",
    "url" : "http://hl7.no/fhir/no-domain/vitalsigns/StructureDefinition/no-domain-VitalSigns-Observation-bodyheight",
    "version" : "0.9.2",
    "name" : "NoDomainVitalSignsObservationBodyHeight"
  },
  {
    "id" : "no-domain-VitalSigns-Observation-bodytemp",
    "type" : "StructureDefinition",
    "url" : "http://hl7.no/fhir/no-domain/vitalsigns/StructureDefinition/no-domain-VitalSigns-Observation-bodytemp",
    "version" : "0.9.2",
    "name" : "NoDomainVitalSignsObservationBodyTemp"
  },
  {
    "id" : "no-domain-VitalSigns-Observation-bodyweight",
    "type" : "StructureDefinition",
    "url" : "http://hl7.no/fhir/no-domain/vitalsigns/StructureDefinition/no-domain-VitalSigns-Observation-bodyweight",
    "version" : "0.9.2",
    "name" : "NoDomainVitalSignsObservationBodyWeight"
  },
  {
    "id" : "no-domain-VitalSigns-Observation-heartrate",
    "type" : "StructureDefinition",
    "url" : "http://hl7.no/fhir/no-domain/vitalsigns/StructureDefinition/no-domain-VitalSigns-Observation-heartrate",
    "version" : "0.9.2",
    "name" : "NoDomainVitalSignsObservationHeartRate"
  },
  {
    "id" : "no-domain-VitalSigns-Observation-oxygensaturation",
    "type" : "StructureDefinition",
    "url" : "http://hl7.no/fhir/no-domain/vitalsigns/StructureDefinition/no-domain-VitalSigns-Observation-oxygensaturation",
    "version" : "0.9.2",
    "name" : "NoDomainVitalSignsObservationOxygenSaturation"
  },
  {
    "id" : "no-domain-VitalSigns-Observation-pulse",
    "type" : "StructureDefinition",
    "url" : "http://hl7.no/fhir/no-domain/vitalsigns/StructureDefinition/no-domain-VitalSigns-Observation-pulse",
    "version" : "0.9.2",
    "name" : "NoDomainVitalSignsObservationPulse"
  },
  {
    "id" : "no-domain-VitalSigns-Observation-respirationrate",
    "type" : "StructureDefinition",
    "url" : "http://hl7.no/fhir/no-domain/vitalsigns/StructureDefinition/no-domain-VitalSigns-Observation-respirationrate",
    "version" : "0.9.2",
    "name" : "NoDomainVitalSignsObservationRespirationRate"
  },
  {
    "id" : "NoDomainVitalSignsBloodPressureMeasurementMethodValueSet",
    "type" : "ValueSet",
    "url" : "http://hl7.no/fhir/no-domain/vitalsigns/ValueSet/NoDomainVitalSignsBloodPressureMeasurementMethodValueSet",
    "version" : "0.9.2",
    "name" : "NoDomainVitalSignsBloodPressureMeasurementMethodValueSet"
  },
  {
    "id" : "NoDomainVitalSignsBloodpressureBodyPositionValueSet",
    "type" : "ValueSet",
    "url" : "http://hl7.no/fhir/no-domain/vitalsigns/ValueSet/NoDomainVitalSignsBloodpressureBodyPositionValueSet",
    "version" : "0.9.2",
    "name" : "NoDomainVitalSignsBloodpressureBodyPositionValueSet"
  },
  {
    "id" : "NoDomainVitalSignsBloodpressureBodySiteValueSet",
    "type" : "ValueSet",
    "url" : "http://hl7.no/fhir/no-domain/vitalsigns/ValueSet/NoDomainVitalSignsBloodpressureBodySiteValueSet",
    "version" : "0.9.2",
    "name" : "NoDomainVitalSignsBloodpressureBodySiteValueSet"
  },
  {
    "id" : "NoDomainVitalSignsBodyExposureValueSet",
    "type" : "ValueSet",
    "url" : "http://hl7.no/fhir/no-domain/vitalsigns/ValueSet/NoDomainVitalSignsBodyExposureValueSet",
    "version" : "0.9.2",
    "name" : "NoDomainVitalSignsBodyExposureValueSet"
  },
  {
    "id" : "NoDomainVitalSignsBodyHeightBodyPositionValueSet",
    "type" : "ValueSet",
    "url" : "http://hl7.no/fhir/no-domain/vitalsigns/ValueSet/NoDomainVitalSignsBodyHeightBodyPositionValueSet",
    "version" : "0.9.2",
    "name" : "NoDomainVitalSignsBodyHeightBodyPositionValueSet"
  },
  {
    "id" : "NoDomainVitalSignsBodyTempBodySiteValueSet",
    "type" : "ValueSet",
    "url" : "http://hl7.no/fhir/no-domain/vitalsigns/ValueSet/NoDomainVitalSignsBodyTempBodySiteValueSet",
    "version" : "0.9.2",
    "name" : "NoDomainVitalSignsBodyTempBodySiteValueSet"
  },
  {
    "id" : "NoDomainVitalSignsClothingStateValueSet",
    "type" : "ValueSet",
    "url" : "http://hl7.no/fhir/no-domain/vitalsigns/ValueSet/NoDomainVitalSignsClothingStateValueSet",
    "version" : "0.9.2",
    "name" : "NoDomainVitalSignsClothingStateValueSet"
  },
  {
    "id" : "NoDomainVitalSignsCuffsizeValueSet",
    "type" : "ValueSet",
    "url" : "http://hl7.no/fhir/no-domain/vitalsigns/ValueSet/NoDomainVitalSignsCuffsizeValueSet",
    "version" : "0.9.2",
    "name" : "NoDomainVitalSignsCuffsizeValueSet"
  },
  {
    "id" : "NoDomainVitalSignsDiastolicEndPointValueSet",
    "type" : "ValueSet",
    "url" : "http://hl7.no/fhir/no-domain/vitalsigns/ValueSet/NoDomainVitalSignsDiastolicEndPointValueSet",
    "version" : "0.9.2",
    "name" : "NoDomainVitalSignsDiastolicendPointValueSet"
  },
  {
    "id" : "NoDomainVitalSignsHeartRateBodySiteValueSet",
    "type" : "ValueSet",
    "url" : "http://hl7.no/fhir/no-domain/vitalsigns/ValueSet/NoDomainVitalSignsHeartRateBodySiteValueSet",
    "version" : "0.9.2",
    "name" : "NoDomainVitalSignsHeartRateBodySiteValueSet"
  },
  {
    "id" : "NoDomainVitalSignsHeartRateMeasurementMethodValueSet",
    "type" : "ValueSet",
    "url" : "http://hl7.no/fhir/no-domain/vitalsigns/ValueSet/NoDomainVitalSignsHeartRateMeasurementMethodValueSet",
    "version" : "0.9.2",
    "name" : "NoDomainVitalSignsHeartRateMeasurementMethodValueSet"
  },
  {
    "id" : "NoDomainVitalSignsHeartRatePulseBodyPositionValueSet",
    "type" : "ValueSet",
    "url" : "http://hl7.no/fhir/no-domain/vitalsigns/ValueSet/NoDomainVitalSignsHeartRatePulseBodyPositionValueSet",
    "version" : "0.9.2",
    "name" : "NoDomainVitalSignsHeartRatePulseBodyPositionValueSet"
  },
  {
    "id" : "NoDomainVitalSignsHeartRhythmIrregularityValueSet",
    "type" : "ValueSet",
    "url" : "http://hl7.no/fhir/no-domain/vitalsigns/ValueSet/NoDomainVitalSignsHeartRhythmIrregularityValueSet",
    "version" : "0.9.2",
    "name" : "NoDomainVitalSignsHeartRhythmIrregularityValueSet"
  },
  {
    "id" : "NoDomainVitalSignsPulseBodySiteValueSet",
    "type" : "ValueSet",
    "url" : "http://hl7.no/fhir/no-domain/vitalsigns/ValueSet/NoDomainVitalSignsPulseBodySiteValueSet",
    "version" : "0.9.2",
    "name" : "NoDomainVitalSignsPulseBodySiteValueSet"
  },
  {
    "id" : "NoDomainVitalSignsPulseMeasurementMethodValueSet",
    "type" : "ValueSet",
    "url" : "http://hl7.no/fhir/no-domain/vitalsigns/ValueSet/NoDomainVitalSignsPulseMeasurementMethodValueSet",
    "version" : "0.9.2",
    "name" : "NoDomainVitalSignsPulseMeasurementMethodValueSet"
  },
  {
    "id" : "NoDomainVitalSignsPulseRhythmIrregularityValueSet",
    "type" : "ValueSet",
    "url" : "http://hl7.no/fhir/no-domain/vitalsigns/ValueSet/NoDomainVitalSignsPulseRhythmIrregularityValueSet",
    "version" : "0.9.2",
    "name" : "NoDomainVitalSignsPulseRhythmIrregularityValueSet"
  },
  {
    "id" : "NoDomainVitalSignsPulseRhythmValueSet",
    "type" : "ValueSet",
    "url" : "http://hl7.no/fhir/no-domain/vitalsigns/ValueSet/NoDomainVitalSignsPulseRhythmValueSet",
    "version" : "0.9.2",
    "name" : "NoDomainVitalSignsPulseRhythmValueSet"
  },
  {
    "id" : "NoDomainVitalSignsRespirationRateBodyPositionValueSet",
    "type" : "ValueSet",
    "url" : "http://hl7.no/fhir/no-domain/vitalsigns/ValueSet/NoDomainVitalSignsRespirationRateBodyPositionValueSet",
    "version" : "0.9.2",
    "name" : "NoDomainVitalSignsRespirationRateBodyPositionValueSet"
  },
  {
    "id" : "NoDomainVitalSignsRespirationRateDepthValueSet",
    "type" : "ValueSet",
    "url" : "http://hl7.no/fhir/no-domain/vitalsigns/ValueSet/NoDomainVitalSignsRespirationRateDepthValueSet",
    "version" : "0.9.2",
    "name" : "NoDomainVitalSignsRespirationRateDepthValueSet"
  },
  {
    "id" : "NoDomainVitalSignsRespirationRegularityValueSet",
    "type" : "ValueSet",
    "url" : "http://hl7.no/fhir/no-domain/vitalsigns/ValueSet/NoDomainVitalSignsRespirationRegularityValueSet",
    "version" : "0.9.2",
    "name" : "NoDomainVitalSignsRespirationRegularityValueSet"
  },
  {
    "id" : "NoDomainVitalSignsSleepStatusValueSet",
    "type" : "ValueSet",
    "url" : "http://hl7.no/fhir/no-domain/vitalsigns/ValueSet/NoDomainVitalSignsSleepStatusValueSet",
    "version" : "0.9.2",
    "name" : "NoDomainVitalSignsSleepStatusValueSet"
  },
  {
    "id" : "NoDomainVitalSignsSpontaneousBreathingValueSet",
    "type" : "ValueSet",
    "url" : "http://hl7.no/fhir/no-domain/vitalsigns/ValueSet/NoDomainVitalSignsSpontaneousBreathingValueSet",
    "version" : "0.9.2",
    "name" : "NoDomainVitalSignsSpontaneousBreathingValueSet"
  }
]
