[
  {
    "id" : "hl7.fhir.no.domain.vitalsigns",
    "type" : "ImplementationGuide",
    "url" : "http://hl7.no/fhir/ImplementationGuide/hl7.fhir.no.domain.vitalsigns",
    "version" : "0.8.3",
    "name" : "NoDomainVitalSigns"
  },
  {
    "id" : "NoDomainVitalSignsObservationActiveHeating",
    "type" : "StructureDefinition",
    "url" : "http://hl7.no/fhir/StructureDefinition/NoDomainVitalSignsObservationActiveHeating",
    "version" : "0.8.3",
    "name" : "NoDomainVitalSignsObservationActiveHeating"
  },
  {
    "id" : "NoDomainVitalSignsObservationBloodpressure",
    "type" : "StructureDefinition",
    "url" : "http://hl7.no/fhir/StructureDefinition/NoDomainVitalSignsObservationBloodpressure",
    "version" : "0.8.3",
    "name" : "NoDomainVitalSignsObservationBloodpressure"
  },
  {
    "id" : "NoDomainVitalSignsObservationBloodpressureBodyPosition",
    "type" : "StructureDefinition",
    "url" : "http://hl7.no/fhir/StructureDefinition/NoDomainVitalSignsObservationBloodpressureBodyPosition",
    "version" : "0.8.3",
    "name" : "NoDomainVitalSignsObservationBloodpressureBodyPosition"
  },
  {
    "id" : "NoDomainVitalSignsObservationBloodpressureDiastolicFormula",
    "type" : "StructureDefinition",
    "url" : "http://hl7.no/fhir/StructureDefinition/NoDomainVitalSignsObservationBloodpressureDiastolicFormula",
    "version" : "0.8.3",
    "name" : "NoDomainVitalSignsObservationBloodpressureDiastolicFormula"
  },
  {
    "id" : "NoDomainVitalSignsObservationBloodpressureMeanArterialFormula",
    "type" : "StructureDefinition",
    "url" : "http://hl7.no/fhir/StructureDefinition/NoDomainVitalSignsObservationBloodpressureMeanArterialFormula",
    "version" : "0.8.3",
    "name" : "NoDomainVitalSignsObservationBloodpressureMeanArterialFormula"
  },
  {
    "id" : "NoDomainVitalSignsObservationBloodpressureSystolicFormula",
    "type" : "StructureDefinition",
    "url" : "http://hl7.no/fhir/StructureDefinition/NoDomainVitalSignsObservationBloodpressureSystolicFormula",
    "version" : "0.8.3",
    "name" : "NoDomainVitalSignsObservationBloodpressureSystolicFormula"
  },
  {
    "id" : "NoDomainVitalSignsObservationBodyExposure",
    "type" : "StructureDefinition",
    "url" : "http://hl7.no/fhir/StructureDefinition/NoDomainVitalSignsObservationBodyExposure",
    "version" : "0.8.3",
    "name" : "NoDomainVitalSignsObservationBodyExposure"
  },
  {
    "id" : "NoDomainVitalSignsObservationBodyHeight",
    "type" : "StructureDefinition",
    "url" : "http://hl7.no/fhir/StructureDefinition/NoDomainVitalSignsObservationBodyHeight",
    "version" : "0.8.3",
    "name" : "NoDomainVitalSignsObservationBodyHeight"
  },
  {
    "id" : "NoDomainVitalSignsObservationBodyHeightBodyPosition",
    "type" : "StructureDefinition",
    "url" : "http://hl7.no/fhir/StructureDefinition/NoDomainVitalSignsObservationBodyHeightBodyPosition",
    "version" : "0.8.3",
    "name" : "NoDomainVitalSignsObservationBodyHeightBodyPosition"
  },
  {
    "id" : "NoDomainVitalSignsObservationBodyTemp",
    "type" : "StructureDefinition",
    "url" : "http://hl7.no/fhir/StructureDefinition/NoDomainVitalSignsObservationBodyTemp",
    "version" : "0.8.3",
    "name" : "NoDomainVitalSignsObservationBodyTemp"
  },
  {
    "id" : "NoDomainVitalSignsObservationBodyWeight",
    "type" : "StructureDefinition",
    "url" : "http://hl7.no/fhir/StructureDefinition/NoDomainVitalSignsObservationBodyWeight",
    "version" : "0.8.3",
    "name" : "NoDomainVitalSignsObservationBodyWeight"
  },
  {
    "id" : "NoDomainVitalSignsObservationCharacterOfPulse",
    "type" : "StructureDefinition",
    "url" : "http://hl7.no/fhir/StructureDefinition/NoDomainVitalSignsObservationCharacterOfPulse",
    "version" : "0.8.3",
    "name" : "NoDomainVitalSignsObservationCharacterOfPulse"
  },
  {
    "id" : "NoDomainVitalSignsObservationClinicalDescription",
    "type" : "StructureDefinition",
    "url" : "http://hl7.no/fhir/StructureDefinition/NoDomainVitalSignsObservationClinicalDescription",
    "version" : "0.8.3",
    "name" : "NoDomainVitalSignsObservationClinicalDescription"
  },
  {
    "id" : "NoDomainVitalSignsObservationClothingState",
    "type" : "StructureDefinition",
    "url" : "http://hl7.no/fhir/StructureDefinition/NoDomainVitalSignsObservationClothingState",
    "version" : "0.8.3",
    "name" : "NoDomainVitalSignsObservationClothingState"
  },
  {
    "id" : "NoDomainVitalSignsObservationConfoundingFactor",
    "type" : "StructureDefinition",
    "url" : "http://hl7.no/fhir/StructureDefinition/NoDomainVitalSignsObservationConfoundingFactor",
    "version" : "0.8.3",
    "name" : "NoDomainVitalSignsObservationConfoundingFactor"
  },
  {
    "id" : "NoDomainVitalSignsObservationCuffSize",
    "type" : "StructureDefinition",
    "url" : "http://hl7.no/fhir/StructureDefinition/NoDomainVitalSignsObservationCuffSize",
    "version" : "0.8.3",
    "name" : "NoDomainVitalSignsObservationCuffSize"
  },
  {
    "id" : "NoDomainVitalSignsObservationDaysSinceMenstruationStart",
    "type" : "StructureDefinition",
    "url" : "http://hl7.no/fhir/StructureDefinition/NoDomainVitalSignsObservationDaysSinceMenstruationStart",
    "version" : "0.8.3",
    "name" : "NoDomainVitalSignsObservationDaysSinceMenstruationStart"
  },
  {
    "id" : "NoDomainVitalSignsObservationDiastolicEndPoint",
    "type" : "StructureDefinition",
    "url" : "http://hl7.no/fhir/StructureDefinition/NoDomainVitalSignsObservationDiastolicEndPoint",
    "version" : "0.8.3",
    "name" : "NoDomainVitalSignsObservationDiastolicEndPoint"
  },
  {
    "id" : "NoDomainVitalSignsObservationHeartRate",
    "type" : "StructureDefinition",
    "url" : "http://hl7.no/fhir/StructureDefinition/NoDomainVitalSignsObservationHeartRate",
    "version" : "0.8.3",
    "name" : "NoDomainVitalSignsObservationHeartRate"
  },
  {
    "id" : "NoDomainVitalSignsObservationHeartRatePulseBodyPosition",
    "type" : "StructureDefinition",
    "url" : "http://hl7.no/fhir/StructureDefinition/NoDomainVitalSignsObservationHeartRatePulseBodyPosition",
    "version" : "0.8.3",
    "name" : "NoDomainVitalSignsObservationHeartRatePulseBodyPosition"
  },
  {
    "id" : "NoDomainVitalSignsObservationHeartRhythmIrregularity",
    "type" : "StructureDefinition",
    "url" : "http://hl7.no/fhir/StructureDefinition/NoDomainVitalSignsObservationHeartRhythmIrregularity",
    "version" : "0.8.3",
    "name" : "NoDomainVitalSignsObservationHeartRhythmIrregularity"
  },
  {
    "id" : "NoDomainVitalSignsObservationInspiredOxygen",
    "type" : "StructureDefinition",
    "url" : "http://hl7.no/fhir/StructureDefinition/NoDomainVitalSignsObservationInspiredOxygen",
    "version" : "0.8.3",
    "name" : "NoDomainVitalSignsObservationInspiredOxygen"
  },
  {
    "id" : "NoDomainVitalSignsObservationOxygenSaturation",
    "type" : "StructureDefinition",
    "url" : "http://hl7.no/fhir/StructureDefinition/NoDomainVitalSignsObservationOxygenSaturation",
    "version" : "0.8.3",
    "name" : "NoDomainVitalSignsObservationOxygenSaturation"
  },
  {
    "id" : "NoDomainVitalSignsObservationPulse",
    "type" : "StructureDefinition",
    "url" : "http://hl7.no/fhir/StructureDefinition/NoDomainVitalSignsObservationPulse",
    "version" : "0.8.3",
    "name" : "NoDomainVitalSignsObservationPulse"
  },
  {
    "id" : "NoDomainVitalSignsObservationPulseRhythm",
    "type" : "StructureDefinition",
    "url" : "http://hl7.no/fhir/StructureDefinition/NoDomainVitalSignsObservationPulseRhythm",
    "version" : "0.8.3",
    "name" : "NoDomainVitalSignsObservationPulseRhythm"
  },
  {
    "id" : "NoDomainVitalSignsObservationPulseRhythmIrregularity",
    "type" : "StructureDefinition",
    "url" : "http://hl7.no/fhir/StructureDefinition/NoDomainVitalSignsObservationPulseRhythmIrregularity",
    "version" : "0.8.3",
    "name" : "NoDomainVitalSignsObservationPulseRhythmIrregularity"
  },
  {
    "id" : "NoDomainVitalSignsObservationRespirationDepth",
    "type" : "StructureDefinition",
    "url" : "http://hl7.no/fhir/StructureDefinition/NoDomainVitalSignsObservationRespirationDepth",
    "version" : "0.8.3",
    "name" : "NoDomainVitalSignsObservationRespirationDepth"
  },
  {
    "id" : "NoDomainVitalSignsObservationRespirationRate",
    "type" : "StructureDefinition",
    "url" : "http://hl7.no/fhir/StructureDefinition/NoDomainVitalSignsObservationRespirationRate",
    "version" : "0.8.3",
    "name" : "NoDomainVitalSignsObservationRespirationRate"
  },
  {
    "id" : "NoDomainVitalSignsObservationRespirationRateBodyPosition",
    "type" : "StructureDefinition",
    "url" : "http://hl7.no/fhir/StructureDefinition/NoDomainVitalSignsObservationRespirationRateBodyPosition",
    "version" : "0.8.3",
    "name" : "NoDomainVitalSignsObservationRespirationRateBodyPosition"
  },
  {
    "id" : "NoDomainVitalSignsObservationRespirationRegularity",
    "type" : "StructureDefinition",
    "url" : "http://hl7.no/fhir/StructureDefinition/NoDomainVitalSignsObservationRespirationRegularity",
    "version" : "0.8.3",
    "name" : "NoDomainVitalSignsObservationRespirationRegularity"
  },
  {
    "id" : "NoDomainVitalSignsObservationSleepStatus",
    "type" : "StructureDefinition",
    "url" : "http://hl7.no/fhir/StructureDefinition/NoDomainVitalSignsObservationSleepStatus",
    "version" : "0.8.3",
    "name" : "NoDomainVitalSignsObservationSleepStatus"
  },
  {
    "id" : "NoDomainVitalSignsObservationSpontaneousBreathing",
    "type" : "StructureDefinition",
    "url" : "http://hl7.no/fhir/StructureDefinition/NoDomainVitalSignsObservationSpontaneousBreathing",
    "version" : "0.8.3",
    "name" : "NoDomainVitalSignsObservationSpontaneousBreathing"
  },
  {
    "id" : "NoDomainVitalSignsObservationTilt",
    "type" : "StructureDefinition",
    "url" : "http://hl7.no/fhir/StructureDefinition/NoDomainVitalSignsObservationTilt",
    "version" : "0.8.3",
    "name" : "NoDomainVitalSignsObservationTilt"
  },
  {
    "id" : "NoDomainVitalSignsObservationBloodPressureMeasurementMethod",
    "type" : "ValueSet",
    "url" : "http://hl7.no/fhir/ValueSet/NoDomainVitalSignsObservationBloodPressureMeasurementMethod",
    "version" : "0.8.3",
    "name" : "NoDomainVitalSignsObservationBloodPressureMeasurementMethod"
  },
  {
    "id" : "NoDomainVitalSignsObservationBloodpressureBodyPosition",
    "type" : "ValueSet",
    "url" : "http://hl7.no/fhir/ValueSet/NoDomainVitalSignsObservationBloodpressureBodyPosition",
    "version" : "0.8.3",
    "name" : "NoDomainVitalSignsObservationBloodpressureBodyPosition"
  },
  {
    "id" : "NoDomainVitalSignsObservationBloodpressureBodySite",
    "type" : "ValueSet",
    "url" : "http://hl7.no/fhir/ValueSet/NoDomainVitalSignsObservationBloodpressureBodySite",
    "version" : "0.8.3",
    "name" : "NoDomainVitalSignsObservationBloodpressureBodySite"
  },
  {
    "id" : "NoDomainVitalSignsObservationBodyExposure",
    "type" : "ValueSet",
    "url" : "http://hl7.no/fhir/ValueSet/NoDomainVitalSignsObservationBodyExposure",
    "version" : "0.8.3",
    "name" : "NoDomainVitalSignsObservationBodyExposure"
  },
  {
    "id" : "NoDomainVitalSignsObservationBodyHeightBodyPosition",
    "type" : "ValueSet",
    "url" : "http://hl7.no/fhir/ValueSet/NoDomainVitalSignsObservationBodyHeightBodyPosition",
    "version" : "0.8.3",
    "name" : "NoDomainVitalSignsObservationBodyHeightBodyPosition"
  },
  {
    "id" : "NoDomainVitalSignsObservationBodyTempBodySite",
    "type" : "ValueSet",
    "url" : "http://hl7.no/fhir/ValueSet/NoDomainVitalSignsObservationBodyTempBodySite",
    "version" : "0.8.3",
    "name" : "NoDomainVitalSignsObservationBodyTempBodySite"
  },
  {
    "id" : "NoDomainVitalSignsObservationClothingState",
    "type" : "ValueSet",
    "url" : "http://hl7.no/fhir/ValueSet/NoDomainVitalSignsObservationClothingState",
    "version" : "0.8.3",
    "name" : "NoDomainVitalSignsObservationClothingState"
  },
  {
    "id" : "NoDomainVitalSignsObservationCuffsize",
    "type" : "ValueSet",
    "url" : "http://hl7.no/fhir/ValueSet/NoDomainVitalSignsObservationCuffsize",
    "version" : "0.8.3",
    "name" : "NoDomainVitalSignsObservationCuffsize"
  },
  {
    "id" : "NoDomainVitalSignsObservationDiastolicendPoint",
    "type" : "ValueSet",
    "url" : "http://hl7.no/fhir/ValueSet/NoDomainVitalSignsObservationDiastolicendPoint",
    "version" : "0.8.3",
    "name" : "NoDomainVitalSignsObservationDiastolicendPoint"
  },
  {
    "id" : "NoDomainVitalSignsObservationHeartRateBodySite",
    "type" : "ValueSet",
    "url" : "http://hl7.no/fhir/ValueSet/NoDomainVitalSignsObservationHeartRateBodySite",
    "version" : "0.8.3",
    "name" : "NoDomainVitalSignsObservationHeartRateBodySite"
  },
  {
    "id" : "NoDomainVitalSignsObservationHeartRateMeasurementMethod",
    "type" : "ValueSet",
    "url" : "http://hl7.no/fhir/ValueSet/NoDomainVitalSignsObservationHeartRateMeasurementMethod",
    "version" : "0.8.3",
    "name" : "NoDomainVitalSignsObservationHeartRateMeasurementMethod"
  },
  {
    "id" : "NoDomainVitalSignsObservationHeartRatePulseBodyPosition",
    "type" : "ValueSet",
    "url" : "http://hl7.no/fhir/ValueSet/NoDomainVitalSignsObservationHeartRatePulseBodyPosition",
    "version" : "0.8.3",
    "name" : "NoDomainVitalSignsObservationHeartRatePulseBodyPosition"
  },
  {
    "id" : "NoDomainVitalSignsObservationHeartRhythmIrregularity",
    "type" : "ValueSet",
    "url" : "http://hl7.no/fhir/ValueSet/NoDomainVitalSignsObservationHeartRhythmIrregularity",
    "version" : "0.8.3",
    "name" : "NoDomainVitalSignsObservationHeartRhythmIrregularity"
  },
  {
    "id" : "NoDomainVitalSignsObservationPulseBodySite",
    "type" : "ValueSet",
    "url" : "http://hl7.no/fhir/ValueSet/NoDomainVitalSignsObservationPulseBodySite",
    "version" : "0.8.3",
    "name" : "NoDomainVitalSignsObservationPulseBodySite"
  },
  {
    "id" : "NoDomainVitalSignsObservationPulseMeasurementMethod",
    "type" : "ValueSet",
    "url" : "http://hl7.no/fhir/ValueSet/NoDomainVitalSignsObservationPulseMeasurementMethod",
    "version" : "0.8.3",
    "name" : "NoDomainVitalSignsObservationPulseMeasurementMethod"
  },
  {
    "id" : "NoDomainVitalSignsObservationPulseRhythm",
    "type" : "ValueSet",
    "url" : "http://hl7.no/fhir/ValueSet/NoDomainVitalSignsObservationPulseRhythm",
    "version" : "0.8.3",
    "name" : "NoDomainVitalSignsObservationPulseRhythm"
  },
  {
    "id" : "NoDomainVitalSignsObservationPulseRhythmIrregularity",
    "type" : "ValueSet",
    "url" : "http://hl7.no/fhir/ValueSet/NoDomainVitalSignsObservationPulseRhythmIrregularity",
    "version" : "0.8.3",
    "name" : "NoDomainVitalSignsObservationPulseRhythmIrregularity"
  },
  {
    "id" : "NoDomainVitalSignsObservationRespirationRateBodyPosition",
    "type" : "ValueSet",
    "url" : "http://hl7.no/fhir/ValueSet/NoDomainVitalSignsObservationRespirationRateBodyPosition",
    "version" : "0.8.3",
    "name" : "NoDomainVitalSignsObservationRespirationRateBodyPosition"
  },
  {
    "id" : "NoDomainVitalSignsObservationRespirationRateDepth",
    "type" : "ValueSet",
    "url" : "http://hl7.no/fhir/ValueSet/NoDomainVitalSignsObservationRespirationRateDepth",
    "version" : "0.8.3",
    "name" : "NoDomainVitalSignsObservationRespirationRateDepth"
  },
  {
    "id" : "NoDomainVitalSignsObservationRespirationRegularity",
    "type" : "ValueSet",
    "url" : "http://hl7.no/fhir/ValueSet/NoDomainVitalSignsObservationRespirationRegularity",
    "version" : "0.8.3",
    "name" : "NoDomainVitalSignsObservationRespirationRegularity"
  },
  {
    "id" : "NoDomainVitalSignsObservationSleepStatus",
    "type" : "ValueSet",
    "url" : "http://hl7.no/fhir/ValueSet/NoDomainVitalSignsObservationSleepStatus",
    "version" : "0.8.3",
    "name" : "NoDomainVitalSignsObservationSleepStatus"
  },
  {
    "id" : "NoDomainVitalSignsObservationSpontaneousBreathing",
    "type" : "ValueSet",
    "url" : "http://hl7.no/fhir/ValueSet/NoDomainVitalSignsObservationSpontaneousBreathing",
    "version" : "0.8.3",
    "name" : "NoDomainVitalSignsObservationSpontaneousBreathing"
  }
]
