{
  "codeSystems" : [
    {
      "url" : "http://hl7.org/fhir/observation-status",
      "version" : "4.0.1",
      "status" : "active",
      "name" : "ObservationStatus",
      "title" : "ObservationStatus",
      "description" : "Codes providing the status of an observation.",
      "oids" : ["2.16.840.1.113883.4.642.4.401"],
      "uses" : {
      },
      "http://hl7.org/fhir/R4/valueset-observation-status.html" : "ObservationStatus"
    },
    {
      "url" : "http://hl7.org/fhir/quantity-comparator",
      "version" : "4.0.1",
      "status" : "active",
      "name" : "QuantityComparator",
      "title" : "QuantityComparator",
      "description" : "How the Quantity should be understood and represented.",
      "oids" : ["2.16.840.1.113883.4.642.4.60"],
      "uses" : {
      },
      "http://hl7.org/fhir/R4/valueset-quantity-comparator.html" : "QuantityComparator"
    },
    {
      "url" : "http://loinc.org",
      "version" : "3.1.0",
      "status" : "active",
      "name" : "LOINC",
      "title" : "Logical Observation Identifiers, Names and Codes (LOINC)",
      "description" : "LOINC provides a set of universal names and ID codes for identifying laboratory and clinical test results.1,2 LOINC facilitates the exchange and pooling of results, such as blood hemoglobin, serum potassium, or vital signs, for clinical care, outcomes management, and research. LOINC's universal identifiers (names and codes) can be used in the context of order and observation exchanges between information systems that use syntax standards such as HL73, CEN TC251, ISO TC215, ASTM4, and DICOM. Specifically, the identifier can be used as the coded value for an observation in any other standard that uses the observation/observation value paradigm, whether messages, documents, application programming interface (API), etc. For example, LOINC codes are used widely in the OBX segment Observation Identifier field (OBX-3) of an ORU HL7 (HL7 version 2.x or ASTM 1238-9410) message that may be sent between a Clinical Laboratory Information Management Systems (LIMS) and Electronic Health Record Systems (EHR).5, 6 In this way, LOINC codes provide universal identifiers that allow the exchange of clinical data between heterogeneous computing environments.",
      "oids" : ["2.16.840.1.113883.6.1"],
      "uses" : {
      },
      "http://hl7.org/fhir/R4/valueset-observation-vitalsignresult.html" : "Vital Signs"
    },
    {
      "url" : "http://snomed.info/sct",
      "version" : null,
      "status" : "active",
      "name" : "SNOMED_CT",
      "title" : "SNOMED CT (all versions)",
      "description" : "SNOMED CT is the most comprehensive and precise clinical health terminology product in the world, owned and distributed around the world by The International Health Terminology Standards Development Organisation (IHTSDO).",
      "oids" : ["2.16.840.1.113883.6.96"],
      "uses" : {
      },
      "ValueSet-NoDomainVitalSignsObservationHeartRateBodySite.html" : "NoDomainVitalSignsObservationHeartRateBodySite",
      "ValueSet-NoDomainVitalSignsObservationBloodpressureBodySite.html" : "NoDomainVitalSignsObservationBloodpressureBodySite",
      "ValueSet-NoDomainVitalSignsObservationPulseBodySite.html" : "NoDomainVitalSignsObservationPulseBodySite",
      "ValueSet-NoDomainVitalSignsObservationBloodpressureBodyPosition.html" : "NoDomainVitalSignsObservationBloodpressureBodyPosition",
      "ValueSet-NoDomainVitalSignsObservationBodyTempBodySite.html" : "NoDomainVitalSignsObservationBodyTempBodySite",
      "ValueSet-NoDomainVitalSignsObservationHeartRateMeasurementMethod.html" : "NoDomainVitalSignsObservationHeartRateMeasurementMethod",
      "ValueSet-NoDomainVitalSignsObservationPulseRhythmIrregularity.html" : "NoDomainVitalSignsObservationPulseRhythmIrregularity",
      "ValueSet-NoDomainVitalSignsObservationCuffsize.html" : "NoDomainVitalSignsObservationCuffsize",
      "http://hl7.org/fhir/R4/valueset-observation-methods.html" : "Observation Methods",
      "http://hl7.org/fhir/R4/valueset-referencerange-appliesto.html" : "Observation Reference Range Applies To Codes",
      "ValueSet-NoDomainVitalSignsPulseMeasurmentMethod.html" : "NoDomainVitalSignsPulseMeasurmentMethod",
      "ValueSet-NoDomainVitalSignsObservationRespirationRegularity.html" : "NoDomainVitalSignsObservationRespirationRegularity",
      "ValueSet-NoDomainVitalSignsObservationRespirationRateDepth.html" : "NoDomainVitalSignsObservationRespirationRateDepth",
      "ValueSet-NoDomainVitalSignsObservationRespirationRateBodyPosition.html" : "NoDomainVitalSignsObservationRespirationRateBodyPosition",
      "ValueSet-NoDomainVitalSignsObservationPulseRhythm.html" : "NoDomainVitalSignsObservationPulseRhythm",
      "ValueSet-NoDomainVitalSignsObservationHeartRhythmIrregularity.html" : "NoDomainVitalSignsObservationHeartRhythmIrregularity",
      "ValueSet-NoDomainVitalSignsObservationBodyExposure.html" : "NoDomainVitalSignsObservationBodyExposure",
      "ValueSet-NoDomainVitalSignsObservationDiastolicendPoint.html" : "NoDomainVitalSignsObservationDiastolicendPoint",
      "ValueSet-NoDomainVitalSignsObservationSpontaneousBreathingVS.html" : "NoDomainVitalSignsObservationSpontaneousBreathingVS",
      "ValueSet-NoDomainVitalSignsObservationHeartRhythm.html" : "NoDomainVitalSignsObservationHeartRhythm",
      "ValueSet-NoDomainVitalSignsObservationHeartRatePulseBodyPosition.html" : "NoDomainVitalSignsObservationHeartRatePulseBodyPosition",
      "ValueSet-NoDomainVitalSignsObservationBodyHeightBodyPosition.html" : "NoDomainVitalSignsObservationBodyHeightBodyPosition",
      "http://hl7.org/fhir/R4/valueset-body-site.html" : "SNOMED CT Body Structures",
      "ValueSet-NoDomainVitalSignObservationBloodPressureMeasurementMethod.html" : "NoDomainVitalSignObservationBloodPressureMeasurementMethod",
      "ValueSet-NoDomainVitalSignsObservationClothingState.html" : "NoDomainVitalSignsObservationClothingState",
      "ValueSet-NoDomainVitalSignsObservationSleepStatusValueSet.html" : "NoDomainVitalSignsObservationSleepStatusValueSet"
    },
    {
      "url" : "http://terminology.hl7.org/CodeSystem/common-tags",
      "version" : "1.0.1",
      "status" : "active",
      "name" : "CommonTags",
      "title" : "Common Tags",
      "description" : "Common Tag Codes defined by FHIR project",
      "oids" : ["2.16.840.1.113883.4.642.1.1067"],
      "uses" : {
      },
      "http://hl7.org/fhir/R4/valueset-common-tags.html" : "Common Tags"
    },
    {
      "url" : "http://terminology.hl7.org/CodeSystem/data-absent-reason",
      "version" : "1.0.0",
      "status" : "active",
      "name" : "DataAbsentReason",
      "title" : "DataAbsentReason",
      "description" : "Used to specify why the normally expected content of the data element is missing.",
      "oids" : ["2.16.840.1.113883.4.642.4.1048"],
      "uses" : {
      },
      "http://hl7.org/fhir/R4/valueset-data-absent-reason.html" : "DataAbsentReason"
    },
    {
      "url" : "http://terminology.hl7.org/CodeSystem/observation-category",
      "version" : "1.0.1",
      "status" : "active",
      "name" : "ObservationCategoryCodes",
      "title" : "Observation Category Codes",
      "description" : "Observation Category codes.",
      "oids" : ["2.16.840.1.113883.4.642.1.1125"],
      "uses" : {
      },
      "http://hl7.org/fhir/R4/valueset-observation-category.html" : "Observation Category Codes"
    },
    {
      "url" : "http://terminology.hl7.org/CodeSystem/referencerange-meaning",
      "version" : "1.0.1",
      "status" : "active",
      "name" : "ObservationReferenceRangeMeaningCodes",
      "title" : "Observation Reference Range Meaning Codes",
      "description" : "This value set defines a set of codes that can be used to indicate the meaning/use of a reference range for a particular target population.",
      "oids" : ["2.16.840.1.113883.4.642.1.1124"],
      "uses" : {
      },
      "http://hl7.org/fhir/R4/valueset-referencerange-meaning.html" : "Observation Reference Range Meaning Codes"
    },
    {
      "url" : "http://terminology.hl7.org/CodeSystem/v3-ObservationInterpretation",
      "version" : "3.0.0",
      "status" : "active",
      "name" : "ObservationInterpretation",
      "title" : "ObservationInterpretation",
      "description" : "One or more codes providing a rough qualitative interpretation of the observation, such as \"normal\" / \"abnormal\", \"low\" / \"high\", \"better\" / \"worse\", \"resistant\" / \"susceptible\", \"expected\" / \"not expected\". The value set is intended to be for ANY use where coded representation of an interpretation is needed.",
      "oids" : ["2.16.840.1.113883.5.83"],
      "uses" : {
      },
      "http://hl7.org/fhir/R4/valueset-observation-interpretation.html" : "Observation Interpretation Codes"
    },
    {
      "url" : "http://unitsofmeasure.org",
      "version" : "3.0.1",
      "status" : "active",
      "name" : "UCUM",
      "title" : "Unified Code for Units of Measure (UCUM)",
      "description" : "The Unified Code for Units of Measure (UCUM) is a code system intended to include all units of measures being contemporarily used in international science, engineering, and business. The purpose is to facilitate unambiguous electronic communication of quantities together with their units. The focus is on electronic communication, as opposed to communication between humans. A typical application of The Unified Code for Units of Measure are electronic data interchange (EDI) protocols, but there is nothing that prevents it from being used in other types of machine communication.",
      "oids" : ["2.16.840.1.113883.6.8"],
      "uses" : {
      },
      "http://hl7.org/fhir/R4/valueset-ucum-bodylength.html" : "Body Length Units",
      "http://hl7.org/fhir/R4/valueset-ucum-bodytemp.html" : "Body Temperature Units",
      "http://hl7.org/fhir/R4/valueset-ucum-bodyweight.html" : "Body Weight Units",
      "http://hl7.org/fhir/R4/valueset-ucum-vitals-common.html" : "Vital Signs Units"
    },
    {
      "url" : "urn:ietf:bcp:47",
      "version" : "2.0.1",
      "status" : "active",
      "name" : "Ietf3066",
      "title" : "Tags for the Identification of Languages",
      "description" : "Older value from OID registry.  Superceded; see recommendations in BCP-47.",
      "oids" : ["2.16.840.1.113883.6.121"],
      "uses" : {
      },
      "http://hl7.org/fhir/R4/valueset-languages.html" : "Common Languages"
    }
  ]
}
