{
  "codeSystems" : [
    {
      "url" : "http://snomed.info/sct",
      "version" : null,
      "status" : "active",
      "name" : "SNOMED_CT",
      "title" : "SNOMED CT (all versions)",
      "description" : "SNOMED CT is the most comprehensive and precise clinical health terminology product in the world, owned and distributed around the world by The International Health Terminology Standards Development Organisation (IHTSDO).",
      "oids" : ["2.16.840.1.113883.6.96"],
      "uses" : {
      },
      "ValueSet-NoDomainVitalSignsPulsMeasurmentMethod.html" : "NoDomainVitalSignsPulsMeasurmentMethod",
      "ValueSet-NoDomainVitalSignsObservationRespirationRateDepth.html" : "NoDomainVitalSignsObservationRespirationRateDepth",
      "ValueSet-NoDomainVitalSignsObservationHeartRhythmIrregularity.html" : "NoDomainVitalSignsObservationHeartRhythmIrregularity",
      "ValueSet-NoDomainVitalSignsObservationSleepStatusValueSet.html" : "NoDomainVitalSignsObservationSleepStatusValueSet",
      "ValueSet-NoDomainVitalSignObservationBloodPressureMeasurementMethod.html" : "NoDomainVitalSignObservationBloodPressureMeasurementMethod",
      "ValueSet-NoDomainVitalSignsObservationBloodpressureBodyPosition.html" : "NoDomainVitalSignsObservationBloodpressureBodyPosition",
      "ValueSet-NoDomainVitalSignsObservationRespirationRateBodyPosition.html" : "NoDomainVitalSignsObservationRespirationRateBodyPosition",
      "ValueSet-NoDomainVitalSignsObservationRespirationRegularity.html" : "NoDomainVitalSignsObservationRespirationRegularity",
      "ValueSet-NoDomainVitalSignsObservationSpontaneousBreathingVS.html" : "NoDomainVitalSignsObservationSpontaneousBreathingVS",
      "ValueSet-NoDomainVitalSignsObservationDiastolicendPoint.html" : "NoDomainVitalSignsObservationDiastolicendPoint",
      "ValueSet-NoDomainVitalSignsObservationBodyTempBodySite.html" : "NoDomainVitalSignsObservationBodyTempBodySite",
      "ValueSet-NoDomainVitalSignsObservationBloodpressureBodySite.html" : "NoDomainVitalSignsObservationBloodpressureBodySite",
      "ValueSet-NoDomainVitalSignsObservationHeartRhythm.html" : "NoDomainVitalSignsObservationHeartRhythm",
      "ValueSet-NoDomainVitalSignsObservationBodyHeightBodyPosition.html" : "NoDomainVitalSignsObservationBodyHeightBodyPosition",
      "ValueSet-NoDomainVitalSignsObservationClothingState.html" : "NoDomainVitalSignsObservationClothingState",
      "ValueSet-NoDomainVitalSignsObservationPulsRhythmIrregularity.html" : "NoDomainVitalSignsObservationPulsRhythmIrregularity",
      "ValueSet-NoDomainVitalSignsObservationBodyExposure.html" : "NoDomainVitalSignsObservationBodyExposure",
      "ValueSet-NoDomainVitalSignsObservationPulsBodySite.html" : "NoDomainVitalSignsObservationPulsBodySite",
      "ValueSet-NoDomianVitalSignsObservationHeartRateMeasurementMethod.html" : "NoDomianVitalSignsObservationHeartRateMeasurementMethod",
      "ValueSet-NoDomainVitalSignsObservationCuffsize.html" : "NoDomainVitalSignsObservationCuffsize",
      "ValueSet-NoDomainVitalSignsObservationHeartRatePulsBodyPosition.html" : "NoDomainVitalSignsObservationHeartRatePulsBodyPosition",
      "ValueSet-NoDomainVitalSignsObservationHeartRateBodySite.html" : "NoDomainVitalSignsObservationHeartRateBodySite",
      "ValueSet-NoDomainVitalSignsObservationPulsRhythm.html" : "NoDomainVitalSignsObservationHeartRhythm"
    }
  ]
}
