{
  "codeSystems" : [
    {
      "url" : "http://snomed.info/sct",
      "version" : null,
      "status" : "active",
      "name" : "SNOMED_CT",
      "title" : "SNOMED CT (all versions)",
      "description" : "SNOMED CT is the most comprehensive and precise clinical health terminology product in the world, owned and distributed around the world by The International Health Terminology Standards Development Organisation (IHTSDO).",
      "oids" : ["2.16.840.1.113883.6.96"],
      "uses" : {
      },
      "ValueSet-NoDomainVitalSignsObservationSpontaneousBreathing.html" : "NoDomainVitalSignsObservationSpontaneousBreathing",
      "ValueSet-NoDomainVitalSignsObservationHeartRhythmIrregularity.html" : "NoDomainVitalSignsObservationHeartRhythmIrregularity",
      "ValueSet-NoDomainVitalSignsObservationPulseRhythm.html" : "NoDomainVitalSignsObservationPulseRhythm",
      "ValueSet-NoDomainVitalSignsObservationRespirationRegularity.html" : "NoDomainVitalSignsObservationRespirationRegularity",
      "ValueSet-NoDomainVitalSignsObservationBloodPressureMeasurementMethod.html" : "NoDomainVitalSignsObservationBloodPressureMeasurementMethod",
      "ValueSet-NoDomainVitalSignsObservationHeartRateMeasurementMethod.html" : "NoDomainVitalSignsObservationHeartRateMeasurementMethod",
      "ValueSet-NoDomainVitalSignsObservationPulseMeasurementMethod.html" : "NoDomainVitalSignsObservationPulseMeasurementMethod",
      "ValueSet-NoDomainVitalSignsObservationRespirationRateBodyPosition.html" : "NoDomainVitalSignsObservationRespirationRateBodyPosition",
      "ValueSet-NoDomainVitalSignsObservationBodyExposure.html" : "NoDomainVitalSignsObservationBodyExposure",
      "ValueSet-NoDomainVitalSignsObservationBloodpressureBodySite.html" : "NoDomainVitalSignsObservationBloodpressureBodySite",
      "ValueSet-NoDomainVitalSignsObservationBodyHeightBodyPosition.html" : "NoDomainVitalSignsObservationBodyHeightBodyPosition",
      "ValueSet-NoDomainVitalSignsObservationBodyTempBodySite.html" : "NoDomainVitalSignsObservationBodyTempBodySite",
      "ValueSet-NoDomainVitalSignsObservationRespirationRateDepth.html" : "NoDomainVitalSignsObservationRespirationRateDepth",
      "ValueSet-NoDomainVitalSignsObservationDiastolicendPoint.html" : "NoDomainVitalSignsObservationDiastolicendPoint",
      "ValueSet-NoDomainVitalSignsObservationPulseBodySite.html" : "NoDomainVitalSignsObservationPulseBodySite",
      "ValueSet-NoDomainVitalSignsObservationSleepStatus.html" : "NoDomainVitalSignsObservationSleepStatus",
      "ValueSet-NoDomainVitalSignsObservationCuffsize.html" : "NoDomainVitalSignsObservationCuffsize",
      "ValueSet-NoDomainVitalSignsObservationHeartRateBodySite.html" : "NoDomainVitalSignsObservationHeartRateBodySite",
      "ValueSet-NoDomainVitalSignsObservationHeartRatePulseBodyPosition.html" : "NoDomainVitalSignsObservationHeartRatePulseBodyPosition",
      "ValueSet-NoDomainVitalSignsObservationBloodpressureBodyPosition.html" : "NoDomainVitalSignsObservationBloodpressureBodyPosition",
      "ValueSet-NoDomainVitalSignsObservationPulseRhythmIrregularity.html" : "NoDomainVitalSignsObservationPulseRhythmIrregularity",
      "ValueSet-NoDomainVitalSignsObservationClothingState.html" : "NoDomainVitalSignsObservationClothingState"
    }
  ]
}
