{
  "resourceType" : "Bundle",
  "id" : "ab097ac3-ea5c-44a8-b32e-4dbbf39c746d",
  "meta" : {
    "lastUpdated" : "2025-03-24T06:23:12.346+00:00"
  },
  "type" : "collection",
  "entry" : [{
    "fullUrl" : "http://hl7.no/fhir/ValueSet/NoDomainVitalSignsObservationBloodPressureMeasurementMethod",
    "resource" : {
      "resourceType" : "ValueSet",
      "meta" : {
        "lastUpdated" : "2025-01-28T00:00:00+00:00",
        "profile" : ["http://hl7.org/fhir/StructureDefinition/shareablevalueset"]
      },
      "text" : {
        "status" : "generated",
        "div" : "<div xmlns=\"http://www.w3.org/1999/xhtml\"><p class=\"res-header-id\"><b>ValueSet </b></p><p style=\"border: black 1px dotted; background-color: #EEEEEE; padding: 8px; margin-bottom: 8px\">Expansion from tx.fhir.org based on SNOMED CT 900000000000207008 edition 01-Feb 2025</p><p>This value set contains 2 concepts</p><table class=\"codes\"><tr><td style=\"white-space:nowrap\"><b>Code</b></td><td><b>System</b></td><td><b>Display (no-NO)</b></td></tr><tr><td style=\"white-space:nowrap\"><a name=\"x-http://snomed.info/sct-37931006\"> </a>\u00a0\u00a0<a href=\"http://snomed.info/id/37931006\">37931006</a></td><td>http://snomed.info/sct</td><td>Auscultation</td></tr><tr><td style=\"white-space:nowrap\"><a name=\"x-http://snomed.info/sct-113011001\"> </a>\u00a0\u00a0<a href=\"http://snomed.info/id/113011001\">113011001</a></td><td>http://snomed.info/sct</td><td>Palpation</td></tr></table></div>"
      },
      "url" : "http://hl7.no/fhir/ValueSet/NoDomainVitalSignsObservationBloodPressureMeasurementMethod",
      "version" : "0.8.2",
      "name" : "NoDomainVitalSignsObservationBloodPressureMeasurementMethod",
      "title" : "NoDomainVitalSignsObservationBloodPressureMeasurementMethod",
      "status" : "draft",
      "experimental" : false,
      "date" : "2025-03-24T06:22:27+00:00",
      "jurisdiction" : [{
        "coding" : [{
          "system" : "urn:iso:std:iso:3166",
          "code" : "NO",
          "display" : "Norway"
        }]
      }],
      "expansion" : {
        "identifier" : "urn:uuid:9a91e94b-6921-4f5b-b72c-9eab9e0ba0ed",
        "timestamp" : "2025-03-24T06:23:53+00:00",
        "total" : 2,
        "offset" : 0,
        "parameter" : [{
          "name" : "displayLanguage",
          "valueCode" : "no-NO"
        },
        {
          "name" : "count",
          "valueInteger" : 1000
        },
        {
          "name" : "offset",
          "valueInteger" : 0
        },
        {
          "name" : "excludeNested",
          "valueBoolean" : false
        },
        {
          "name" : "used-valueset",
          "valueUri" : "null"
        },
        {
          "name" : "used-codesystem",
          "valueUri" : "http://snomed.info/sct|http://snomed.info/sct/900000000000207008/version/20250201"
        },
        {
          "name" : "version",
          "valueUri" : "http://snomed.info/sct|http://snomed.info/sct/900000000000207008/version/20250201"
        }],
        "contains" : [{
          "system" : "http://snomed.info/sct",
          "code" : "37931006",
          "display" : "Auscultation"
        },
        {
          "system" : "http://snomed.info/sct",
          "code" : "113011001",
          "display" : "Palpation"
        }]
      }
    }
  },
  {
    "fullUrl" : "http://hl7.no/fhir/ValueSet/NoDomainVitalSignsObservationBloodpressureBodyPosition",
    "resource" : {
      "resourceType" : "ValueSet",
      "meta" : {
        "lastUpdated" : "2025-01-28T00:00:00+00:00",
        "profile" : ["http://hl7.org/fhir/StructureDefinition/shareablevalueset"]
      },
      "text" : {
        "status" : "generated",
        "div" : "<div xmlns=\"http://www.w3.org/1999/xhtml\"><p class=\"res-header-id\"><b>ValueSet </b></p><p style=\"border: black 1px dotted; background-color: #EEEEEE; padding: 8px; margin-bottom: 8px\">Expansion from tx.fhir.org based on SNOMED CT 900000000000207008 edition 01-Feb 2025</p><p>This value set contains 4 concepts</p><table class=\"codes\"><tr><td style=\"white-space:nowrap\"><b>Code</b></td><td><b>System</b></td><td><b>Display (no-NO)</b></td></tr><tr><td style=\"white-space:nowrap\"><a name=\"x-http://snomed.info/sct-414585002\"> </a>\u00a0\u00a0<a href=\"http://snomed.info/id/414585002\">414585002</a></td><td>http://snomed.info/sct</td><td>Left lateral tilt (finding)</td></tr><tr><td style=\"white-space:nowrap\"><a name=\"x-http://snomed.info/sct-272580008\"> </a>\u00a0\u00a0<a href=\"http://snomed.info/id/272580008\">272580008</a></td><td>http://snomed.info/sct</td><td>Semi-recumbent position</td></tr><tr><td style=\"white-space:nowrap\"><a name=\"x-http://snomed.info/sct-10904000\"> </a>\u00a0\u00a0<a href=\"http://snomed.info/id/10904000\">10904000</a></td><td>http://snomed.info/sct</td><td>Orthostatic body position</td></tr><tr><td style=\"white-space:nowrap\"><a name=\"x-http://snomed.info/sct-33586001\"> </a>\u00a0\u00a0<a href=\"http://snomed.info/id/33586001\">33586001</a></td><td>http://snomed.info/sct</td><td>Sitting position</td></tr></table></div>"
      },
      "url" : "http://hl7.no/fhir/ValueSet/NoDomainVitalSignsObservationBloodpressureBodyPosition",
      "version" : "0.8.2",
      "name" : "NoDomainVitalSignsObservationBloodpressureBodyPosition",
      "title" : "NoDomainVitalSignsObservationBloodpressureBodyPosition",
      "status" : "draft",
      "experimental" : false,
      "date" : "2025-03-24T06:22:27+00:00",
      "jurisdiction" : [{
        "coding" : [{
          "system" : "urn:iso:std:iso:3166",
          "code" : "NO",
          "display" : "Norway"
        }]
      }],
      "expansion" : {
        "identifier" : "urn:uuid:33d7b4cd-0e18-49fc-900d-ec860a129795",
        "timestamp" : "2025-03-24T06:23:53+00:00",
        "total" : 4,
        "offset" : 0,
        "parameter" : [{
          "name" : "displayLanguage",
          "valueCode" : "no-NO"
        },
        {
          "name" : "count",
          "valueInteger" : 1000
        },
        {
          "name" : "offset",
          "valueInteger" : 0
        },
        {
          "name" : "excludeNested",
          "valueBoolean" : false
        },
        {
          "name" : "used-valueset",
          "valueUri" : "null"
        },
        {
          "name" : "used-codesystem",
          "valueUri" : "http://snomed.info/sct|http://snomed.info/sct/900000000000207008/version/20250201"
        },
        {
          "name" : "version",
          "valueUri" : "http://snomed.info/sct|http://snomed.info/sct/900000000000207008/version/20250201"
        }],
        "contains" : [{
          "system" : "http://snomed.info/sct",
          "code" : "414585002",
          "display" : "Left lateral tilt (finding)"
        },
        {
          "system" : "http://snomed.info/sct",
          "code" : "272580008",
          "display" : "Semi-recumbent position"
        },
        {
          "system" : "http://snomed.info/sct",
          "code" : "10904000",
          "display" : "Orthostatic body position"
        },
        {
          "system" : "http://snomed.info/sct",
          "code" : "33586001",
          "display" : "Sitting position"
        }]
      }
    }
  },
  {
    "fullUrl" : "http://hl7.no/fhir/ValueSet/NoDomainVitalSignsObservationBloodpressureBodySite",
    "resource" : {
      "resourceType" : "ValueSet",
      "meta" : {
        "lastUpdated" : "2025-01-28T00:00:00+00:00",
        "profile" : ["http://hl7.org/fhir/StructureDefinition/shareablevalueset"]
      },
      "text" : {
        "status" : "generated",
        "div" : "<div xmlns=\"http://www.w3.org/1999/xhtml\"><p class=\"res-header-id\"><b>ValueSet </b></p><p style=\"border: black 1px dotted; background-color: #EEEEEE; padding: 8px; margin-bottom: 8px\">Expansion from tx.fhir.org based on SNOMED CT 900000000000207008 edition 01-Feb 2025</p><p>This value set contains 12 concepts</p><table class=\"codes\"><tr><td style=\"white-space:nowrap\"><b>Code</b></td><td><b>System</b></td><td><b>Display (no-NO)</b></td></tr><tr><td style=\"white-space:nowrap\"><a name=\"x-http://snomed.info/sct-6685009\"> </a>\u00a0\u00a0<a href=\"http://snomed.info/id/6685009\">6685009</a></td><td>http://snomed.info/sct</td><td>Right ankle</td></tr><tr><td style=\"white-space:nowrap\"><a name=\"x-http://snomed.info/sct-51636004\"> </a>\u00a0\u00a0<a href=\"http://snomed.info/id/51636004\">51636004</a></td><td>http://snomed.info/sct</td><td>Left ankle</td></tr><tr><td style=\"white-space:nowrap\"><a name=\"x-http://snomed.info/sct-7569003\"> </a>\u00a0\u00a0<a href=\"http://snomed.info/id/7569003\">7569003</a></td><td>http://snomed.info/sct</td><td>Finger</td></tr><tr><td style=\"white-space:nowrap\"><a name=\"x-http://snomed.info/sct-2402003\"> </a>\u00a0\u00a0<a href=\"http://snomed.info/id/2402003\">2402003</a></td><td>http://snomed.info/sct</td><td>Dorsum of foot</td></tr><tr><td style=\"white-space:nowrap\"><a name=\"x-http://snomed.info/sct-9736006\"> </a>\u00a0\u00a0<a href=\"http://snomed.info/id/9736006\">9736006</a></td><td>http://snomed.info/sct</td><td>Right wrist</td></tr><tr><td style=\"white-space:nowrap\"><a name=\"x-http://snomed.info/sct-5951000\"> </a>\u00a0\u00a0<a href=\"http://snomed.info/id/5951000\">5951000</a></td><td>http://snomed.info/sct</td><td>Left wrist</td></tr><tr><td style=\"white-space:nowrap\"><a name=\"x-http://snomed.info/sct-51114001\"> </a>\u00a0\u00a0<a href=\"http://snomed.info/id/51114001\">51114001</a></td><td>http://snomed.info/sct</td><td>Artery</td></tr><tr><td style=\"white-space:nowrap\"><a name=\"x-http://snomed.info/sct-11207009\"> </a>\u00a0\u00a0<a href=\"http://snomed.info/id/11207009\">11207009</a></td><td>http://snomed.info/sct</td><td>Right thigh</td></tr><tr><td style=\"white-space:nowrap\"><a name=\"x-http://snomed.info/sct-61396006\"> </a>\u00a0\u00a0<a href=\"http://snomed.info/id/61396006\">61396006</a></td><td>http://snomed.info/sct</td><td>Left thigh</td></tr><tr><td style=\"white-space:nowrap\"><a name=\"x-http://snomed.info/sct-368209003\"> </a>\u00a0\u00a0<a href=\"http://snomed.info/id/368209003\">368209003</a></td><td>http://snomed.info/sct</td><td>Right upper arm</td></tr><tr><td style=\"white-space:nowrap\"><a name=\"x-http://snomed.info/sct-368208006\"> </a>\u00a0\u00a0<a href=\"http://snomed.info/id/368208006\">368208006</a></td><td>http://snomed.info/sct</td><td>Left upper arm structure</td></tr><tr><td style=\"white-space:nowrap\"><a name=\"x-http://snomed.info/sct-29707007\"> </a>\u00a0\u00a0<a href=\"http://snomed.info/id/29707007\">29707007</a></td><td>http://snomed.info/sct</td><td>Toe</td></tr></table></div>"
      },
      "url" : "http://hl7.no/fhir/ValueSet/NoDomainVitalSignsObservationBloodpressureBodySite",
      "version" : "0.8.2",
      "name" : "NoDomainVitalSignsObservationBloodpressureBodySite",
      "title" : "NoDomainVitalSignsObservationBloodpressureBodySite",
      "status" : "draft",
      "experimental" : false,
      "date" : "2025-03-24T06:22:27+00:00",
      "jurisdiction" : [{
        "coding" : [{
          "system" : "urn:iso:std:iso:3166",
          "code" : "NO",
          "display" : "Norway"
        }]
      }],
      "expansion" : {
        "identifier" : "urn:uuid:0d85347f-3176-4511-83a4-41966bd409b5",
        "timestamp" : "2025-03-24T06:23:54+00:00",
        "total" : 12,
        "offset" : 0,
        "parameter" : [{
          "name" : "displayLanguage",
          "valueCode" : "no-NO"
        },
        {
          "name" : "count",
          "valueInteger" : 1000
        },
        {
          "name" : "offset",
          "valueInteger" : 0
        },
        {
          "name" : "excludeNested",
          "valueBoolean" : false
        },
        {
          "name" : "used-valueset",
          "valueUri" : "null"
        },
        {
          "name" : "used-codesystem",
          "valueUri" : "http://snomed.info/sct|http://snomed.info/sct/900000000000207008/version/20250201"
        },
        {
          "name" : "version",
          "valueUri" : "http://snomed.info/sct|http://snomed.info/sct/900000000000207008/version/20250201"
        }],
        "contains" : [{
          "system" : "http://snomed.info/sct",
          "code" : "6685009",
          "display" : "Right ankle"
        },
        {
          "system" : "http://snomed.info/sct",
          "code" : "51636004",
          "display" : "Left ankle"
        },
        {
          "system" : "http://snomed.info/sct",
          "code" : "7569003",
          "display" : "Finger"
        },
        {
          "system" : "http://snomed.info/sct",
          "code" : "2402003",
          "display" : "Dorsum of foot"
        },
        {
          "system" : "http://snomed.info/sct",
          "code" : "9736006",
          "display" : "Right wrist"
        },
        {
          "system" : "http://snomed.info/sct",
          "code" : "5951000",
          "display" : "Left wrist"
        },
        {
          "system" : "http://snomed.info/sct",
          "code" : "51114001",
          "display" : "Artery"
        },
        {
          "system" : "http://snomed.info/sct",
          "code" : "11207009",
          "display" : "Right thigh"
        },
        {
          "system" : "http://snomed.info/sct",
          "code" : "61396006",
          "display" : "Left thigh"
        },
        {
          "system" : "http://snomed.info/sct",
          "code" : "368209003",
          "display" : "Right upper arm"
        },
        {
          "system" : "http://snomed.info/sct",
          "code" : "368208006",
          "display" : "Left upper arm structure"
        },
        {
          "system" : "http://snomed.info/sct",
          "code" : "29707007",
          "display" : "Toe"
        }]
      }
    }
  },
  {
    "fullUrl" : "http://hl7.no/fhir/ValueSet/NoDomainVitalSignsObservationBodyExposure",
    "resource" : {
      "resourceType" : "ValueSet",
      "meta" : {
        "lastUpdated" : "2025-01-28T00:00:00+00:00",
        "profile" : ["http://hl7.org/fhir/StructureDefinition/shareablevalueset"]
      },
      "text" : {
        "status" : "generated",
        "div" : "<div xmlns=\"http://www.w3.org/1999/xhtml\"><p class=\"res-header-id\"><b>ValueSet </b></p><p style=\"border: black 1px dotted; background-color: #EEEEEE; padding: 8px; margin-bottom: 8px\">Expansion from tx.fhir.org based on SNOMED CT 900000000000207008 edition 01-Feb 2025</p><p>This value set contains 0 concepts</p><table class=\"codes\"><tr><td style=\"white-space:nowrap\"><b>Code</b></td><td><b>System</b></td><td><b>Display (no-NO)</b></td></tr></table></div>"
      },
      "url" : "http://hl7.no/fhir/ValueSet/NoDomainVitalSignsObservationBodyExposure",
      "version" : "0.8.2",
      "name" : "NoDomainVitalSignsObservationBodyExposure",
      "title" : "NoDomainVitalSignsObservationBodyExposure",
      "status" : "draft",
      "experimental" : false,
      "date" : "2025-03-24T06:22:27+00:00",
      "jurisdiction" : [{
        "coding" : [{
          "system" : "urn:iso:std:iso:3166",
          "code" : "NO",
          "display" : "Norway"
        }]
      }],
      "expansion" : {
        "identifier" : "urn:uuid:b7aa1de3-d617-46ca-b851-7223ae7bb8f5",
        "timestamp" : "2025-03-24T06:23:54+00:00",
        "total" : 0,
        "offset" : 0,
        "parameter" : [{
          "name" : "displayLanguage",
          "valueCode" : "no-NO"
        },
        {
          "name" : "count",
          "valueInteger" : 1000
        },
        {
          "name" : "offset",
          "valueInteger" : 0
        },
        {
          "name" : "excludeNested",
          "valueBoolean" : false
        },
        {
          "name" : "used-valueset",
          "valueUri" : "null"
        },
        {
          "name" : "used-codesystem",
          "valueUri" : "http://snomed.info/sct|http://snomed.info/sct/900000000000207008/version/20250201"
        },
        {
          "name" : "version",
          "valueUri" : "http://snomed.info/sct|http://snomed.info/sct/900000000000207008/version/20250201"
        }]
      }
    }
  },
  {
    "fullUrl" : "http://hl7.no/fhir/ValueSet/NoDomainVitalSignsObservationBodyHeightBodyPosition",
    "resource" : {
      "resourceType" : "ValueSet",
      "meta" : {
        "lastUpdated" : "2025-01-28T00:00:00+00:00",
        "profile" : ["http://hl7.org/fhir/StructureDefinition/shareablevalueset"]
      },
      "text" : {
        "status" : "generated",
        "div" : "<div xmlns=\"http://www.w3.org/1999/xhtml\"><p class=\"res-header-id\"><b>ValueSet </b></p><p style=\"border: black 1px dotted; background-color: #EEEEEE; padding: 8px; margin-bottom: 8px\">Expansion from tx.fhir.org based on SNOMED CT 900000000000207008 edition 01-Feb 2025</p><p>This value set contains 1 concepts</p><table class=\"codes\"><tr><td style=\"white-space:nowrap\"><b>Code</b></td><td><b>System</b></td><td><b>Display (no-NO)</b></td></tr><tr><td style=\"white-space:nowrap\"><a name=\"x-http://snomed.info/sct-10904000\"> </a>\u00a0\u00a0<a href=\"http://snomed.info/id/10904000\">10904000</a></td><td>http://snomed.info/sct</td><td>Orthostatic body position</td></tr></table></div>"
      },
      "url" : "http://hl7.no/fhir/ValueSet/NoDomainVitalSignsObservationBodyHeightBodyPosition",
      "version" : "0.8.2",
      "name" : "NoDomainVitalSignsObservationBodyHeightBodyPosition",
      "title" : "NoDomainVitalSignsObservationBodyHeightBodyPosition",
      "status" : "draft",
      "experimental" : false,
      "date" : "2025-03-24T06:22:27+00:00",
      "jurisdiction" : [{
        "coding" : [{
          "system" : "urn:iso:std:iso:3166",
          "code" : "NO",
          "display" : "Norway"
        }]
      }],
      "expansion" : {
        "identifier" : "urn:uuid:38445f6d-ff82-481c-b6e7-6c1c8cbc16c2",
        "timestamp" : "2025-03-24T06:23:54+00:00",
        "total" : 1,
        "offset" : 0,
        "parameter" : [{
          "name" : "displayLanguage",
          "valueCode" : "no-NO"
        },
        {
          "name" : "count",
          "valueInteger" : 1000
        },
        {
          "name" : "offset",
          "valueInteger" : 0
        },
        {
          "name" : "excludeNested",
          "valueBoolean" : false
        },
        {
          "name" : "used-valueset",
          "valueUri" : "null"
        },
        {
          "name" : "used-codesystem",
          "valueUri" : "http://snomed.info/sct|http://snomed.info/sct/900000000000207008/version/20250201"
        },
        {
          "name" : "version",
          "valueUri" : "http://snomed.info/sct|http://snomed.info/sct/900000000000207008/version/20250201"
        }],
        "contains" : [{
          "system" : "http://snomed.info/sct",
          "code" : "10904000",
          "display" : "Orthostatic body position"
        }]
      }
    }
  },
  {
    "fullUrl" : "http://hl7.no/fhir/ValueSet/NoDomainVitalSignsObservationBodyTempBodySite",
    "resource" : {
      "resourceType" : "ValueSet",
      "meta" : {
        "lastUpdated" : "2025-01-28T00:00:00+00:00",
        "profile" : ["http://hl7.org/fhir/StructureDefinition/shareablevalueset"]
      },
      "text" : {
        "status" : "generated",
        "div" : "<div xmlns=\"http://www.w3.org/1999/xhtml\"><p class=\"res-header-id\"><b>ValueSet </b></p><p style=\"border: black 1px dotted; background-color: #EEEEEE; padding: 8px; margin-bottom: 8px\">Expansion from tx.fhir.org based on SNOMED CT 900000000000207008 edition 01-Feb 2025</p><p>This value set contains 13 concepts</p><table class=\"codes\"><tr><td style=\"white-space:nowrap\"><b>Code</b></td><td><b>System</b></td><td><b>Display (no-NO)</b></td></tr><tr><td style=\"white-space:nowrap\"><a name=\"x-http://snomed.info/sct-91470000\"> </a>\u00a0\u00a0<a href=\"http://snomed.info/id/91470000\">91470000</a></td><td>http://snomed.info/sct</td><td>Axillary region</td></tr><tr><td style=\"white-space:nowrap\"><a name=\"x-http://snomed.info/sct-34402009\"> </a>\u00a0\u00a0<a href=\"http://snomed.info/id/34402009\">34402009</a></td><td>http://snomed.info/sct</td><td>Rectum</td></tr><tr><td style=\"white-space:nowrap\"><a name=\"x-http://snomed.info/sct-39937001\"> </a>\u00a0\u00a0<a href=\"http://snomed.info/id/39937001\">39937001</a></td><td>http://snomed.info/sct</td><td>Skin</td></tr><tr><td style=\"white-space:nowrap\"><a name=\"x-http://snomed.info/sct-59820001\"> </a>\u00a0\u00a0<a href=\"http://snomed.info/id/59820001\">59820001</a></td><td>http://snomed.info/sct</td><td>Blood vessel</td></tr><tr><td style=\"white-space:nowrap\"><a name=\"x-http://snomed.info/sct-26893007\"> </a>\u00a0\u00a0<a href=\"http://snomed.info/id/26893007\">26893007</a></td><td>http://snomed.info/sct</td><td>Inguinal region</td></tr><tr><td style=\"white-space:nowrap\"><a name=\"x-http://snomed.info/sct-122861001\"> </a>\u00a0\u00a0<a href=\"http://snomed.info/id/122861001\">122861001</a></td><td>http://snomed.info/sct</td><td>Supramylohyoid space</td></tr><tr><td style=\"white-space:nowrap\"><a name=\"x-http://snomed.info/sct-71836000\"> </a>\u00a0\u00a0<a href=\"http://snomed.info/id/71836000\">71836000</a></td><td>http://snomed.info/sct</td><td>Nasopharynx</td></tr><tr><td style=\"white-space:nowrap\"><a name=\"x-http://snomed.info/sct-42859004\"> </a>\u00a0\u00a0<a href=\"http://snomed.info/id/42859004\">42859004</a></td><td>http://snomed.info/sct</td><td>Tympanic membrane</td></tr><tr><td style=\"white-space:nowrap\"><a name=\"x-http://snomed.info/sct-52795006\"> </a>\u00a0\u00a0<a href=\"http://snomed.info/id/52795006\">52795006</a></td><td>http://snomed.info/sct</td><td>Forehead</td></tr><tr><td style=\"white-space:nowrap\"><a name=\"x-http://snomed.info/sct-76784001\"> </a>\u00a0\u00a0<a href=\"http://snomed.info/id/76784001\">76784001</a></td><td>http://snomed.info/sct</td><td>Vagina</td></tr><tr><td style=\"white-space:nowrap\"><a name=\"x-http://snomed.info/sct-32849002\"> </a>\u00a0\u00a0<a href=\"http://snomed.info/id/32849002\">32849002</a></td><td>http://snomed.info/sct</td><td>Esophagus</td></tr><tr><td style=\"white-space:nowrap\"><a name=\"x-http://snomed.info/sct-450721000\"> </a>\u00a0\u00a0<a href=\"http://snomed.info/id/450721000\">450721000</a></td><td>http://snomed.info/sct</td><td>Structure of temporal region</td></tr><tr><td style=\"white-space:nowrap\"><a name=\"x-http://snomed.info/sct-89837001\"> </a>\u00a0\u00a0<a href=\"http://snomed.info/id/89837001\">89837001</a></td><td>http://snomed.info/sct</td><td>Urinary bladder</td></tr></table></div>"
      },
      "url" : "http://hl7.no/fhir/ValueSet/NoDomainVitalSignsObservationBodyTempBodySite",
      "version" : "0.8.2",
      "name" : "NoDomainVitalSignsObservationBodyTempBodySite",
      "title" : "NoDomainVitalSignsObservationBodyTempBodySite",
      "status" : "draft",
      "experimental" : false,
      "date" : "2025-03-24T06:22:27+00:00",
      "jurisdiction" : [{
        "coding" : [{
          "system" : "urn:iso:std:iso:3166",
          "code" : "NO",
          "display" : "Norway"
        }]
      }],
      "expansion" : {
        "identifier" : "urn:uuid:561b05e0-41bb-4ba5-9830-b7c23a646fe8",
        "timestamp" : "2025-03-24T06:23:54+00:00",
        "total" : 13,
        "offset" : 0,
        "parameter" : [{
          "name" : "displayLanguage",
          "valueCode" : "no-NO"
        },
        {
          "name" : "count",
          "valueInteger" : 1000
        },
        {
          "name" : "offset",
          "valueInteger" : 0
        },
        {
          "name" : "excludeNested",
          "valueBoolean" : false
        },
        {
          "name" : "used-valueset",
          "valueUri" : "null"
        },
        {
          "name" : "used-codesystem",
          "valueUri" : "http://snomed.info/sct|http://snomed.info/sct/900000000000207008/version/20250201"
        },
        {
          "name" : "version",
          "valueUri" : "http://snomed.info/sct|http://snomed.info/sct/900000000000207008/version/20250201"
        }],
        "contains" : [{
          "system" : "http://snomed.info/sct",
          "code" : "91470000",
          "display" : "Axillary region"
        },
        {
          "system" : "http://snomed.info/sct",
          "code" : "34402009",
          "display" : "Rectum"
        },
        {
          "system" : "http://snomed.info/sct",
          "code" : "39937001",
          "display" : "Skin"
        },
        {
          "system" : "http://snomed.info/sct",
          "code" : "59820001",
          "display" : "Blood vessel"
        },
        {
          "system" : "http://snomed.info/sct",
          "code" : "26893007",
          "display" : "Inguinal region"
        },
        {
          "system" : "http://snomed.info/sct",
          "code" : "122861001",
          "display" : "Supramylohyoid space"
        },
        {
          "system" : "http://snomed.info/sct",
          "code" : "71836000",
          "display" : "Nasopharynx"
        },
        {
          "system" : "http://snomed.info/sct",
          "code" : "42859004",
          "display" : "Tympanic membrane"
        },
        {
          "system" : "http://snomed.info/sct",
          "code" : "52795006",
          "display" : "Forehead"
        },
        {
          "system" : "http://snomed.info/sct",
          "code" : "76784001",
          "display" : "Vagina"
        },
        {
          "system" : "http://snomed.info/sct",
          "code" : "32849002",
          "display" : "Esophagus"
        },
        {
          "system" : "http://snomed.info/sct",
          "code" : "450721000",
          "display" : "Structure of temporal region"
        },
        {
          "system" : "http://snomed.info/sct",
          "code" : "89837001",
          "display" : "Urinary bladder"
        }]
      }
    }
  },
  {
    "fullUrl" : "http://hl7.no/fhir/ValueSet/NoDomainVitalSignsObservationClothingState",
    "resource" : {
      "resourceType" : "ValueSet",
      "meta" : {
        "lastUpdated" : "2025-01-28T00:00:00+00:00",
        "profile" : ["http://hl7.org/fhir/StructureDefinition/shareablevalueset"]
      },
      "text" : {
        "status" : "generated",
        "div" : "<div xmlns=\"http://www.w3.org/1999/xhtml\"><p class=\"res-header-id\"><b>ValueSet </b></p><p style=\"border: black 1px dotted; background-color: #EEEEEE; padding: 8px; margin-bottom: 8px\">Expansion from tx.fhir.org based on SNOMED CT 900000000000207008 edition 01-Feb 2025</p><p>This value set contains 0 concepts</p><table class=\"codes\"><tr><td style=\"white-space:nowrap\"><b>Code</b></td><td><b>System</b></td><td><b>Display (no-NO)</b></td></tr></table></div>"
      },
      "url" : "http://hl7.no/fhir/ValueSet/NoDomainVitalSignsObservationClothingState",
      "version" : "0.8.2",
      "name" : "NoDomainVitalSignsObservationClothingState",
      "title" : "NoDomainVitalSignsObservationClothingState",
      "status" : "draft",
      "experimental" : false,
      "date" : "2025-03-24T06:22:27+00:00",
      "jurisdiction" : [{
        "coding" : [{
          "system" : "urn:iso:std:iso:3166",
          "code" : "NO",
          "display" : "Norway"
        }]
      }],
      "expansion" : {
        "identifier" : "urn:uuid:15d09e35-c140-4ecb-8991-73988a69792a",
        "timestamp" : "2025-03-24T06:23:54+00:00",
        "total" : 0,
        "offset" : 0,
        "parameter" : [{
          "name" : "displayLanguage",
          "valueCode" : "no-NO"
        },
        {
          "name" : "count",
          "valueInteger" : 1000
        },
        {
          "name" : "offset",
          "valueInteger" : 0
        },
        {
          "name" : "excludeNested",
          "valueBoolean" : false
        },
        {
          "name" : "used-valueset",
          "valueUri" : "null"
        },
        {
          "name" : "used-codesystem",
          "valueUri" : "http://snomed.info/sct|http://snomed.info/sct/900000000000207008/version/20250201"
        },
        {
          "name" : "version",
          "valueUri" : "http://snomed.info/sct|http://snomed.info/sct/900000000000207008/version/20250201"
        }]
      }
    }
  },
  {
    "fullUrl" : "http://hl7.no/fhir/ValueSet/NoDomainVitalSignsObservationCuffsize",
    "resource" : {
      "resourceType" : "ValueSet",
      "meta" : {
        "lastUpdated" : "2025-01-28T00:00:00+00:00",
        "profile" : ["http://hl7.org/fhir/StructureDefinition/shareablevalueset"]
      },
      "text" : {
        "status" : "generated",
        "div" : "<div xmlns=\"http://www.w3.org/1999/xhtml\"><p class=\"res-header-id\"><b>ValueSet </b></p><p style=\"border: black 1px dotted; background-color: #EEEEEE; padding: 8px; margin-bottom: 8px\">Expansion from tx.fhir.org based on SNOMED CT 900000000000207008 edition 01-Feb 2025</p><p>This value set contains 3 concepts</p><table class=\"codes\"><tr><td style=\"white-space:nowrap\"><b>Code</b></td><td><b>System</b></td><td><b>Display (no-NO)</b></td></tr><tr><td style=\"white-space:nowrap\"><a name=\"x-http://snomed.info/sct-720736009\"> </a>\u00a0\u00a0<a href=\"http://snomed.info/id/720736009\">720736009</a></td><td>http://snomed.info/sct</td><td>Blood pressure cuff, pediatric size (physical object)</td></tr><tr><td style=\"white-space:nowrap\"><a name=\"x-http://snomed.info/sct-720740000\"> </a>\u00a0\u00a0<a href=\"http://snomed.info/id/720740000\">720740000</a></td><td>http://snomed.info/sct</td><td>Blood pressure cuff, adult thigh type (physical object)</td></tr><tr><td style=\"white-space:nowrap\"><a name=\"x-http://snomed.info/sct-720737000\"> </a>\u00a0\u00a0<a href=\"http://snomed.info/id/720737000\">720737000</a></td><td>http://snomed.info/sct</td><td>Blood pressure cuff, adult size (physical object)</td></tr></table></div>"
      },
      "url" : "http://hl7.no/fhir/ValueSet/NoDomainVitalSignsObservationCuffsize",
      "version" : "0.8.2",
      "name" : "NoDomainVitalSignsObservationCuffsize",
      "title" : "NoDomainVitalSignsObservationCuffsize",
      "status" : "draft",
      "experimental" : false,
      "date" : "2025-03-24T06:22:27+00:00",
      "jurisdiction" : [{
        "coding" : [{
          "system" : "urn:iso:std:iso:3166",
          "code" : "NO",
          "display" : "Norway"
        }]
      }],
      "expansion" : {
        "identifier" : "urn:uuid:3174d982-1dc0-4441-82b3-1ee4ec788735",
        "timestamp" : "2025-03-24T06:23:54+00:00",
        "total" : 3,
        "offset" : 0,
        "parameter" : [{
          "name" : "displayLanguage",
          "valueCode" : "no-NO"
        },
        {
          "name" : "count",
          "valueInteger" : 1000
        },
        {
          "name" : "offset",
          "valueInteger" : 0
        },
        {
          "name" : "excludeNested",
          "valueBoolean" : false
        },
        {
          "name" : "used-valueset",
          "valueUri" : "null"
        },
        {
          "name" : "used-codesystem",
          "valueUri" : "http://snomed.info/sct|http://snomed.info/sct/900000000000207008/version/20250201"
        },
        {
          "name" : "version",
          "valueUri" : "http://snomed.info/sct|http://snomed.info/sct/900000000000207008/version/20250201"
        }],
        "contains" : [{
          "system" : "http://snomed.info/sct",
          "code" : "720736009",
          "display" : "Blood pressure cuff, pediatric size (physical object)"
        },
        {
          "system" : "http://snomed.info/sct",
          "code" : "720740000",
          "display" : "Blood pressure cuff, adult thigh type (physical object)"
        },
        {
          "system" : "http://snomed.info/sct",
          "code" : "720737000",
          "display" : "Blood pressure cuff, adult size (physical object)"
        }]
      }
    }
  },
  {
    "fullUrl" : "http://hl7.no/fhir/ValueSet/NoDomainVitalSignsObservationDiastolicendPoint",
    "resource" : {
      "resourceType" : "ValueSet",
      "meta" : {
        "lastUpdated" : "2021-03-17T00:00:00+00:00",
        "profile" : ["http://hl7.org/fhir/StructureDefinition/shareablevalueset"]
      },
      "text" : {
        "status" : "generated",
        "div" : "<div xmlns=\"http://www.w3.org/1999/xhtml\"><p class=\"res-header-id\"><b>ValueSet </b></p><p style=\"border: black 1px dotted; background-color: #EEEEEE; padding: 8px; margin-bottom: 8px\">Expansion from tx.fhir.org based on SNOMED CT 900000000000207008 edition 01-Feb 2025</p><p>This value set contains 0 concepts</p><table class=\"codes\"><tr><td style=\"white-space:nowrap\"><b>Code</b></td><td><b>System</b></td><td><b>Display (no-NO)</b></td></tr></table></div>"
      },
      "url" : "http://hl7.no/fhir/ValueSet/NoDomainVitalSignsObservationDiastolicendPoint",
      "version" : "0.8.2",
      "name" : "NoDomainVitalSignsObservationDiastolicendPoint",
      "title" : "NoDomainVitalSignsObservationDiastolicendPoint",
      "status" : "draft",
      "experimental" : false,
      "date" : "2021-03-17T00:00:00+00:00",
      "jurisdiction" : [{
        "coding" : [{
          "system" : "urn:iso:std:iso:3166",
          "code" : "NO",
          "display" : "Norway"
        }]
      }],
      "expansion" : {
        "identifier" : "urn:uuid:7d5482fe-e29a-4a3a-a3a9-0dd47bf71dd7",
        "timestamp" : "2025-03-24T06:23:54+00:00",
        "total" : 0,
        "offset" : 0,
        "parameter" : [{
          "name" : "displayLanguage",
          "valueCode" : "no-NO"
        },
        {
          "name" : "count",
          "valueInteger" : 1000
        },
        {
          "name" : "offset",
          "valueInteger" : 0
        },
        {
          "name" : "excludeNested",
          "valueBoolean" : false
        },
        {
          "name" : "used-valueset",
          "valueUri" : "null"
        },
        {
          "name" : "used-codesystem",
          "valueUri" : "http://snomed.info/sct|http://snomed.info/sct/900000000000207008/version/20250201"
        },
        {
          "name" : "version",
          "valueUri" : "http://snomed.info/sct|http://snomed.info/sct/900000000000207008/version/20250201"
        }]
      }
    }
  },
  {
    "fullUrl" : "http://hl7.no/fhir/ValueSet/NoDomainVitalSignsObservationHeartRateBodySite",
    "resource" : {
      "resourceType" : "ValueSet",
      "meta" : {
        "lastUpdated" : "2025-01-28T00:00:00+00:00",
        "profile" : ["http://hl7.org/fhir/StructureDefinition/shareablevalueset"]
      },
      "text" : {
        "status" : "generated",
        "div" : "<div xmlns=\"http://www.w3.org/1999/xhtml\"><p class=\"res-header-id\"><b>ValueSet </b></p><p style=\"border: black 1px dotted; background-color: #EEEEEE; padding: 8px; margin-bottom: 8px\">Expansion from tx.fhir.org based on SNOMED CT 900000000000207008 edition 01-Feb 2025</p><p>This value set contains 1 concepts</p><table class=\"codes\"><tr><td style=\"white-space:nowrap\"><b>Code</b></td><td><b>System</b></td><td><b>Display (no-NO)</b></td></tr><tr><td style=\"white-space:nowrap\"><a name=\"x-http://snomed.info/sct-80891009\"> </a>\u00a0\u00a0<a href=\"http://snomed.info/id/80891009\">80891009</a></td><td>http://snomed.info/sct</td><td>Heart</td></tr></table></div>"
      },
      "url" : "http://hl7.no/fhir/ValueSet/NoDomainVitalSignsObservationHeartRateBodySite",
      "version" : "0.8.2",
      "name" : "NoDomainVitalSignsObservationHeartRateBodySite",
      "title" : "NoDomainVitalSignsObservationHeartRateBodySite",
      "status" : "draft",
      "experimental" : false,
      "date" : "2025-03-24T06:22:27+00:00",
      "jurisdiction" : [{
        "coding" : [{
          "system" : "urn:iso:std:iso:3166",
          "code" : "NO",
          "display" : "Norway"
        }]
      }],
      "expansion" : {
        "identifier" : "urn:uuid:a5b5d891-ac8d-4c6c-90f5-14dd3775d65e",
        "timestamp" : "2025-03-24T06:23:54+00:00",
        "total" : 1,
        "offset" : 0,
        "parameter" : [{
          "name" : "displayLanguage",
          "valueCode" : "no-NO"
        },
        {
          "name" : "count",
          "valueInteger" : 1000
        },
        {
          "name" : "offset",
          "valueInteger" : 0
        },
        {
          "name" : "excludeNested",
          "valueBoolean" : false
        },
        {
          "name" : "used-valueset",
          "valueUri" : "null"
        },
        {
          "name" : "used-codesystem",
          "valueUri" : "http://snomed.info/sct|http://snomed.info/sct/900000000000207008/version/20250201"
        },
        {
          "name" : "version",
          "valueUri" : "http://snomed.info/sct|http://snomed.info/sct/900000000000207008/version/20250201"
        }],
        "contains" : [{
          "system" : "http://snomed.info/sct",
          "code" : "80891009",
          "display" : "Heart"
        }]
      }
    }
  },
  {
    "fullUrl" : "http://hl7.no/fhir/ValueSet/NoDomainVitalSignsObservationHeartRateMeasurementMethod",
    "resource" : {
      "resourceType" : "ValueSet",
      "meta" : {
        "lastUpdated" : "2025-01-28T00:00:00+00:00",
        "profile" : ["http://hl7.org/fhir/StructureDefinition/shareablevalueset"]
      },
      "text" : {
        "status" : "generated",
        "div" : "<div xmlns=\"http://www.w3.org/1999/xhtml\"><p class=\"res-header-id\"><b>ValueSet </b></p><p style=\"border: black 1px dotted; background-color: #EEEEEE; padding: 8px; margin-bottom: 8px\">Expansion from tx.fhir.org based on SNOMED CT 900000000000207008 edition 01-Feb 2025</p><p>This value set contains 2 concepts</p><table class=\"codes\"><tr><td style=\"white-space:nowrap\"><b>Code</b></td><td><b>System</b></td><td><b>Display (no-NO)</b></td></tr><tr><td style=\"white-space:nowrap\"><a name=\"x-http://snomed.info/sct-37931006\"> </a>\u00a0\u00a0<a href=\"http://snomed.info/id/37931006\">37931006</a></td><td>http://snomed.info/sct</td><td>Auscultation</td></tr><tr><td style=\"white-space:nowrap\"><a name=\"x-http://snomed.info/sct-113011001\"> </a>\u00a0\u00a0<a href=\"http://snomed.info/id/113011001\">113011001</a></td><td>http://snomed.info/sct</td><td>Palpation</td></tr></table></div>"
      },
      "url" : "http://hl7.no/fhir/ValueSet/NoDomainVitalSignsObservationHeartRateMeasurementMethod",
      "version" : "0.8.2",
      "name" : "NoDomainVitalSignsObservationHeartRateMeasurementMethod",
      "title" : "NoDomainVitalSignsObservationHeartRateMeasurementMethod",
      "status" : "draft",
      "experimental" : false,
      "date" : "2025-03-24T06:22:27+00:00",
      "jurisdiction" : [{
        "coding" : [{
          "system" : "urn:iso:std:iso:3166",
          "code" : "NO",
          "display" : "Norway"
        }]
      }],
      "expansion" : {
        "identifier" : "urn:uuid:b2cd4a5c-89e5-4261-ad20-47d2d67a1ab4",
        "timestamp" : "2025-03-24T06:23:54+00:00",
        "total" : 2,
        "offset" : 0,
        "parameter" : [{
          "name" : "displayLanguage",
          "valueCode" : "no-NO"
        },
        {
          "name" : "count",
          "valueInteger" : 1000
        },
        {
          "name" : "offset",
          "valueInteger" : 0
        },
        {
          "name" : "excludeNested",
          "valueBoolean" : false
        },
        {
          "name" : "used-valueset",
          "valueUri" : "null"
        },
        {
          "name" : "used-codesystem",
          "valueUri" : "http://snomed.info/sct|http://snomed.info/sct/900000000000207008/version/20250201"
        },
        {
          "name" : "version",
          "valueUri" : "http://snomed.info/sct|http://snomed.info/sct/900000000000207008/version/20250201"
        }],
        "contains" : [{
          "system" : "http://snomed.info/sct",
          "code" : "37931006",
          "display" : "Auscultation"
        },
        {
          "system" : "http://snomed.info/sct",
          "code" : "113011001",
          "display" : "Palpation"
        }]
      }
    }
  },
  {
    "fullUrl" : "http://hl7.no/fhir/ValueSet/NoDomainVitalSignsObservationHeartRatePulseBodyPosition",
    "resource" : {
      "resourceType" : "ValueSet",
      "meta" : {
        "lastUpdated" : "2025-01-28T00:00:00+00:00",
        "profile" : ["http://hl7.org/fhir/StructureDefinition/shareablevalueset"]
      },
      "text" : {
        "status" : "generated",
        "div" : "<div xmlns=\"http://www.w3.org/1999/xhtml\"><p class=\"res-header-id\"><b>ValueSet </b></p><p style=\"border: black 1px dotted; background-color: #EEEEEE; padding: 8px; margin-bottom: 8px\">Expansion from tx.fhir.org based on SNOMED CT 900000000000207008 edition 01-Feb 2025</p><p>This value set contains 3 concepts</p><table class=\"codes\"><tr><td style=\"white-space:nowrap\"><b>Code</b></td><td><b>System</b></td><td><b>Display (no-NO)</b></td></tr><tr><td style=\"white-space:nowrap\"><a name=\"x-http://snomed.info/sct-33586001\"> </a>\u00a0\u00a0<a href=\"http://snomed.info/id/33586001\">33586001</a></td><td>http://snomed.info/sct</td><td>Sitting position</td></tr><tr><td style=\"white-space:nowrap\"><a name=\"x-http://snomed.info/sct-10904000\"> </a>\u00a0\u00a0<a href=\"http://snomed.info/id/10904000\">10904000</a></td><td>http://snomed.info/sct</td><td>Orthostatic body position</td></tr><tr><td style=\"white-space:nowrap\"><a name=\"x-http://snomed.info/sct-272580008\"> </a>\u00a0\u00a0<a href=\"http://snomed.info/id/272580008\">272580008</a></td><td>http://snomed.info/sct</td><td>Semi-recumbent position</td></tr></table></div>"
      },
      "url" : "http://hl7.no/fhir/ValueSet/NoDomainVitalSignsObservationHeartRatePulseBodyPosition",
      "version" : "0.8.2",
      "name" : "NoDomainVitalSignsObservationHeartRatePulseBodyPosition",
      "title" : "NoDomainVitalSignsObservationHeartRatePulseBodyPosition",
      "status" : "draft",
      "experimental" : false,
      "date" : "2025-03-24T06:22:27+00:00",
      "jurisdiction" : [{
        "coding" : [{
          "system" : "urn:iso:std:iso:3166",
          "code" : "NO",
          "display" : "Norway"
        }]
      }],
      "expansion" : {
        "identifier" : "urn:uuid:82fe2c8b-9f8e-4eb0-acb5-bd799a27dcd6",
        "timestamp" : "2025-03-24T06:23:54+00:00",
        "total" : 3,
        "offset" : 0,
        "parameter" : [{
          "name" : "displayLanguage",
          "valueCode" : "no-NO"
        },
        {
          "name" : "count",
          "valueInteger" : 1000
        },
        {
          "name" : "offset",
          "valueInteger" : 0
        },
        {
          "name" : "excludeNested",
          "valueBoolean" : false
        },
        {
          "name" : "used-valueset",
          "valueUri" : "null"
        },
        {
          "name" : "used-codesystem",
          "valueUri" : "http://snomed.info/sct|http://snomed.info/sct/900000000000207008/version/20250201"
        },
        {
          "name" : "version",
          "valueUri" : "http://snomed.info/sct|http://snomed.info/sct/900000000000207008/version/20250201"
        }],
        "contains" : [{
          "system" : "http://snomed.info/sct",
          "code" : "33586001",
          "display" : "Sitting position"
        },
        {
          "system" : "http://snomed.info/sct",
          "code" : "10904000",
          "display" : "Orthostatic body position"
        },
        {
          "system" : "http://snomed.info/sct",
          "code" : "272580008",
          "display" : "Semi-recumbent position"
        }]
      }
    }
  },
  {
    "fullUrl" : "http://hl7.no/fhir/ValueSet/NoDomainVitalSignsObservationHeartRhythmIrregularity",
    "resource" : {
      "resourceType" : "ValueSet",
      "meta" : {
        "lastUpdated" : "2025-01-28T00:00:00+00:00",
        "profile" : ["http://hl7.org/fhir/StructureDefinition/shareablevalueset"]
      },
      "text" : {
        "status" : "generated",
        "div" : "<div xmlns=\"http://www.w3.org/1999/xhtml\"><p class=\"res-header-id\"><b>ValueSet </b></p><p style=\"border: black 1px dotted; background-color: #EEEEEE; padding: 8px; margin-bottom: 8px\">Expansion from tx.fhir.org based on SNOMED CT 900000000000207008 edition 01-Feb 2025</p><p>This value set contains 3 concepts</p><table class=\"codes\"><tr><td style=\"white-space:nowrap\"><b>Code</b></td><td><b>System</b></td><td><b>Display (no-NO)</b></td></tr><tr><td style=\"white-space:nowrap\"><a name=\"x-http://snomed.info/sct-361137007\"> </a>\u00a0\u00a0<a href=\"http://snomed.info/id/361137007\">361137007</a></td><td>http://snomed.info/sct</td><td>Irregular heart beat</td></tr><tr><td style=\"white-space:nowrap\"><a name=\"x-http://snomed.info/sct-248652003\"> </a>\u00a0\u00a0<a href=\"http://snomed.info/id/248652003\">248652003</a></td><td>http://snomed.info/sct</td><td>Heart regularly irregular</td></tr><tr><td style=\"white-space:nowrap\"><a name=\"x-http://snomed.info/sct-248651005\"> </a>\u00a0\u00a0<a href=\"http://snomed.info/id/248651005\">248651005</a></td><td>http://snomed.info/sct</td><td>Heart irregularly irregular</td></tr></table></div>"
      },
      "url" : "http://hl7.no/fhir/ValueSet/NoDomainVitalSignsObservationHeartRhythmIrregularity",
      "version" : "0.8.2",
      "name" : "NoDomainVitalSignsObservationHeartRhythmIrregularity",
      "title" : "NoDomainVitalSignsObservationHeartRhythmIrregularity",
      "status" : "draft",
      "experimental" : false,
      "date" : "2025-03-24T06:22:27+00:00",
      "jurisdiction" : [{
        "coding" : [{
          "system" : "urn:iso:std:iso:3166",
          "code" : "NO",
          "display" : "Norway"
        }]
      }],
      "expansion" : {
        "identifier" : "urn:uuid:20524b90-c5b1-4aa1-9afa-08b6e9e9aeba",
        "timestamp" : "2025-03-24T06:23:54+00:00",
        "total" : 3,
        "offset" : 0,
        "parameter" : [{
          "name" : "displayLanguage",
          "valueCode" : "no-NO"
        },
        {
          "name" : "count",
          "valueInteger" : 1000
        },
        {
          "name" : "offset",
          "valueInteger" : 0
        },
        {
          "name" : "excludeNested",
          "valueBoolean" : false
        },
        {
          "name" : "used-valueset",
          "valueUri" : "null"
        },
        {
          "name" : "used-codesystem",
          "valueUri" : "http://snomed.info/sct|http://snomed.info/sct/900000000000207008/version/20250201"
        },
        {
          "name" : "version",
          "valueUri" : "http://snomed.info/sct|http://snomed.info/sct/900000000000207008/version/20250201"
        }],
        "contains" : [{
          "system" : "http://snomed.info/sct",
          "code" : "361137007",
          "display" : "Irregular heart beat"
        },
        {
          "system" : "http://snomed.info/sct",
          "code" : "248652003",
          "display" : "Heart regularly irregular"
        },
        {
          "system" : "http://snomed.info/sct",
          "code" : "248651005",
          "display" : "Heart irregularly irregular"
        }]
      }
    }
  },
  {
    "fullUrl" : "http://hl7.no/fhir/ValueSet/NoDomainVitalSignsObservationPulseBodySite",
    "resource" : {
      "resourceType" : "ValueSet",
      "meta" : {
        "lastUpdated" : "2025-01-28T00:00:00+00:00",
        "profile" : ["http://hl7.org/fhir/StructureDefinition/shareablevalueset"]
      },
      "text" : {
        "status" : "generated",
        "div" : "<div xmlns=\"http://www.w3.org/1999/xhtml\"><p class=\"res-header-id\"><b>ValueSet </b></p><p style=\"border: black 1px dotted; background-color: #EEEEEE; padding: 8px; margin-bottom: 8px\">Expansion from tx.fhir.org based on SNOMED CT 900000000000207008 edition 01-Feb 2025</p><p>This value set contains 12 concepts</p><table class=\"codes\"><tr><td style=\"white-space:nowrap\"><b>Code</b></td><td><b>System</b></td><td><b>Display (no-NO)</b></td></tr><tr><td style=\"white-space:nowrap\"><a name=\"x-http://snomed.info/sct-723962009\"> </a>\u00a0\u00a0<a href=\"http://snomed.info/id/723962009\">723962009</a></td><td>http://snomed.info/sct</td><td>Structure of right brachial artery (body structure)</td></tr><tr><td style=\"white-space:nowrap\"><a name=\"x-http://snomed.info/sct-723961002\"> </a>\u00a0\u00a0<a href=\"http://snomed.info/id/723961002\">723961002</a></td><td>http://snomed.info/sct</td><td>Structure of left brachial artery (body structure)</td></tr><tr><td style=\"white-space:nowrap\"><a name=\"x-http://snomed.info/sct-721033002\"> </a>\u00a0\u00a0<a href=\"http://snomed.info/id/721033002\">721033002</a></td><td>http://snomed.info/sct</td><td>Structure of right carotid artery (body structure)</td></tr><tr><td style=\"white-space:nowrap\"><a name=\"x-http://snomed.info/sct-721028001\"> </a>\u00a0\u00a0<a href=\"http://snomed.info/id/721028001\">721028001</a></td><td>http://snomed.info/sct</td><td>Structure of left carotid artery (body structure)</td></tr><tr><td style=\"white-space:nowrap\"><a name=\"x-http://snomed.info/sct-69833005\"> </a>\u00a0\u00a0<a href=\"http://snomed.info/id/69833005\">69833005</a></td><td>http://snomed.info/sct</td><td>Right femoral artery</td></tr><tr><td style=\"white-space:nowrap\"><a name=\"x-http://snomed.info/sct-113270003\"> </a>\u00a0\u00a0<a href=\"http://snomed.info/id/113270003\">113270003</a></td><td>http://snomed.info/sct</td><td>Left femoral artery</td></tr><tr><td style=\"white-space:nowrap\"><a name=\"x-http://snomed.info/sct-7569003\"> </a>\u00a0\u00a0<a href=\"http://snomed.info/id/7569003\">7569003</a></td><td>http://snomed.info/sct</td><td>Finger</td></tr><tr><td style=\"white-space:nowrap\"><a name=\"x-http://snomed.info/sct-48800003\"> </a>\u00a0\u00a0<a href=\"http://snomed.info/id/48800003\">48800003</a></td><td>http://snomed.info/sct</td><td>Ear lobule</td></tr><tr><td style=\"white-space:nowrap\"><a name=\"x-http://snomed.info/sct-368503001\"> </a>\u00a0\u00a0<a href=\"http://snomed.info/id/368503001\">368503001</a></td><td>http://snomed.info/sct</td><td>Right radial artery</td></tr><tr><td style=\"white-space:nowrap\"><a name=\"x-http://snomed.info/sct-368504007\"> </a>\u00a0\u00a0<a href=\"http://snomed.info/id/368504007\">368504007</a></td><td>http://snomed.info/sct</td><td>Structure of left radial artery</td></tr><tr><td style=\"white-space:nowrap\"><a name=\"x-http://snomed.info/sct-29707007\"> </a>\u00a0\u00a0<a href=\"http://snomed.info/id/29707007\">29707007</a></td><td>http://snomed.info/sct</td><td>Toe</td></tr><tr><td style=\"white-space:nowrap\"><a name=\"x-http://snomed.info/sct-86547008\"> </a>\u00a0\u00a0<a href=\"http://snomed.info/id/86547008\">86547008</a></td><td>http://snomed.info/sct</td><td>Dorsalis pedis artery</td></tr></table></div>"
      },
      "url" : "http://hl7.no/fhir/ValueSet/NoDomainVitalSignsObservationPulseBodySite",
      "version" : "0.8.2",
      "name" : "NoDomainVitalSignsObservationPulseBodySite",
      "title" : "NoDomainVitalSignsObservationPulseBodySite",
      "status" : "draft",
      "experimental" : false,
      "date" : "2025-03-24T06:22:27+00:00",
      "jurisdiction" : [{
        "coding" : [{
          "system" : "urn:iso:std:iso:3166",
          "code" : "NO",
          "display" : "Norway"
        }]
      }],
      "expansion" : {
        "identifier" : "urn:uuid:ea239005-4409-4291-8fe2-0d992fb41f39",
        "timestamp" : "2025-03-24T06:23:54+00:00",
        "total" : 12,
        "offset" : 0,
        "parameter" : [{
          "name" : "displayLanguage",
          "valueCode" : "no-NO"
        },
        {
          "name" : "count",
          "valueInteger" : 1000
        },
        {
          "name" : "offset",
          "valueInteger" : 0
        },
        {
          "name" : "excludeNested",
          "valueBoolean" : false
        },
        {
          "name" : "used-valueset",
          "valueUri" : "null"
        },
        {
          "name" : "used-codesystem",
          "valueUri" : "http://snomed.info/sct|http://snomed.info/sct/900000000000207008/version/20250201"
        },
        {
          "name" : "version",
          "valueUri" : "http://snomed.info/sct|http://snomed.info/sct/900000000000207008/version/20250201"
        }],
        "contains" : [{
          "system" : "http://snomed.info/sct",
          "code" : "723962009",
          "display" : "Structure of right brachial artery (body structure)"
        },
        {
          "system" : "http://snomed.info/sct",
          "code" : "723961002",
          "display" : "Structure of left brachial artery (body structure)"
        },
        {
          "system" : "http://snomed.info/sct",
          "code" : "721033002",
          "display" : "Structure of right carotid artery (body structure)"
        },
        {
          "system" : "http://snomed.info/sct",
          "code" : "721028001",
          "display" : "Structure of left carotid artery (body structure)"
        },
        {
          "system" : "http://snomed.info/sct",
          "code" : "69833005",
          "display" : "Right femoral artery"
        },
        {
          "system" : "http://snomed.info/sct",
          "code" : "113270003",
          "display" : "Left femoral artery"
        },
        {
          "system" : "http://snomed.info/sct",
          "code" : "7569003",
          "display" : "Finger"
        },
        {
          "system" : "http://snomed.info/sct",
          "code" : "48800003",
          "display" : "Ear lobule"
        },
        {
          "system" : "http://snomed.info/sct",
          "code" : "368503001",
          "display" : "Right radial artery"
        },
        {
          "system" : "http://snomed.info/sct",
          "code" : "368504007",
          "display" : "Structure of left radial artery"
        },
        {
          "system" : "http://snomed.info/sct",
          "code" : "29707007",
          "display" : "Toe"
        },
        {
          "system" : "http://snomed.info/sct",
          "code" : "86547008",
          "display" : "Dorsalis pedis artery"
        }]
      }
    }
  },
  {
    "fullUrl" : "http://hl7.no/fhir/ValueSet/NoDomainVitalSignsObservationPulseMeasurementMethod",
    "resource" : {
      "resourceType" : "ValueSet",
      "meta" : {
        "lastUpdated" : "2025-01-28T00:00:00+00:00",
        "profile" : ["http://hl7.org/fhir/StructureDefinition/shareablevalueset"]
      },
      "text" : {
        "status" : "generated",
        "div" : "<div xmlns=\"http://www.w3.org/1999/xhtml\"><p class=\"res-header-id\"><b>ValueSet </b></p><p style=\"border: black 1px dotted; background-color: #EEEEEE; padding: 8px; margin-bottom: 8px\">Expansion from tx.fhir.org based on SNOMED CT 900000000000207008 edition 01-Feb 2025</p><p>This value set contains 2 concepts</p><table class=\"codes\"><tr><td style=\"white-space:nowrap\"><b>Code</b></td><td><b>System</b></td><td><b>Display (no-NO)</b></td></tr><tr><td style=\"white-space:nowrap\"><a name=\"x-http://snomed.info/sct-37931006\"> </a>\u00a0\u00a0<a href=\"http://snomed.info/id/37931006\">37931006</a></td><td>http://snomed.info/sct</td><td>Auscultation</td></tr><tr><td style=\"white-space:nowrap\"><a name=\"x-http://snomed.info/sct-113011001\"> </a>\u00a0\u00a0<a href=\"http://snomed.info/id/113011001\">113011001</a></td><td>http://snomed.info/sct</td><td>Palpation</td></tr></table></div>"
      },
      "url" : "http://hl7.no/fhir/ValueSet/NoDomainVitalSignsObservationPulseMeasurementMethod",
      "version" : "0.8.2",
      "name" : "NoDomainVitalSignsObservationPulseMeasurementMethod",
      "title" : "NoDomainVitalSignsObservationPulseMeasurementMethod",
      "status" : "draft",
      "experimental" : false,
      "date" : "2025-03-24T06:22:27+00:00",
      "jurisdiction" : [{
        "coding" : [{
          "system" : "urn:iso:std:iso:3166",
          "code" : "NO",
          "display" : "Norway"
        }]
      }],
      "expansion" : {
        "identifier" : "urn:uuid:71db0f8a-981e-4ed5-b079-9d9f4636134b",
        "timestamp" : "2025-03-24T06:23:54+00:00",
        "total" : 2,
        "offset" : 0,
        "parameter" : [{
          "name" : "displayLanguage",
          "valueCode" : "no-NO"
        },
        {
          "name" : "count",
          "valueInteger" : 1000
        },
        {
          "name" : "offset",
          "valueInteger" : 0
        },
        {
          "name" : "excludeNested",
          "valueBoolean" : false
        },
        {
          "name" : "used-valueset",
          "valueUri" : "null"
        },
        {
          "name" : "used-codesystem",
          "valueUri" : "http://snomed.info/sct|http://snomed.info/sct/900000000000207008/version/20250201"
        },
        {
          "name" : "version",
          "valueUri" : "http://snomed.info/sct|http://snomed.info/sct/900000000000207008/version/20250201"
        }],
        "contains" : [{
          "system" : "http://snomed.info/sct",
          "code" : "37931006",
          "display" : "Auscultation"
        },
        {
          "system" : "http://snomed.info/sct",
          "code" : "113011001",
          "display" : "Palpation"
        }]
      }
    }
  },
  {
    "fullUrl" : "http://hl7.no/fhir/ValueSet/NoDomainVitalSignsObservationPulseRhythm",
    "resource" : {
      "resourceType" : "ValueSet",
      "meta" : {
        "lastUpdated" : "2025-01-28T00:00:00+00:00",
        "profile" : ["http://hl7.org/fhir/StructureDefinition/shareablevalueset"]
      },
      "text" : {
        "status" : "generated",
        "div" : "<div xmlns=\"http://www.w3.org/1999/xhtml\"><p class=\"res-header-id\"><b>ValueSet </b></p><p style=\"border: black 1px dotted; background-color: #EEEEEE; padding: 8px; margin-bottom: 8px\">Expansion from tx.fhir.org based on SNOMED CT 900000000000207008 edition 01-Feb 2025</p><p>This value set contains 2 concepts</p><table class=\"codes\"><tr><td style=\"white-space:nowrap\"><b>Code</b></td><td><b>System</b></td><td><b>Display (no-NO)</b></td></tr><tr><td style=\"white-space:nowrap\"><a name=\"x-http://snomed.info/sct-271636001\"> </a>\u00a0\u00a0<a href=\"http://snomed.info/id/271636001\">271636001</a></td><td>http://snomed.info/sct</td><td>Pulse regular</td></tr><tr><td style=\"white-space:nowrap\"><a name=\"x-http://snomed.info/sct-61086009\"> </a>\u00a0\u00a0<a href=\"http://snomed.info/id/61086009\">61086009</a></td><td>http://snomed.info/sct</td><td>Uregelmessig</td></tr></table></div>"
      },
      "url" : "http://hl7.no/fhir/ValueSet/NoDomainVitalSignsObservationPulseRhythm",
      "version" : "0.8.2",
      "name" : "NoDomainVitalSignsObservationPulseRhythm",
      "title" : "NoDomainVitalSignsObservationPulseRhythm",
      "status" : "draft",
      "experimental" : false,
      "date" : "2025-03-24T06:22:27+00:00",
      "jurisdiction" : [{
        "coding" : [{
          "system" : "urn:iso:std:iso:3166",
          "code" : "NO",
          "display" : "Norway"
        }]
      }],
      "expansion" : {
        "identifier" : "urn:uuid:50884032-8e57-4db5-9d75-79eb0d87c2cf",
        "timestamp" : "2025-03-24T06:23:54+00:00",
        "total" : 2,
        "offset" : 0,
        "parameter" : [{
          "name" : "displayLanguage",
          "valueCode" : "no-NO"
        },
        {
          "name" : "count",
          "valueInteger" : 1000
        },
        {
          "name" : "offset",
          "valueInteger" : 0
        },
        {
          "name" : "excludeNested",
          "valueBoolean" : false
        },
        {
          "name" : "used-valueset",
          "valueUri" : "null"
        },
        {
          "name" : "used-codesystem",
          "valueUri" : "http://snomed.info/sct|http://snomed.info/sct/900000000000207008/version/20250201"
        },
        {
          "name" : "version",
          "valueUri" : "http://snomed.info/sct|http://snomed.info/sct/900000000000207008/version/20250201"
        }],
        "contains" : [{
          "system" : "http://snomed.info/sct",
          "code" : "271636001",
          "display" : "Pulse regular"
        },
        {
          "system" : "http://snomed.info/sct",
          "code" : "61086009",
          "display" : "Uregelmessig"
        }]
      }
    }
  },
  {
    "fullUrl" : "http://hl7.no/fhir/ValueSet/NoDomainVitalSignsObservationPulseRhythmIrregularity",
    "resource" : {
      "resourceType" : "ValueSet",
      "meta" : {
        "lastUpdated" : "2025-01-28T00:00:00+00:00",
        "profile" : ["http://hl7.org/fhir/StructureDefinition/shareablevalueset"]
      },
      "text" : {
        "status" : "generated",
        "div" : "<div xmlns=\"http://www.w3.org/1999/xhtml\"><p class=\"res-header-id\"><b>ValueSet </b></p><p style=\"border: black 1px dotted; background-color: #EEEEEE; padding: 8px; margin-bottom: 8px\">Expansion from tx.fhir.org based on SNOMED CT 900000000000207008 edition 01-Feb 2025</p><p>This value set contains 2 concepts</p><table class=\"codes\"><tr><td style=\"white-space:nowrap\"><b>Code</b></td><td><b>System</b></td><td><b>Display (no-NO)</b></td></tr><tr><td style=\"white-space:nowrap\"><a name=\"x-http://snomed.info/sct-271638000\"> </a>\u00a0\u00a0<a href=\"http://snomed.info/id/271638000\">271638000</a></td><td>http://snomed.info/sct</td><td>Pulse regularly irregular</td></tr><tr><td style=\"white-space:nowrap\"><a name=\"x-http://snomed.info/sct-271637005\"> </a>\u00a0\u00a0<a href=\"http://snomed.info/id/271637005\">271637005</a></td><td>http://snomed.info/sct</td><td>Pulse irregularly irregular</td></tr></table></div>"
      },
      "url" : "http://hl7.no/fhir/ValueSet/NoDomainVitalSignsObservationPulseRhythmIrregularity",
      "version" : "0.8.2",
      "name" : "NoDomainVitalSignsObservationPulseRhythmIrregularity",
      "title" : "NoDomainVitalSignsObservationPulseRhythmIrregularity",
      "status" : "draft",
      "experimental" : false,
      "date" : "2025-03-24T06:22:27+00:00",
      "jurisdiction" : [{
        "coding" : [{
          "system" : "urn:iso:std:iso:3166",
          "code" : "NO",
          "display" : "Norway"
        }]
      }],
      "expansion" : {
        "identifier" : "urn:uuid:42fd74a6-d9fe-44fd-89a5-95419aab91dd",
        "timestamp" : "2025-03-24T06:23:54+00:00",
        "total" : 2,
        "offset" : 0,
        "parameter" : [{
          "name" : "displayLanguage",
          "valueCode" : "no-NO"
        },
        {
          "name" : "count",
          "valueInteger" : 1000
        },
        {
          "name" : "offset",
          "valueInteger" : 0
        },
        {
          "name" : "excludeNested",
          "valueBoolean" : false
        },
        {
          "name" : "used-valueset",
          "valueUri" : "null"
        },
        {
          "name" : "used-codesystem",
          "valueUri" : "http://snomed.info/sct|http://snomed.info/sct/900000000000207008/version/20250201"
        },
        {
          "name" : "version",
          "valueUri" : "http://snomed.info/sct|http://snomed.info/sct/900000000000207008/version/20250201"
        }],
        "contains" : [{
          "system" : "http://snomed.info/sct",
          "code" : "271638000",
          "display" : "Pulse regularly irregular"
        },
        {
          "system" : "http://snomed.info/sct",
          "code" : "271637005",
          "display" : "Pulse irregularly irregular"
        }]
      }
    }
  },
  {
    "fullUrl" : "http://hl7.no/fhir/ValueSet/NoDomainVitalSignsObservationRespirationRateBodyPosition",
    "resource" : {
      "resourceType" : "ValueSet",
      "meta" : {
        "lastUpdated" : "2025-01-28T00:00:00+00:00",
        "profile" : ["http://hl7.org/fhir/StructureDefinition/shareablevalueset"]
      },
      "text" : {
        "status" : "generated",
        "div" : "<div xmlns=\"http://www.w3.org/1999/xhtml\"><p class=\"res-header-id\"><b>ValueSet </b></p><p style=\"border: black 1px dotted; background-color: #EEEEEE; padding: 8px; margin-bottom: 8px\">Expansion from tx.fhir.org based on SNOMED CT 900000000000207008 edition 01-Feb 2025</p><p>This value set contains 5 concepts</p><table class=\"codes\"><tr><td style=\"white-space:nowrap\"><b>Code</b></td><td><b>System</b></td><td><b>Display (no-NO)</b></td></tr><tr><td style=\"white-space:nowrap\"><a name=\"x-http://snomed.info/sct-1240000\"> </a>\u00a0\u00a0<a href=\"http://snomed.info/id/1240000\">1240000</a></td><td>http://snomed.info/sct</td><td>Prone body position</td></tr><tr><td style=\"white-space:nowrap\"><a name=\"x-http://snomed.info/sct-40199007\"> </a>\u00a0\u00a0<a href=\"http://snomed.info/id/40199007\">40199007</a></td><td>http://snomed.info/sct</td><td>Supine body position</td></tr><tr><td style=\"white-space:nowrap\"><a name=\"x-http://snomed.info/sct-33586001\"> </a>\u00a0\u00a0<a href=\"http://snomed.info/id/33586001\">33586001</a></td><td>http://snomed.info/sct</td><td>Sitting position</td></tr><tr><td style=\"white-space:nowrap\"><a name=\"x-http://snomed.info/sct-10904000\"> </a>\u00a0\u00a0<a href=\"http://snomed.info/id/10904000\">10904000</a></td><td>http://snomed.info/sct</td><td>Orthostatic body position</td></tr><tr><td style=\"white-space:nowrap\"><a name=\"x-http://snomed.info/sct-272580008\"> </a>\u00a0\u00a0<a href=\"http://snomed.info/id/272580008\">272580008</a></td><td>http://snomed.info/sct</td><td>Semi-recumbent position</td></tr></table></div>"
      },
      "url" : "http://hl7.no/fhir/ValueSet/NoDomainVitalSignsObservationRespirationRateBodyPosition",
      "version" : "0.8.2",
      "name" : "NoDomainVitalSignsObservationRespirationRateBodyPosition",
      "title" : "NoDomainVitalSignsObservationRespirationRateBodyPosition",
      "status" : "draft",
      "experimental" : false,
      "date" : "2025-03-24T06:22:27+00:00",
      "jurisdiction" : [{
        "coding" : [{
          "system" : "urn:iso:std:iso:3166",
          "code" : "NO",
          "display" : "Norway"
        }]
      }],
      "expansion" : {
        "identifier" : "urn:uuid:4d0f102c-4fff-490d-abc8-651f09737f14",
        "timestamp" : "2025-03-24T06:23:54+00:00",
        "total" : 5,
        "offset" : 0,
        "parameter" : [{
          "name" : "displayLanguage",
          "valueCode" : "no-NO"
        },
        {
          "name" : "count",
          "valueInteger" : 1000
        },
        {
          "name" : "offset",
          "valueInteger" : 0
        },
        {
          "name" : "excludeNested",
          "valueBoolean" : false
        },
        {
          "name" : "used-valueset",
          "valueUri" : "null"
        },
        {
          "name" : "used-codesystem",
          "valueUri" : "http://snomed.info/sct|http://snomed.info/sct/900000000000207008/version/20250201"
        },
        {
          "name" : "version",
          "valueUri" : "http://snomed.info/sct|http://snomed.info/sct/900000000000207008/version/20250201"
        }],
        "contains" : [{
          "system" : "http://snomed.info/sct",
          "code" : "1240000",
          "display" : "Prone body position"
        },
        {
          "system" : "http://snomed.info/sct",
          "code" : "40199007",
          "display" : "Supine body position"
        },
        {
          "system" : "http://snomed.info/sct",
          "code" : "33586001",
          "display" : "Sitting position"
        },
        {
          "system" : "http://snomed.info/sct",
          "code" : "10904000",
          "display" : "Orthostatic body position"
        },
        {
          "system" : "http://snomed.info/sct",
          "code" : "272580008",
          "display" : "Semi-recumbent position"
        }]
      }
    }
  },
  {
    "fullUrl" : "http://hl7.no/fhir/ValueSet/NoDomainVitalSignsObservationRespirationRateDepth",
    "resource" : {
      "resourceType" : "ValueSet",
      "meta" : {
        "lastUpdated" : "2025-01-28T00:00:00+00:00",
        "profile" : ["http://hl7.org/fhir/StructureDefinition/shareablevalueset"]
      },
      "text" : {
        "status" : "generated",
        "div" : "<div xmlns=\"http://www.w3.org/1999/xhtml\"><p class=\"res-header-id\"><b>ValueSet </b></p><p style=\"border: black 1px dotted; background-color: #EEEEEE; padding: 8px; margin-bottom: 8px\">Expansion from tx.fhir.org based on SNOMED CT 900000000000207008 edition 01-Feb 2025</p><p>This value set contains 4 concepts</p><table class=\"codes\"><tr><td style=\"white-space:nowrap\"><b>Code</b></td><td><b>System</b></td><td><b>Display (no-NO)</b></td></tr><tr><td style=\"white-space:nowrap\"><a name=\"x-http://snomed.info/sct-289123006\"> </a>\u00a0\u00a0<a href=\"http://snomed.info/id/289123006\">289123006</a></td><td>http://snomed.info/sct</td><td>Deep breathing</td></tr><tr><td style=\"white-space:nowrap\"><a name=\"x-http://snomed.info/sct-301284009\"> </a>\u00a0\u00a0<a href=\"http://snomed.info/id/301284009\">301284009</a></td><td>http://snomed.info/sct</td><td>Normal depth of breathing</td></tr><tr><td style=\"white-space:nowrap\"><a name=\"x-http://snomed.info/sct-386616007\"> </a>\u00a0\u00a0<a href=\"http://snomed.info/id/386616007\">386616007</a></td><td>http://snomed.info/sct</td><td>Shallow breathing (finding)</td></tr><tr><td style=\"white-space:nowrap\"><a name=\"x-http://snomed.info/sct-248587009\"> </a>\u00a0\u00a0<a href=\"http://snomed.info/id/248587009\">248587009</a></td><td>http://snomed.info/sct</td><td>Depth of respiration varies</td></tr></table></div>"
      },
      "url" : "http://hl7.no/fhir/ValueSet/NoDomainVitalSignsObservationRespirationRateDepth",
      "version" : "0.8.2",
      "name" : "NoDomainVitalSignsObservationRespirationRateDepth",
      "title" : "NoDomainVitalSignsObservationRespirationRateDepth",
      "status" : "draft",
      "experimental" : false,
      "date" : "2025-03-24T06:22:27+00:00",
      "jurisdiction" : [{
        "coding" : [{
          "system" : "urn:iso:std:iso:3166",
          "code" : "NO",
          "display" : "Norway"
        }]
      }],
      "expansion" : {
        "identifier" : "urn:uuid:1a2586ce-543b-4e27-bde6-3676ecef4b32",
        "timestamp" : "2025-03-24T06:23:54+00:00",
        "total" : 4,
        "offset" : 0,
        "parameter" : [{
          "name" : "displayLanguage",
          "valueCode" : "no-NO"
        },
        {
          "name" : "count",
          "valueInteger" : 1000
        },
        {
          "name" : "offset",
          "valueInteger" : 0
        },
        {
          "name" : "excludeNested",
          "valueBoolean" : false
        },
        {
          "name" : "used-valueset",
          "valueUri" : "null"
        },
        {
          "name" : "used-codesystem",
          "valueUri" : "http://snomed.info/sct|http://snomed.info/sct/900000000000207008/version/20250201"
        },
        {
          "name" : "version",
          "valueUri" : "http://snomed.info/sct|http://snomed.info/sct/900000000000207008/version/20250201"
        }],
        "contains" : [{
          "system" : "http://snomed.info/sct",
          "code" : "289123006",
          "display" : "Deep breathing"
        },
        {
          "system" : "http://snomed.info/sct",
          "code" : "301284009",
          "display" : "Normal depth of breathing"
        },
        {
          "system" : "http://snomed.info/sct",
          "code" : "386616007",
          "display" : "Shallow breathing (finding)"
        },
        {
          "system" : "http://snomed.info/sct",
          "code" : "248587009",
          "display" : "Depth of respiration varies"
        }]
      }
    }
  },
  {
    "fullUrl" : "http://hl7.no/fhir/ValueSet/NoDomainVitalSignsObservationRespirationRegularity",
    "resource" : {
      "resourceType" : "ValueSet",
      "meta" : {
        "lastUpdated" : "2025-01-28T00:00:00+00:00",
        "profile" : ["http://hl7.org/fhir/StructureDefinition/shareablevalueset"]
      },
      "text" : {
        "status" : "generated",
        "div" : "<div xmlns=\"http://www.w3.org/1999/xhtml\"><p class=\"res-header-id\"><b>ValueSet </b></p><p style=\"border: black 1px dotted; background-color: #EEEEEE; padding: 8px; margin-bottom: 8px\">Expansion from tx.fhir.org based on SNOMED CT 900000000000207008 edition 01-Feb 2025</p><p>This value set contains 2 concepts</p><table class=\"codes\"><tr><td style=\"white-space:nowrap\"><b>Code</b></td><td><b>System</b></td><td><b>Display (no-NO)</b></td></tr><tr><td style=\"white-space:nowrap\"><a name=\"x-http://snomed.info/sct-276888009\"> </a>\u00a0\u00a0<a href=\"http://snomed.info/id/276888009\">276888009</a></td><td>http://snomed.info/sct</td><td>SR - Normal spontaneous respiration</td></tr><tr><td style=\"white-space:nowrap\"><a name=\"x-http://snomed.info/sct-248585001\"> </a>\u00a0\u00a0<a href=\"http://snomed.info/id/248585001\">248585001</a></td><td>http://snomed.info/sct</td><td>Irregular breathing</td></tr></table></div>"
      },
      "url" : "http://hl7.no/fhir/ValueSet/NoDomainVitalSignsObservationRespirationRegularity",
      "version" : "0.8.2",
      "name" : "NoDomainVitalSignsObservationRespirationRegularity",
      "title" : "NoDomainVitalSignsObservationRespirationRegularity",
      "status" : "draft",
      "experimental" : false,
      "date" : "2025-03-24T06:22:27+00:00",
      "jurisdiction" : [{
        "coding" : [{
          "system" : "urn:iso:std:iso:3166",
          "code" : "NO",
          "display" : "Norway"
        }]
      }],
      "expansion" : {
        "identifier" : "urn:uuid:ddd291de-3d16-4836-b889-02a78444cd83",
        "timestamp" : "2025-03-24T06:23:54+00:00",
        "total" : 2,
        "offset" : 0,
        "parameter" : [{
          "name" : "displayLanguage",
          "valueCode" : "no-NO"
        },
        {
          "name" : "count",
          "valueInteger" : 1000
        },
        {
          "name" : "offset",
          "valueInteger" : 0
        },
        {
          "name" : "excludeNested",
          "valueBoolean" : false
        },
        {
          "name" : "used-valueset",
          "valueUri" : "null"
        },
        {
          "name" : "used-codesystem",
          "valueUri" : "http://snomed.info/sct|http://snomed.info/sct/900000000000207008/version/20250201"
        },
        {
          "name" : "version",
          "valueUri" : "http://snomed.info/sct|http://snomed.info/sct/900000000000207008/version/20250201"
        }],
        "contains" : [{
          "system" : "http://snomed.info/sct",
          "code" : "276888009",
          "display" : "SR - Normal spontaneous respiration"
        },
        {
          "system" : "http://snomed.info/sct",
          "code" : "248585001",
          "display" : "Irregular breathing"
        }]
      }
    }
  },
  {
    "fullUrl" : "http://hl7.no/fhir/ValueSet/NoDomainVitalSignsObservationSleepStatus",
    "resource" : {
      "resourceType" : "ValueSet",
      "meta" : {
        "lastUpdated" : "2025-01-28T00:00:00+00:00",
        "profile" : ["http://hl7.org/fhir/StructureDefinition/shareablevalueset"]
      },
      "text" : {
        "status" : "generated",
        "div" : "<div xmlns=\"http://www.w3.org/1999/xhtml\"><p class=\"res-header-id\"><b>ValueSet </b></p><p style=\"border: black 1px dotted; background-color: #EEEEEE; padding: 8px; margin-bottom: 8px\">Expansion from tx.fhir.org based on SNOMED CT 900000000000207008 edition 01-Feb 2025</p><p>This value set contains 2 concepts</p><table class=\"codes\"><tr><td style=\"white-space:nowrap\"><b>Code</b></td><td><b>System</b></td><td><b>Display (no-NO)</b></td></tr><tr><td style=\"white-space:nowrap\"><a name=\"x-http://snomed.info/sct-248220008\"> </a>\u00a0\u00a0<a href=\"http://snomed.info/id/248220008\">248220008</a></td><td>http://snomed.info/sct</td><td>Asleep</td></tr><tr><td style=\"white-space:nowrap\"><a name=\"x-http://snomed.info/sct-248218005\"> </a>\u00a0\u00a0<a href=\"http://snomed.info/id/248218005\">248218005</a></td><td>http://snomed.info/sct</td><td>Awake</td></tr></table></div>"
      },
      "url" : "http://hl7.no/fhir/ValueSet/NoDomainVitalSignsObservationSleepStatus",
      "version" : "0.8.2",
      "name" : "NoDomainVitalSignsObservationSleepStatus",
      "title" : "NoDomainVitalSignsObservationSleepStatus",
      "status" : "draft",
      "experimental" : false,
      "date" : "2025-03-24T06:22:27+00:00",
      "jurisdiction" : [{
        "coding" : [{
          "system" : "urn:iso:std:iso:3166",
          "code" : "NO",
          "display" : "Norway"
        }]
      }],
      "expansion" : {
        "identifier" : "urn:uuid:a66ccfb1-acd1-4d16-97bf-81d1fb0ba1e8",
        "timestamp" : "2025-03-24T06:23:54+00:00",
        "total" : 2,
        "offset" : 0,
        "parameter" : [{
          "name" : "displayLanguage",
          "valueCode" : "no-NO"
        },
        {
          "name" : "count",
          "valueInteger" : 1000
        },
        {
          "name" : "offset",
          "valueInteger" : 0
        },
        {
          "name" : "excludeNested",
          "valueBoolean" : false
        },
        {
          "name" : "used-valueset",
          "valueUri" : "null"
        },
        {
          "name" : "used-codesystem",
          "valueUri" : "http://snomed.info/sct|http://snomed.info/sct/900000000000207008/version/20250201"
        },
        {
          "name" : "version",
          "valueUri" : "http://snomed.info/sct|http://snomed.info/sct/900000000000207008/version/20250201"
        }],
        "contains" : [{
          "system" : "http://snomed.info/sct",
          "code" : "248220008",
          "display" : "Asleep"
        },
        {
          "system" : "http://snomed.info/sct",
          "code" : "248218005",
          "display" : "Awake"
        }]
      }
    }
  },
  {
    "fullUrl" : "http://hl7.no/fhir/ValueSet/NoDomainVitalSignsObservationSpontaneousBreathing",
    "resource" : {
      "resourceType" : "ValueSet",
      "meta" : {
        "lastUpdated" : "2025-01-28T00:00:00+00:00",
        "profile" : ["http://hl7.org/fhir/StructureDefinition/shareablevalueset"]
      },
      "text" : {
        "status" : "generated",
        "div" : "<div xmlns=\"http://www.w3.org/1999/xhtml\"><p class=\"res-header-id\"><b>ValueSet </b></p><p style=\"border: black 1px dotted; background-color: #EEEEEE; padding: 8px; margin-bottom: 8px\">Expansion from tx.fhir.org based on SNOMED CT 900000000000207008 edition 01-Feb 2025</p><p>This value set contains 1 concepts</p><table class=\"codes\"><tr><td style=\"white-space:nowrap\"><b>Code</b></td><td><b>System</b></td><td><b>Display (no-NO)</b></td></tr><tr><td style=\"white-space:nowrap\"><a name=\"x-http://snomed.info/sct-241700002\"> </a>\u00a0\u00a0<a href=\"http://snomed.info/id/241700002\">241700002</a></td><td>http://snomed.info/sct</td><td>Spontaneous ventilation</td></tr></table></div>"
      },
      "url" : "http://hl7.no/fhir/ValueSet/NoDomainVitalSignsObservationSpontaneousBreathing",
      "version" : "0.8.2",
      "name" : "NoDomainVitalSignsObservationSpontaneousBreathing",
      "title" : "NoDomainVitalSignsObservationSpontaneousBreathing",
      "status" : "draft",
      "experimental" : false,
      "date" : "2025-03-24T06:22:27+00:00",
      "jurisdiction" : [{
        "coding" : [{
          "system" : "urn:iso:std:iso:3166",
          "code" : "NO",
          "display" : "Norway"
        }]
      }],
      "expansion" : {
        "identifier" : "urn:uuid:970fa74f-9da9-4104-a1fa-479ec84ada7b",
        "timestamp" : "2025-03-24T06:23:54+00:00",
        "total" : 1,
        "offset" : 0,
        "parameter" : [{
          "name" : "displayLanguage",
          "valueCode" : "no-NO"
        },
        {
          "name" : "count",
          "valueInteger" : 1000
        },
        {
          "name" : "offset",
          "valueInteger" : 0
        },
        {
          "name" : "excludeNested",
          "valueBoolean" : false
        },
        {
          "name" : "used-valueset",
          "valueUri" : "null"
        },
        {
          "name" : "used-codesystem",
          "valueUri" : "http://snomed.info/sct|http://snomed.info/sct/900000000000207008/version/20250201"
        },
        {
          "name" : "version",
          "valueUri" : "http://snomed.info/sct|http://snomed.info/sct/900000000000207008/version/20250201"
        }],
        "contains" : [{
          "system" : "http://snomed.info/sct",
          "code" : "241700002",
          "display" : "Spontaneous ventilation"
        }]
      }
    }
  }]
}