{
  "resourceType" : "Bundle",
  "id" : "22e24b80-5a7e-4351-b4ad-d1b4d744fc1a",
  "meta" : {
    "lastUpdated" : "2025-03-26T06:26:14.541+00:00"
  },
  "type" : "collection",
  "entry" : [{
    "fullUrl" : "http://hl7.no/fhir/ValueSet/NoDomainVitalSignsObservationBloodPressureMeasurementMethod",
    "resource" : {
      "resourceType" : "ValueSet",
      "meta" : {
        "lastUpdated" : "2025-01-28T00:00:00+00:00",
        "profile" : ["http://hl7.org/fhir/StructureDefinition/shareablevalueset"]
      },
      "text" : {
        "status" : "generated",
        "div" : "<div xmlns=\"http://www.w3.org/1999/xhtml\"><p class=\"res-header-id\"><b>ValueSet </b></p><p style=\"border: black 1px dotted; background-color: #EEEEEE; padding: 8px; margin-bottom: 8px\">Expansion from tx.fhir.org based on SNOMED CT 900000000000207008 edition 01-Feb 2025</p><p>This value set contains 2 concepts</p><table class=\"codes\"><tr><td style=\"white-space:nowrap\"><b>Code</b></td><td><b>System</b></td><td><b>Display (no-NO)</b></td></tr><tr><td style=\"white-space:nowrap\"><a name=\"x-http://snomed.info/sct-37931006\"> </a>\u00a0\u00a0<a href=\"http://snomed.info/id/37931006\">37931006</a></td><td>http://snomed.info/sct</td><td>Auscultation</td></tr><tr><td style=\"white-space:nowrap\"><a name=\"x-http://snomed.info/sct-113011001\"> </a>\u00a0\u00a0<a href=\"http://snomed.info/id/113011001\">113011001</a></td><td>http://snomed.info/sct</td><td>Palpation</td></tr></table></div>"
      },
      "url" : "http://hl7.no/fhir/ValueSet/NoDomainVitalSignsObservationBloodPressureMeasurementMethod",
      "version" : "0.8.3",
      "name" : "NoDomainVitalSignsObservationBloodPressureMeasurementMethod",
      "title" : "NoDomainVitalSignsObservationBloodPressureMeasurementMethod",
      "status" : "draft",
      "experimental" : false,
      "date" : "2025-03-26T06:25:27+00:00",
      "jurisdiction" : [{
        "coding" : [{
          "system" : "urn:iso:std:iso:3166",
          "code" : "NO",
          "display" : "Norway"
        }]
      }],
      "expansion" : {
        "identifier" : "urn:uuid:d1abddde-c437-4eca-9340-d79a44395b7a",
        "timestamp" : "2025-03-26T06:26:52+00:00",
        "total" : 2,
        "offset" : 0,
        "parameter" : [{
          "name" : "displayLanguage",
          "valueCode" : "no-NO"
        },
        {
          "name" : "count",
          "valueInteger" : 1000
        },
        {
          "name" : "offset",
          "valueInteger" : 0
        },
        {
          "name" : "excludeNested",
          "valueBoolean" : false
        },
        {
          "name" : "used-valueset",
          "valueUri" : "null"
        },
        {
          "name" : "used-codesystem",
          "valueUri" : "http://snomed.info/sct|http://snomed.info/sct/900000000000207008/version/20250201"
        },
        {
          "name" : "version",
          "valueUri" : "http://snomed.info/sct|http://snomed.info/sct/900000000000207008/version/20250201"
        }],
        "contains" : [{
          "system" : "http://snomed.info/sct",
          "code" : "37931006",
          "display" : "Auscultation"
        },
        {
          "system" : "http://snomed.info/sct",
          "code" : "113011001",
          "display" : "Palpation"
        }]
      }
    }
  },
  {
    "fullUrl" : "http://hl7.no/fhir/ValueSet/NoDomainVitalSignsObservationBloodpressureBodySite",
    "resource" : {
      "resourceType" : "ValueSet",
      "meta" : {
        "lastUpdated" : "2025-01-28T00:00:00+00:00",
        "profile" : ["http://hl7.org/fhir/StructureDefinition/shareablevalueset"]
      },
      "text" : {
        "status" : "generated",
        "div" : "<div xmlns=\"http://www.w3.org/1999/xhtml\"><p class=\"res-header-id\"><b>ValueSet </b></p><p style=\"border: black 1px dotted; background-color: #EEEEEE; padding: 8px; margin-bottom: 8px\">Expansion from tx.fhir.org based on SNOMED CT 900000000000207008 edition 01-Feb 2025</p><p>This value set contains 12 concepts</p><table class=\"codes\"><tr><td style=\"white-space:nowrap\"><b>Code</b></td><td><b>System</b></td><td><b>Display (no-NO)</b></td></tr><tr><td style=\"white-space:nowrap\"><a name=\"x-http://snomed.info/sct-6685009\"> </a>\u00a0\u00a0<a href=\"http://snomed.info/id/6685009\">6685009</a></td><td>http://snomed.info/sct</td><td>Right ankle</td></tr><tr><td style=\"white-space:nowrap\"><a name=\"x-http://snomed.info/sct-51636004\"> </a>\u00a0\u00a0<a href=\"http://snomed.info/id/51636004\">51636004</a></td><td>http://snomed.info/sct</td><td>Left ankle</td></tr><tr><td style=\"white-space:nowrap\"><a name=\"x-http://snomed.info/sct-7569003\"> </a>\u00a0\u00a0<a href=\"http://snomed.info/id/7569003\">7569003</a></td><td>http://snomed.info/sct</td><td>Finger</td></tr><tr><td style=\"white-space:nowrap\"><a name=\"x-http://snomed.info/sct-2402003\"> </a>\u00a0\u00a0<a href=\"http://snomed.info/id/2402003\">2402003</a></td><td>http://snomed.info/sct</td><td>Dorsum of foot</td></tr><tr><td style=\"white-space:nowrap\"><a name=\"x-http://snomed.info/sct-9736006\"> </a>\u00a0\u00a0<a href=\"http://snomed.info/id/9736006\">9736006</a></td><td>http://snomed.info/sct</td><td>Right wrist</td></tr><tr><td style=\"white-space:nowrap\"><a name=\"x-http://snomed.info/sct-5951000\"> </a>\u00a0\u00a0<a href=\"http://snomed.info/id/5951000\">5951000</a></td><td>http://snomed.info/sct</td><td>Left wrist</td></tr><tr><td style=\"white-space:nowrap\"><a name=\"x-http://snomed.info/sct-51114001\"> </a>\u00a0\u00a0<a href=\"http://snomed.info/id/51114001\">51114001</a></td><td>http://snomed.info/sct</td><td>Artery</td></tr><tr><td style=\"white-space:nowrap\"><a name=\"x-http://snomed.info/sct-11207009\"> </a>\u00a0\u00a0<a href=\"http://snomed.info/id/11207009\">11207009</a></td><td>http://snomed.info/sct</td><td>Right thigh</td></tr><tr><td style=\"white-space:nowrap\"><a name=\"x-http://snomed.info/sct-61396006\"> </a>\u00a0\u00a0<a href=\"http://snomed.info/id/61396006\">61396006</a></td><td>http://snomed.info/sct</td><td>Left thigh</td></tr><tr><td style=\"white-space:nowrap\"><a name=\"x-http://snomed.info/sct-368209003\"> </a>\u00a0\u00a0<a href=\"http://snomed.info/id/368209003\">368209003</a></td><td>http://snomed.info/sct</td><td>Right upper arm</td></tr><tr><td style=\"white-space:nowrap\"><a name=\"x-http://snomed.info/sct-368208006\"> </a>\u00a0\u00a0<a href=\"http://snomed.info/id/368208006\">368208006</a></td><td>http://snomed.info/sct</td><td>Left upper arm structure</td></tr><tr><td style=\"white-space:nowrap\"><a name=\"x-http://snomed.info/sct-29707007\"> </a>\u00a0\u00a0<a href=\"http://snomed.info/id/29707007\">29707007</a></td><td>http://snomed.info/sct</td><td>Toe</td></tr></table></div>"
      },
      "url" : "http://hl7.no/fhir/ValueSet/NoDomainVitalSignsObservationBloodpressureBodySite",
      "version" : "0.8.3",
      "name" : "NoDomainVitalSignsObservationBloodpressureBodySite",
      "title" : "NoDomainVitalSignsObservationBloodpressureBodySite",
      "status" : "draft",
      "experimental" : false,
      "date" : "2025-03-26T06:25:27+00:00",
      "jurisdiction" : [{
        "coding" : [{
          "system" : "urn:iso:std:iso:3166",
          "code" : "NO",
          "display" : "Norway"
        }]
      }],
      "expansion" : {
        "identifier" : "urn:uuid:ecc07c86-658f-418d-961d-a5d654cd052f",
        "timestamp" : "2025-03-26T06:26:53+00:00",
        "total" : 12,
        "offset" : 0,
        "parameter" : [{
          "name" : "displayLanguage",
          "valueCode" : "no-NO"
        },
        {
          "name" : "count",
          "valueInteger" : 1000
        },
        {
          "name" : "offset",
          "valueInteger" : 0
        },
        {
          "name" : "excludeNested",
          "valueBoolean" : false
        },
        {
          "name" : "used-valueset",
          "valueUri" : "null"
        },
        {
          "name" : "used-codesystem",
          "valueUri" : "http://snomed.info/sct|http://snomed.info/sct/900000000000207008/version/20250201"
        },
        {
          "name" : "version",
          "valueUri" : "http://snomed.info/sct|http://snomed.info/sct/900000000000207008/version/20250201"
        }],
        "contains" : [{
          "system" : "http://snomed.info/sct",
          "code" : "6685009",
          "display" : "Right ankle"
        },
        {
          "system" : "http://snomed.info/sct",
          "code" : "51636004",
          "display" : "Left ankle"
        },
        {
          "system" : "http://snomed.info/sct",
          "code" : "7569003",
          "display" : "Finger"
        },
        {
          "system" : "http://snomed.info/sct",
          "code" : "2402003",
          "display" : "Dorsum of foot"
        },
        {
          "system" : "http://snomed.info/sct",
          "code" : "9736006",
          "display" : "Right wrist"
        },
        {
          "system" : "http://snomed.info/sct",
          "code" : "5951000",
          "display" : "Left wrist"
        },
        {
          "system" : "http://snomed.info/sct",
          "code" : "51114001",
          "display" : "Artery"
        },
        {
          "system" : "http://snomed.info/sct",
          "code" : "11207009",
          "display" : "Right thigh"
        },
        {
          "system" : "http://snomed.info/sct",
          "code" : "61396006",
          "display" : "Left thigh"
        },
        {
          "system" : "http://snomed.info/sct",
          "code" : "368209003",
          "display" : "Right upper arm"
        },
        {
          "system" : "http://snomed.info/sct",
          "code" : "368208006",
          "display" : "Left upper arm structure"
        },
        {
          "system" : "http://snomed.info/sct",
          "code" : "29707007",
          "display" : "Toe"
        }]
      }
    }
  },
  {
    "fullUrl" : "http://hl7.no/fhir/ValueSet/NoDomainVitalSignsObservationBodyExposure",
    "resource" : {
      "resourceType" : "ValueSet",
      "meta" : {
        "lastUpdated" : "2025-01-28T00:00:00+00:00",
        "profile" : ["http://hl7.org/fhir/StructureDefinition/shareablevalueset"]
      },
      "text" : {
        "status" : "generated",
        "div" : "<div xmlns=\"http://www.w3.org/1999/xhtml\"><p class=\"res-header-id\"><b>ValueSet </b></p><p style=\"border: black 1px dotted; background-color: #EEEEEE; padding: 8px; margin-bottom: 8px\">Expansion from tx.fhir.org based on SNOMED CT 900000000000207008 edition 01-Feb 2025</p><p>This value set contains 0 concepts</p><table class=\"codes\"><tr><td style=\"white-space:nowrap\"><b>Code</b></td><td><b>System</b></td><td><b>Display (no-NO)</b></td></tr></table></div>"
      },
      "url" : "http://hl7.no/fhir/ValueSet/NoDomainVitalSignsObservationBodyExposure",
      "version" : "0.8.3",
      "name" : "NoDomainVitalSignsObservationBodyExposure",
      "title" : "NoDomainVitalSignsObservationBodyExposure",
      "status" : "draft",
      "experimental" : false,
      "date" : "2025-03-26T06:25:27+00:00",
      "jurisdiction" : [{
        "coding" : [{
          "system" : "urn:iso:std:iso:3166",
          "code" : "NO",
          "display" : "Norway"
        }]
      }],
      "expansion" : {
        "identifier" : "urn:uuid:e687f0f2-90af-419b-98a6-a905a803645a",
        "timestamp" : "2025-03-26T06:26:53+00:00",
        "total" : 0,
        "offset" : 0,
        "parameter" : [{
          "name" : "displayLanguage",
          "valueCode" : "no-NO"
        },
        {
          "name" : "count",
          "valueInteger" : 1000
        },
        {
          "name" : "offset",
          "valueInteger" : 0
        },
        {
          "name" : "excludeNested",
          "valueBoolean" : false
        },
        {
          "name" : "used-valueset",
          "valueUri" : "null"
        },
        {
          "name" : "used-codesystem",
          "valueUri" : "http://snomed.info/sct|http://snomed.info/sct/900000000000207008/version/20250201"
        },
        {
          "name" : "version",
          "valueUri" : "http://snomed.info/sct|http://snomed.info/sct/900000000000207008/version/20250201"
        }]
      }
    }
  },
  {
    "fullUrl" : "http://hl7.no/fhir/ValueSet/NoDomainVitalSignsObservationBodyHeightBodyPosition",
    "resource" : {
      "resourceType" : "ValueSet",
      "meta" : {
        "lastUpdated" : "2025-01-28T00:00:00+00:00",
        "profile" : ["http://hl7.org/fhir/StructureDefinition/shareablevalueset"]
      },
      "text" : {
        "status" : "generated",
        "div" : "<div xmlns=\"http://www.w3.org/1999/xhtml\"><p class=\"res-header-id\"><b>ValueSet </b></p><p style=\"border: black 1px dotted; background-color: #EEEEEE; padding: 8px; margin-bottom: 8px\">Expansion from tx.fhir.org based on SNOMED CT 900000000000207008 edition 01-Feb 2025</p><p>This value set contains 1 concepts</p><table class=\"codes\"><tr><td style=\"white-space:nowrap\"><b>Code</b></td><td><b>System</b></td><td><b>Display (no-NO)</b></td></tr><tr><td style=\"white-space:nowrap\"><a name=\"x-http://snomed.info/sct-10904000\"> </a>\u00a0\u00a0<a href=\"http://snomed.info/id/10904000\">10904000</a></td><td>http://snomed.info/sct</td><td>Orthostatic body position</td></tr></table></div>"
      },
      "url" : "http://hl7.no/fhir/ValueSet/NoDomainVitalSignsObservationBodyHeightBodyPosition",
      "version" : "0.8.3",
      "name" : "NoDomainVitalSignsObservationBodyHeightBodyPosition",
      "title" : "NoDomainVitalSignsObservationBodyHeightBodyPosition",
      "status" : "draft",
      "experimental" : false,
      "date" : "2025-03-26T06:25:27+00:00",
      "jurisdiction" : [{
        "coding" : [{
          "system" : "urn:iso:std:iso:3166",
          "code" : "NO",
          "display" : "Norway"
        }]
      }],
      "expansion" : {
        "identifier" : "urn:uuid:d644d671-4173-4fef-ad8c-9340f533534b",
        "timestamp" : "2025-03-26T06:26:53+00:00",
        "total" : 1,
        "offset" : 0,
        "parameter" : [{
          "name" : "displayLanguage",
          "valueCode" : "no-NO"
        },
        {
          "name" : "count",
          "valueInteger" : 1000
        },
        {
          "name" : "offset",
          "valueInteger" : 0
        },
        {
          "name" : "excludeNested",
          "valueBoolean" : false
        },
        {
          "name" : "used-valueset",
          "valueUri" : "null"
        },
        {
          "name" : "used-codesystem",
          "valueUri" : "http://snomed.info/sct|http://snomed.info/sct/900000000000207008/version/20250201"
        },
        {
          "name" : "version",
          "valueUri" : "http://snomed.info/sct|http://snomed.info/sct/900000000000207008/version/20250201"
        }],
        "contains" : [{
          "system" : "http://snomed.info/sct",
          "code" : "10904000",
          "display" : "Orthostatic body position"
        }]
      }
    }
  },
  {
    "fullUrl" : "http://hl7.no/fhir/ValueSet/NoDomainVitalSignsObservationBodyTempBodySite",
    "resource" : {
      "resourceType" : "ValueSet",
      "meta" : {
        "lastUpdated" : "2025-01-28T00:00:00+00:00",
        "profile" : ["http://hl7.org/fhir/StructureDefinition/shareablevalueset"]
      },
      "text" : {
        "status" : "generated",
        "div" : "<div xmlns=\"http://www.w3.org/1999/xhtml\"><p class=\"res-header-id\"><b>ValueSet </b></p><p style=\"border: black 1px dotted; background-color: #EEEEEE; padding: 8px; margin-bottom: 8px\">Expansion from tx.fhir.org based on SNOMED CT 900000000000207008 edition 01-Feb 2025</p><p>This value set contains 13 concepts</p><table class=\"codes\"><tr><td style=\"white-space:nowrap\"><b>Code</b></td><td><b>System</b></td><td><b>Display (no-NO)</b></td></tr><tr><td style=\"white-space:nowrap\"><a name=\"x-http://snomed.info/sct-91470000\"> </a>\u00a0\u00a0<a href=\"http://snomed.info/id/91470000\">91470000</a></td><td>http://snomed.info/sct</td><td>Axillary region</td></tr><tr><td style=\"white-space:nowrap\"><a name=\"x-http://snomed.info/sct-34402009\"> </a>\u00a0\u00a0<a href=\"http://snomed.info/id/34402009\">34402009</a></td><td>http://snomed.info/sct</td><td>Rectum</td></tr><tr><td style=\"white-space:nowrap\"><a name=\"x-http://snomed.info/sct-39937001\"> </a>\u00a0\u00a0<a href=\"http://snomed.info/id/39937001\">39937001</a></td><td>http://snomed.info/sct</td><td>Skin</td></tr><tr><td style=\"white-space:nowrap\"><a name=\"x-http://snomed.info/sct-59820001\"> </a>\u00a0\u00a0<a href=\"http://snomed.info/id/59820001\">59820001</a></td><td>http://snomed.info/sct</td><td>Blood vessel</td></tr><tr><td style=\"white-space:nowrap\"><a name=\"x-http://snomed.info/sct-26893007\"> </a>\u00a0\u00a0<a href=\"http://snomed.info/id/26893007\">26893007</a></td><td>http://snomed.info/sct</td><td>Inguinal region</td></tr><tr><td style=\"white-space:nowrap\"><a name=\"x-http://snomed.info/sct-122861001\"> </a>\u00a0\u00a0<a href=\"http://snomed.info/id/122861001\">122861001</a></td><td>http://snomed.info/sct</td><td>Supramylohyoid space</td></tr><tr><td style=\"white-space:nowrap\"><a name=\"x-http://snomed.info/sct-71836000\"> </a>\u00a0\u00a0<a href=\"http://snomed.info/id/71836000\">71836000</a></td><td>http://snomed.info/sct</td><td>Nasopharynx</td></tr><tr><td style=\"white-space:nowrap\"><a name=\"x-http://snomed.info/sct-42859004\"> </a>\u00a0\u00a0<a href=\"http://snomed.info/id/42859004\">42859004</a></td><td>http://snomed.info/sct</td><td>Tympanic membrane</td></tr><tr><td style=\"white-space:nowrap\"><a name=\"x-http://snomed.info/sct-52795006\"> </a>\u00a0\u00a0<a href=\"http://snomed.info/id/52795006\">52795006</a></td><td>http://snomed.info/sct</td><td>Forehead</td></tr><tr><td style=\"white-space:nowrap\"><a name=\"x-http://snomed.info/sct-76784001\"> </a>\u00a0\u00a0<a href=\"http://snomed.info/id/76784001\">76784001</a></td><td>http://snomed.info/sct</td><td>Vagina</td></tr><tr><td style=\"white-space:nowrap\"><a name=\"x-http://snomed.info/sct-32849002\"> </a>\u00a0\u00a0<a href=\"http://snomed.info/id/32849002\">32849002</a></td><td>http://snomed.info/sct</td><td>Esophagus</td></tr><tr><td style=\"white-space:nowrap\"><a name=\"x-http://snomed.info/sct-450721000\"> </a>\u00a0\u00a0<a href=\"http://snomed.info/id/450721000\">450721000</a></td><td>http://snomed.info/sct</td><td>Structure of temporal region</td></tr><tr><td style=\"white-space:nowrap\"><a name=\"x-http://snomed.info/sct-89837001\"> </a>\u00a0\u00a0<a href=\"http://snomed.info/id/89837001\">89837001</a></td><td>http://snomed.info/sct</td><td>Urinary bladder</td></tr></table></div>"
      },
      "url" : "http://hl7.no/fhir/ValueSet/NoDomainVitalSignsObservationBodyTempBodySite",
      "version" : "0.8.3",
      "name" : "NoDomainVitalSignsObservationBodyTempBodySite",
      "title" : "NoDomainVitalSignsObservationBodyTempBodySite",
      "status" : "draft",
      "experimental" : false,
      "date" : "2025-03-26T06:25:27+00:00",
      "jurisdiction" : [{
        "coding" : [{
          "system" : "urn:iso:std:iso:3166",
          "code" : "NO",
          "display" : "Norway"
        }]
      }],
      "expansion" : {
        "identifier" : "urn:uuid:4f908e8c-cae2-4305-84b5-04b7e6a6ac43",
        "timestamp" : "2025-03-26T06:26:53+00:00",
        "total" : 13,
        "offset" : 0,
        "parameter" : [{
          "name" : "displayLanguage",
          "valueCode" : "no-NO"
        },
        {
          "name" : "count",
          "valueInteger" : 1000
        },
        {
          "name" : "offset",
          "valueInteger" : 0
        },
        {
          "name" : "excludeNested",
          "valueBoolean" : false
        },
        {
          "name" : "used-valueset",
          "valueUri" : "null"
        },
        {
          "name" : "used-codesystem",
          "valueUri" : "http://snomed.info/sct|http://snomed.info/sct/900000000000207008/version/20250201"
        },
        {
          "name" : "version",
          "valueUri" : "http://snomed.info/sct|http://snomed.info/sct/900000000000207008/version/20250201"
        }],
        "contains" : [{
          "system" : "http://snomed.info/sct",
          "code" : "91470000",
          "display" : "Axillary region"
        },
        {
          "system" : "http://snomed.info/sct",
          "code" : "34402009",
          "display" : "Rectum"
        },
        {
          "system" : "http://snomed.info/sct",
          "code" : "39937001",
          "display" : "Skin"
        },
        {
          "system" : "http://snomed.info/sct",
          "code" : "59820001",
          "display" : "Blood vessel"
        },
        {
          "system" : "http://snomed.info/sct",
          "code" : "26893007",
          "display" : "Inguinal region"
        },
        {
          "system" : "http://snomed.info/sct",
          "code" : "122861001",
          "display" : "Supramylohyoid space"
        },
        {
          "system" : "http://snomed.info/sct",
          "code" : "71836000",
          "display" : "Nasopharynx"
        },
        {
          "system" : "http://snomed.info/sct",
          "code" : "42859004",
          "display" : "Tympanic membrane"
        },
        {
          "system" : "http://snomed.info/sct",
          "code" : "52795006",
          "display" : "Forehead"
        },
        {
          "system" : "http://snomed.info/sct",
          "code" : "76784001",
          "display" : "Vagina"
        },
        {
          "system" : "http://snomed.info/sct",
          "code" : "32849002",
          "display" : "Esophagus"
        },
        {
          "system" : "http://snomed.info/sct",
          "code" : "450721000",
          "display" : "Structure of temporal region"
        },
        {
          "system" : "http://snomed.info/sct",
          "code" : "89837001",
          "display" : "Urinary bladder"
        }]
      }
    }
  },
  {
    "fullUrl" : "http://hl7.no/fhir/ValueSet/NoDomainVitalSignsObservationClothingState",
    "resource" : {
      "resourceType" : "ValueSet",
      "meta" : {
        "lastUpdated" : "2025-01-28T00:00:00+00:00",
        "profile" : ["http://hl7.org/fhir/StructureDefinition/shareablevalueset"]
      },
      "text" : {
        "status" : "generated",
        "div" : "<div xmlns=\"http://www.w3.org/1999/xhtml\"><p class=\"res-header-id\"><b>ValueSet </b></p><p style=\"border: black 1px dotted; background-color: #EEEEEE; padding: 8px; margin-bottom: 8px\">Expansion from tx.fhir.org based on SNOMED CT 900000000000207008 edition 01-Feb 2025</p><p>This value set contains 0 concepts</p><table class=\"codes\"><tr><td style=\"white-space:nowrap\"><b>Code</b></td><td><b>System</b></td><td><b>Display (no-NO)</b></td></tr></table></div>"
      },
      "url" : "http://hl7.no/fhir/ValueSet/NoDomainVitalSignsObservationClothingState",
      "version" : "0.8.3",
      "name" : "NoDomainVitalSignsObservationClothingState",
      "title" : "NoDomainVitalSignsObservationClothingState",
      "status" : "draft",
      "experimental" : false,
      "date" : "2025-03-26T06:25:27+00:00",
      "jurisdiction" : [{
        "coding" : [{
          "system" : "urn:iso:std:iso:3166",
          "code" : "NO",
          "display" : "Norway"
        }]
      }],
      "expansion" : {
        "identifier" : "urn:uuid:0553dd45-849e-4914-b5da-0a0222a5988a",
        "timestamp" : "2025-03-26T06:26:53+00:00",
        "total" : 0,
        "offset" : 0,
        "parameter" : [{
          "name" : "displayLanguage",
          "valueCode" : "no-NO"
        },
        {
          "name" : "count",
          "valueInteger" : 1000
        },
        {
          "name" : "offset",
          "valueInteger" : 0
        },
        {
          "name" : "excludeNested",
          "valueBoolean" : false
        },
        {
          "name" : "used-valueset",
          "valueUri" : "null"
        },
        {
          "name" : "used-codesystem",
          "valueUri" : "http://snomed.info/sct|http://snomed.info/sct/900000000000207008/version/20250201"
        },
        {
          "name" : "version",
          "valueUri" : "http://snomed.info/sct|http://snomed.info/sct/900000000000207008/version/20250201"
        }]
      }
    }
  },
  {
    "fullUrl" : "http://hl7.no/fhir/ValueSet/NoDomainVitalSignsObservationCuffsize",
    "resource" : {
      "resourceType" : "ValueSet",
      "meta" : {
        "lastUpdated" : "2025-01-28T00:00:00+00:00",
        "profile" : ["http://hl7.org/fhir/StructureDefinition/shareablevalueset"]
      },
      "text" : {
        "status" : "generated",
        "div" : "<div xmlns=\"http://www.w3.org/1999/xhtml\"><p class=\"res-header-id\"><b>ValueSet </b></p><p style=\"border: black 1px dotted; background-color: #EEEEEE; padding: 8px; margin-bottom: 8px\">Expansion from tx.fhir.org based on SNOMED CT 900000000000207008 edition 01-Feb 2025</p><p>This value set contains 3 concepts</p><table class=\"codes\"><tr><td style=\"white-space:nowrap\"><b>Code</b></td><td><b>System</b></td><td><b>Display (no-NO)</b></td></tr><tr><td style=\"white-space:nowrap\"><a name=\"x-http://snomed.info/sct-720736009\"> </a>\u00a0\u00a0<a href=\"http://snomed.info/id/720736009\">720736009</a></td><td>http://snomed.info/sct</td><td>Blood pressure cuff, pediatric size (physical object)</td></tr><tr><td style=\"white-space:nowrap\"><a name=\"x-http://snomed.info/sct-720740000\"> </a>\u00a0\u00a0<a href=\"http://snomed.info/id/720740000\">720740000</a></td><td>http://snomed.info/sct</td><td>Blood pressure cuff, adult thigh type (physical object)</td></tr><tr><td style=\"white-space:nowrap\"><a name=\"x-http://snomed.info/sct-720737000\"> </a>\u00a0\u00a0<a href=\"http://snomed.info/id/720737000\">720737000</a></td><td>http://snomed.info/sct</td><td>Blood pressure cuff, adult size (physical object)</td></tr></table></div>"
      },
      "url" : "http://hl7.no/fhir/ValueSet/NoDomainVitalSignsObservationCuffsize",
      "version" : "0.8.3",
      "name" : "NoDomainVitalSignsObservationCuffsize",
      "title" : "NoDomainVitalSignsObservationCuffsize",
      "status" : "draft",
      "experimental" : false,
      "date" : "2025-03-26T06:25:27+00:00",
      "jurisdiction" : [{
        "coding" : [{
          "system" : "urn:iso:std:iso:3166",
          "code" : "NO",
          "display" : "Norway"
        }]
      }],
      "expansion" : {
        "identifier" : "urn:uuid:6507edcb-100e-4f2d-a6bf-d7dc55924413",
        "timestamp" : "2025-03-26T06:26:54+00:00",
        "total" : 3,
        "offset" : 0,
        "parameter" : [{
          "name" : "displayLanguage",
          "valueCode" : "no-NO"
        },
        {
          "name" : "count",
          "valueInteger" : 1000
        },
        {
          "name" : "offset",
          "valueInteger" : 0
        },
        {
          "name" : "excludeNested",
          "valueBoolean" : false
        },
        {
          "name" : "used-valueset",
          "valueUri" : "null"
        },
        {
          "name" : "used-codesystem",
          "valueUri" : "http://snomed.info/sct|http://snomed.info/sct/900000000000207008/version/20250201"
        },
        {
          "name" : "version",
          "valueUri" : "http://snomed.info/sct|http://snomed.info/sct/900000000000207008/version/20250201"
        }],
        "contains" : [{
          "system" : "http://snomed.info/sct",
          "code" : "720736009",
          "display" : "Blood pressure cuff, pediatric size (physical object)"
        },
        {
          "system" : "http://snomed.info/sct",
          "code" : "720740000",
          "display" : "Blood pressure cuff, adult thigh type (physical object)"
        },
        {
          "system" : "http://snomed.info/sct",
          "code" : "720737000",
          "display" : "Blood pressure cuff, adult size (physical object)"
        }]
      }
    }
  },
  {
    "fullUrl" : "http://hl7.no/fhir/ValueSet/NoDomainVitalSignsObservationDiastolicendPoint",
    "resource" : {
      "resourceType" : "ValueSet",
      "meta" : {
        "lastUpdated" : "2021-03-17T00:00:00+00:00",
        "profile" : ["http://hl7.org/fhir/StructureDefinition/shareablevalueset"]
      },
      "text" : {
        "status" : "generated",
        "div" : "<div xmlns=\"http://www.w3.org/1999/xhtml\"><p class=\"res-header-id\"><b>ValueSet </b></p><p style=\"border: black 1px dotted; background-color: #EEEEEE; padding: 8px; margin-bottom: 8px\">Expansion from tx.fhir.org based on SNOMED CT 900000000000207008 edition 01-Feb 2025</p><p>This value set contains 0 concepts</p><table class=\"codes\"><tr><td style=\"white-space:nowrap\"><b>Code</b></td><td><b>System</b></td><td><b>Display (no-NO)</b></td></tr></table></div>"
      },
      "url" : "http://hl7.no/fhir/ValueSet/NoDomainVitalSignsObservationDiastolicendPoint",
      "version" : "0.8.3",
      "name" : "NoDomainVitalSignsObservationDiastolicendPoint",
      "title" : "NoDomainVitalSignsObservationDiastolicendPoint",
      "status" : "draft",
      "experimental" : false,
      "date" : "2021-03-17T00:00:00+00:00",
      "jurisdiction" : [{
        "coding" : [{
          "system" : "urn:iso:std:iso:3166",
          "code" : "NO",
          "display" : "Norway"
        }]
      }],
      "expansion" : {
        "identifier" : "urn:uuid:1d231616-0c27-47c2-ad27-8840acdb4f56",
        "timestamp" : "2025-03-26T06:26:54+00:00",
        "total" : 0,
        "offset" : 0,
        "parameter" : [{
          "name" : "displayLanguage",
          "valueCode" : "no-NO"
        },
        {
          "name" : "count",
          "valueInteger" : 1000
        },
        {
          "name" : "offset",
          "valueInteger" : 0
        },
        {
          "name" : "excludeNested",
          "valueBoolean" : false
        },
        {
          "name" : "used-valueset",
          "valueUri" : "null"
        },
        {
          "name" : "used-codesystem",
          "valueUri" : "http://snomed.info/sct|http://snomed.info/sct/900000000000207008/version/20250201"
        },
        {
          "name" : "version",
          "valueUri" : "http://snomed.info/sct|http://snomed.info/sct/900000000000207008/version/20250201"
        }]
      }
    }
  },
  {
    "fullUrl" : "http://hl7.no/fhir/ValueSet/NoDomainVitalSignsObservationHeartRateBodySite",
    "resource" : {
      "resourceType" : "ValueSet",
      "meta" : {
        "lastUpdated" : "2025-01-28T00:00:00+00:00",
        "profile" : ["http://hl7.org/fhir/StructureDefinition/shareablevalueset"]
      },
      "text" : {
        "status" : "generated",
        "div" : "<div xmlns=\"http://www.w3.org/1999/xhtml\"><p class=\"res-header-id\"><b>ValueSet </b></p><p style=\"border: black 1px dotted; background-color: #EEEEEE; padding: 8px; margin-bottom: 8px\">Expansion from tx.fhir.org based on SNOMED CT 900000000000207008 edition 01-Feb 2025</p><p>This value set contains 1 concepts</p><table class=\"codes\"><tr><td style=\"white-space:nowrap\"><b>Code</b></td><td><b>System</b></td><td><b>Display (no-NO)</b></td></tr><tr><td style=\"white-space:nowrap\"><a name=\"x-http://snomed.info/sct-80891009\"> </a>\u00a0\u00a0<a href=\"http://snomed.info/id/80891009\">80891009</a></td><td>http://snomed.info/sct</td><td>Heart</td></tr></table></div>"
      },
      "url" : "http://hl7.no/fhir/ValueSet/NoDomainVitalSignsObservationHeartRateBodySite",
      "version" : "0.8.3",
      "name" : "NoDomainVitalSignsObservationHeartRateBodySite",
      "title" : "NoDomainVitalSignsObservationHeartRateBodySite",
      "status" : "draft",
      "experimental" : false,
      "date" : "2025-03-26T06:25:27+00:00",
      "jurisdiction" : [{
        "coding" : [{
          "system" : "urn:iso:std:iso:3166",
          "code" : "NO",
          "display" : "Norway"
        }]
      }],
      "expansion" : {
        "identifier" : "urn:uuid:cc7375d5-6791-4e66-8dea-477f03040751",
        "timestamp" : "2025-03-26T06:26:54+00:00",
        "total" : 1,
        "offset" : 0,
        "parameter" : [{
          "name" : "displayLanguage",
          "valueCode" : "no-NO"
        },
        {
          "name" : "count",
          "valueInteger" : 1000
        },
        {
          "name" : "offset",
          "valueInteger" : 0
        },
        {
          "name" : "excludeNested",
          "valueBoolean" : false
        },
        {
          "name" : "used-valueset",
          "valueUri" : "null"
        },
        {
          "name" : "used-codesystem",
          "valueUri" : "http://snomed.info/sct|http://snomed.info/sct/900000000000207008/version/20250201"
        },
        {
          "name" : "version",
          "valueUri" : "http://snomed.info/sct|http://snomed.info/sct/900000000000207008/version/20250201"
        }],
        "contains" : [{
          "system" : "http://snomed.info/sct",
          "code" : "80891009",
          "display" : "Heart"
        }]
      }
    }
  },
  {
    "fullUrl" : "http://hl7.no/fhir/ValueSet/NoDomainVitalSignsObservationHeartRateMeasurementMethod",
    "resource" : {
      "resourceType" : "ValueSet",
      "meta" : {
        "lastUpdated" : "2025-01-28T00:00:00+00:00",
        "profile" : ["http://hl7.org/fhir/StructureDefinition/shareablevalueset"]
      },
      "text" : {
        "status" : "generated",
        "div" : "<div xmlns=\"http://www.w3.org/1999/xhtml\"><p class=\"res-header-id\"><b>ValueSet </b></p><p style=\"border: black 1px dotted; background-color: #EEEEEE; padding: 8px; margin-bottom: 8px\">Expansion from tx.fhir.org based on SNOMED CT 900000000000207008 edition 01-Feb 2025</p><p>This value set contains 2 concepts</p><table class=\"codes\"><tr><td style=\"white-space:nowrap\"><b>Code</b></td><td><b>System</b></td><td><b>Display (no-NO)</b></td></tr><tr><td style=\"white-space:nowrap\"><a name=\"x-http://snomed.info/sct-37931006\"> </a>\u00a0\u00a0<a href=\"http://snomed.info/id/37931006\">37931006</a></td><td>http://snomed.info/sct</td><td>Auscultation</td></tr><tr><td style=\"white-space:nowrap\"><a name=\"x-http://snomed.info/sct-113011001\"> </a>\u00a0\u00a0<a href=\"http://snomed.info/id/113011001\">113011001</a></td><td>http://snomed.info/sct</td><td>Palpation</td></tr></table></div>"
      },
      "url" : "http://hl7.no/fhir/ValueSet/NoDomainVitalSignsObservationHeartRateMeasurementMethod",
      "version" : "0.8.3",
      "name" : "NoDomainVitalSignsObservationHeartRateMeasurementMethod",
      "title" : "NoDomainVitalSignsObservationHeartRateMeasurementMethod",
      "status" : "draft",
      "experimental" : false,
      "date" : "2025-03-26T06:25:27+00:00",
      "jurisdiction" : [{
        "coding" : [{
          "system" : "urn:iso:std:iso:3166",
          "code" : "NO",
          "display" : "Norway"
        }]
      }],
      "expansion" : {
        "identifier" : "urn:uuid:ff6484e3-95a1-4da5-be63-b0d737b0bfbf",
        "timestamp" : "2025-03-26T06:26:54+00:00",
        "total" : 2,
        "offset" : 0,
        "parameter" : [{
          "name" : "displayLanguage",
          "valueCode" : "no-NO"
        },
        {
          "name" : "count",
          "valueInteger" : 1000
        },
        {
          "name" : "offset",
          "valueInteger" : 0
        },
        {
          "name" : "excludeNested",
          "valueBoolean" : false
        },
        {
          "name" : "used-valueset",
          "valueUri" : "null"
        },
        {
          "name" : "used-codesystem",
          "valueUri" : "http://snomed.info/sct|http://snomed.info/sct/900000000000207008/version/20250201"
        },
        {
          "name" : "version",
          "valueUri" : "http://snomed.info/sct|http://snomed.info/sct/900000000000207008/version/20250201"
        }],
        "contains" : [{
          "system" : "http://snomed.info/sct",
          "code" : "37931006",
          "display" : "Auscultation"
        },
        {
          "system" : "http://snomed.info/sct",
          "code" : "113011001",
          "display" : "Palpation"
        }]
      }
    }
  },
  {
    "fullUrl" : "http://hl7.no/fhir/ValueSet/NoDomainVitalSignsObservationHeartRatePulseBodyPosition",
    "resource" : {
      "resourceType" : "ValueSet",
      "meta" : {
        "lastUpdated" : "2025-01-28T00:00:00+00:00",
        "profile" : ["http://hl7.org/fhir/StructureDefinition/shareablevalueset"]
      },
      "text" : {
        "status" : "generated",
        "div" : "<div xmlns=\"http://www.w3.org/1999/xhtml\"><p class=\"res-header-id\"><b>ValueSet </b></p><p style=\"border: black 1px dotted; background-color: #EEEEEE; padding: 8px; margin-bottom: 8px\">Expansion from tx.fhir.org based on SNOMED CT 900000000000207008 edition 01-Feb 2025</p><p>This value set contains 3 concepts</p><table class=\"codes\"><tr><td style=\"white-space:nowrap\"><b>Code</b></td><td><b>System</b></td><td><b>Display (no-NO)</b></td></tr><tr><td style=\"white-space:nowrap\"><a name=\"x-http://snomed.info/sct-33586001\"> </a>\u00a0\u00a0<a href=\"http://snomed.info/id/33586001\">33586001</a></td><td>http://snomed.info/sct</td><td>Sitting position</td></tr><tr><td style=\"white-space:nowrap\"><a name=\"x-http://snomed.info/sct-10904000\"> </a>\u00a0\u00a0<a href=\"http://snomed.info/id/10904000\">10904000</a></td><td>http://snomed.info/sct</td><td>Orthostatic body position</td></tr><tr><td style=\"white-space:nowrap\"><a name=\"x-http://snomed.info/sct-272580008\"> </a>\u00a0\u00a0<a href=\"http://snomed.info/id/272580008\">272580008</a></td><td>http://snomed.info/sct</td><td>Semi-recumbent position</td></tr></table></div>"
      },
      "url" : "http://hl7.no/fhir/ValueSet/NoDomainVitalSignsObservationHeartRatePulseBodyPosition",
      "version" : "0.8.3",
      "name" : "NoDomainVitalSignsObservationHeartRatePulseBodyPosition",
      "title" : "NoDomainVitalSignsObservationHeartRatePulseBodyPosition",
      "status" : "draft",
      "experimental" : false,
      "date" : "2025-03-26T06:25:27+00:00",
      "jurisdiction" : [{
        "coding" : [{
          "system" : "urn:iso:std:iso:3166",
          "code" : "NO",
          "display" : "Norway"
        }]
      }],
      "expansion" : {
        "identifier" : "urn:uuid:8036cb42-cbe4-4b2b-8e34-a9515da288af",
        "timestamp" : "2025-03-26T06:26:54+00:00",
        "total" : 3,
        "offset" : 0,
        "parameter" : [{
          "name" : "displayLanguage",
          "valueCode" : "no-NO"
        },
        {
          "name" : "count",
          "valueInteger" : 1000
        },
        {
          "name" : "offset",
          "valueInteger" : 0
        },
        {
          "name" : "excludeNested",
          "valueBoolean" : false
        },
        {
          "name" : "used-valueset",
          "valueUri" : "null"
        },
        {
          "name" : "used-codesystem",
          "valueUri" : "http://snomed.info/sct|http://snomed.info/sct/900000000000207008/version/20250201"
        },
        {
          "name" : "version",
          "valueUri" : "http://snomed.info/sct|http://snomed.info/sct/900000000000207008/version/20250201"
        }],
        "contains" : [{
          "system" : "http://snomed.info/sct",
          "code" : "33586001",
          "display" : "Sitting position"
        },
        {
          "system" : "http://snomed.info/sct",
          "code" : "10904000",
          "display" : "Orthostatic body position"
        },
        {
          "system" : "http://snomed.info/sct",
          "code" : "272580008",
          "display" : "Semi-recumbent position"
        }]
      }
    }
  },
  {
    "fullUrl" : "http://hl7.no/fhir/ValueSet/NoDomainVitalSignsObservationHeartRhythmIrregularity",
    "resource" : {
      "resourceType" : "ValueSet",
      "meta" : {
        "lastUpdated" : "2025-01-28T00:00:00+00:00",
        "profile" : ["http://hl7.org/fhir/StructureDefinition/shareablevalueset"]
      },
      "text" : {
        "status" : "generated",
        "div" : "<div xmlns=\"http://www.w3.org/1999/xhtml\"><p class=\"res-header-id\"><b>ValueSet </b></p><p style=\"border: black 1px dotted; background-color: #EEEEEE; padding: 8px; margin-bottom: 8px\">Expansion from tx.fhir.org based on SNOMED CT 900000000000207008 edition 01-Feb 2025</p><p>This value set contains 3 concepts</p><table class=\"codes\"><tr><td style=\"white-space:nowrap\"><b>Code</b></td><td><b>System</b></td><td><b>Display (no-NO)</b></td></tr><tr><td style=\"white-space:nowrap\"><a name=\"x-http://snomed.info/sct-361137007\"> </a>\u00a0\u00a0<a href=\"http://snomed.info/id/361137007\">361137007</a></td><td>http://snomed.info/sct</td><td>Irregular heart beat</td></tr><tr><td style=\"white-space:nowrap\"><a name=\"x-http://snomed.info/sct-248652003\"> </a>\u00a0\u00a0<a href=\"http://snomed.info/id/248652003\">248652003</a></td><td>http://snomed.info/sct</td><td>Heart regularly irregular</td></tr><tr><td style=\"white-space:nowrap\"><a name=\"x-http://snomed.info/sct-248651005\"> </a>\u00a0\u00a0<a href=\"http://snomed.info/id/248651005\">248651005</a></td><td>http://snomed.info/sct</td><td>Heart irregularly irregular</td></tr></table></div>"
      },
      "url" : "http://hl7.no/fhir/ValueSet/NoDomainVitalSignsObservationHeartRhythmIrregularity",
      "version" : "0.8.3",
      "name" : "NoDomainVitalSignsObservationHeartRhythmIrregularity",
      "title" : "NoDomainVitalSignsObservationHeartRhythmIrregularity",
      "status" : "draft",
      "experimental" : false,
      "date" : "2025-03-26T06:25:27+00:00",
      "jurisdiction" : [{
        "coding" : [{
          "system" : "urn:iso:std:iso:3166",
          "code" : "NO",
          "display" : "Norway"
        }]
      }],
      "expansion" : {
        "identifier" : "urn:uuid:16c44c80-936a-4c99-b21d-065807658b0b",
        "timestamp" : "2025-03-26T06:26:54+00:00",
        "total" : 3,
        "offset" : 0,
        "parameter" : [{
          "name" : "displayLanguage",
          "valueCode" : "no-NO"
        },
        {
          "name" : "count",
          "valueInteger" : 1000
        },
        {
          "name" : "offset",
          "valueInteger" : 0
        },
        {
          "name" : "excludeNested",
          "valueBoolean" : false
        },
        {
          "name" : "used-valueset",
          "valueUri" : "null"
        },
        {
          "name" : "used-codesystem",
          "valueUri" : "http://snomed.info/sct|http://snomed.info/sct/900000000000207008/version/20250201"
        },
        {
          "name" : "version",
          "valueUri" : "http://snomed.info/sct|http://snomed.info/sct/900000000000207008/version/20250201"
        }],
        "contains" : [{
          "system" : "http://snomed.info/sct",
          "code" : "361137007",
          "display" : "Irregular heart beat"
        },
        {
          "system" : "http://snomed.info/sct",
          "code" : "248652003",
          "display" : "Heart regularly irregular"
        },
        {
          "system" : "http://snomed.info/sct",
          "code" : "248651005",
          "display" : "Heart irregularly irregular"
        }]
      }
    }
  },
  {
    "fullUrl" : "http://hl7.no/fhir/ValueSet/NoDomainVitalSignsObservationPulseBodySite",
    "resource" : {
      "resourceType" : "ValueSet",
      "meta" : {
        "lastUpdated" : "2025-01-28T00:00:00+00:00",
        "profile" : ["http://hl7.org/fhir/StructureDefinition/shareablevalueset"]
      },
      "text" : {
        "status" : "generated",
        "div" : "<div xmlns=\"http://www.w3.org/1999/xhtml\"><p class=\"res-header-id\"><b>ValueSet </b></p><p style=\"border: black 1px dotted; background-color: #EEEEEE; padding: 8px; margin-bottom: 8px\">Expansion from tx.fhir.org based on SNOMED CT 900000000000207008 edition 01-Feb 2025</p><p>This value set contains 12 concepts</p><table class=\"codes\"><tr><td style=\"white-space:nowrap\"><b>Code</b></td><td><b>System</b></td><td><b>Display (no-NO)</b></td></tr><tr><td style=\"white-space:nowrap\"><a name=\"x-http://snomed.info/sct-723962009\"> </a>\u00a0\u00a0<a href=\"http://snomed.info/id/723962009\">723962009</a></td><td>http://snomed.info/sct</td><td>Structure of right brachial artery (body structure)</td></tr><tr><td style=\"white-space:nowrap\"><a name=\"x-http://snomed.info/sct-723961002\"> </a>\u00a0\u00a0<a href=\"http://snomed.info/id/723961002\">723961002</a></td><td>http://snomed.info/sct</td><td>Structure of left brachial artery (body structure)</td></tr><tr><td style=\"white-space:nowrap\"><a name=\"x-http://snomed.info/sct-721033002\"> </a>\u00a0\u00a0<a href=\"http://snomed.info/id/721033002\">721033002</a></td><td>http://snomed.info/sct</td><td>Structure of right carotid artery (body structure)</td></tr><tr><td style=\"white-space:nowrap\"><a name=\"x-http://snomed.info/sct-721028001\"> </a>\u00a0\u00a0<a href=\"http://snomed.info/id/721028001\">721028001</a></td><td>http://snomed.info/sct</td><td>Structure of left carotid artery (body structure)</td></tr><tr><td style=\"white-space:nowrap\"><a name=\"x-http://snomed.info/sct-69833005\"> </a>\u00a0\u00a0<a href=\"http://snomed.info/id/69833005\">69833005</a></td><td>http://snomed.info/sct</td><td>Right femoral artery</td></tr><tr><td style=\"white-space:nowrap\"><a name=\"x-http://snomed.info/sct-113270003\"> </a>\u00a0\u00a0<a href=\"http://snomed.info/id/113270003\">113270003</a></td><td>http://snomed.info/sct</td><td>Left femoral artery</td></tr><tr><td style=\"white-space:nowrap\"><a name=\"x-http://snomed.info/sct-7569003\"> </a>\u00a0\u00a0<a href=\"http://snomed.info/id/7569003\">7569003</a></td><td>http://snomed.info/sct</td><td>Finger</td></tr><tr><td style=\"white-space:nowrap\"><a name=\"x-http://snomed.info/sct-48800003\"> </a>\u00a0\u00a0<a href=\"http://snomed.info/id/48800003\">48800003</a></td><td>http://snomed.info/sct</td><td>Ear lobule</td></tr><tr><td style=\"white-space:nowrap\"><a name=\"x-http://snomed.info/sct-368503001\"> </a>\u00a0\u00a0<a href=\"http://snomed.info/id/368503001\">368503001</a></td><td>http://snomed.info/sct</td><td>Right radial artery</td></tr><tr><td style=\"white-space:nowrap\"><a name=\"x-http://snomed.info/sct-368504007\"> </a>\u00a0\u00a0<a href=\"http://snomed.info/id/368504007\">368504007</a></td><td>http://snomed.info/sct</td><td>Structure of left radial artery</td></tr><tr><td style=\"white-space:nowrap\"><a name=\"x-http://snomed.info/sct-29707007\"> </a>\u00a0\u00a0<a href=\"http://snomed.info/id/29707007\">29707007</a></td><td>http://snomed.info/sct</td><td>Toe</td></tr><tr><td style=\"white-space:nowrap\"><a name=\"x-http://snomed.info/sct-86547008\"> </a>\u00a0\u00a0<a href=\"http://snomed.info/id/86547008\">86547008</a></td><td>http://snomed.info/sct</td><td>Dorsalis pedis artery</td></tr></table></div>"
      },
      "url" : "http://hl7.no/fhir/ValueSet/NoDomainVitalSignsObservationPulseBodySite",
      "version" : "0.8.3",
      "name" : "NoDomainVitalSignsObservationPulseBodySite",
      "title" : "NoDomainVitalSignsObservationPulseBodySite",
      "status" : "draft",
      "experimental" : false,
      "date" : "2025-03-26T06:25:27+00:00",
      "jurisdiction" : [{
        "coding" : [{
          "system" : "urn:iso:std:iso:3166",
          "code" : "NO",
          "display" : "Norway"
        }]
      }],
      "expansion" : {
        "identifier" : "urn:uuid:35405783-1982-4f6d-939a-39a9a5d13b27",
        "timestamp" : "2025-03-26T06:26:54+00:00",
        "total" : 12,
        "offset" : 0,
        "parameter" : [{
          "name" : "displayLanguage",
          "valueCode" : "no-NO"
        },
        {
          "name" : "count",
          "valueInteger" : 1000
        },
        {
          "name" : "offset",
          "valueInteger" : 0
        },
        {
          "name" : "excludeNested",
          "valueBoolean" : false
        },
        {
          "name" : "used-valueset",
          "valueUri" : "null"
        },
        {
          "name" : "used-codesystem",
          "valueUri" : "http://snomed.info/sct|http://snomed.info/sct/900000000000207008/version/20250201"
        },
        {
          "name" : "version",
          "valueUri" : "http://snomed.info/sct|http://snomed.info/sct/900000000000207008/version/20250201"
        }],
        "contains" : [{
          "system" : "http://snomed.info/sct",
          "code" : "723962009",
          "display" : "Structure of right brachial artery (body structure)"
        },
        {
          "system" : "http://snomed.info/sct",
          "code" : "723961002",
          "display" : "Structure of left brachial artery (body structure)"
        },
        {
          "system" : "http://snomed.info/sct",
          "code" : "721033002",
          "display" : "Structure of right carotid artery (body structure)"
        },
        {
          "system" : "http://snomed.info/sct",
          "code" : "721028001",
          "display" : "Structure of left carotid artery (body structure)"
        },
        {
          "system" : "http://snomed.info/sct",
          "code" : "69833005",
          "display" : "Right femoral artery"
        },
        {
          "system" : "http://snomed.info/sct",
          "code" : "113270003",
          "display" : "Left femoral artery"
        },
        {
          "system" : "http://snomed.info/sct",
          "code" : "7569003",
          "display" : "Finger"
        },
        {
          "system" : "http://snomed.info/sct",
          "code" : "48800003",
          "display" : "Ear lobule"
        },
        {
          "system" : "http://snomed.info/sct",
          "code" : "368503001",
          "display" : "Right radial artery"
        },
        {
          "system" : "http://snomed.info/sct",
          "code" : "368504007",
          "display" : "Structure of left radial artery"
        },
        {
          "system" : "http://snomed.info/sct",
          "code" : "29707007",
          "display" : "Toe"
        },
        {
          "system" : "http://snomed.info/sct",
          "code" : "86547008",
          "display" : "Dorsalis pedis artery"
        }]
      }
    }
  },
  {
    "fullUrl" : "http://hl7.no/fhir/ValueSet/NoDomainVitalSignsObservationPulseMeasurementMethod",
    "resource" : {
      "resourceType" : "ValueSet",
      "meta" : {
        "lastUpdated" : "2025-01-28T00:00:00+00:00",
        "profile" : ["http://hl7.org/fhir/StructureDefinition/shareablevalueset"]
      },
      "text" : {
        "status" : "generated",
        "div" : "<div xmlns=\"http://www.w3.org/1999/xhtml\"><p class=\"res-header-id\"><b>ValueSet </b></p><p style=\"border: black 1px dotted; background-color: #EEEEEE; padding: 8px; margin-bottom: 8px\">Expansion from tx.fhir.org based on SNOMED CT 900000000000207008 edition 01-Feb 2025</p><p>This value set contains 2 concepts</p><table class=\"codes\"><tr><td style=\"white-space:nowrap\"><b>Code</b></td><td><b>System</b></td><td><b>Display (no-NO)</b></td></tr><tr><td style=\"white-space:nowrap\"><a name=\"x-http://snomed.info/sct-37931006\"> </a>\u00a0\u00a0<a href=\"http://snomed.info/id/37931006\">37931006</a></td><td>http://snomed.info/sct</td><td>Auscultation</td></tr><tr><td style=\"white-space:nowrap\"><a name=\"x-http://snomed.info/sct-113011001\"> </a>\u00a0\u00a0<a href=\"http://snomed.info/id/113011001\">113011001</a></td><td>http://snomed.info/sct</td><td>Palpation</td></tr></table></div>"
      },
      "url" : "http://hl7.no/fhir/ValueSet/NoDomainVitalSignsObservationPulseMeasurementMethod",
      "version" : "0.8.3",
      "name" : "NoDomainVitalSignsObservationPulseMeasurementMethod",
      "title" : "NoDomainVitalSignsObservationPulseMeasurementMethod",
      "status" : "draft",
      "experimental" : false,
      "date" : "2025-03-26T06:25:27+00:00",
      "jurisdiction" : [{
        "coding" : [{
          "system" : "urn:iso:std:iso:3166",
          "code" : "NO",
          "display" : "Norway"
        }]
      }],
      "expansion" : {
        "identifier" : "urn:uuid:3ef03822-6e6d-4bae-907e-5c0b3c5bedd3",
        "timestamp" : "2025-03-26T06:26:54+00:00",
        "total" : 2,
        "offset" : 0,
        "parameter" : [{
          "name" : "displayLanguage",
          "valueCode" : "no-NO"
        },
        {
          "name" : "count",
          "valueInteger" : 1000
        },
        {
          "name" : "offset",
          "valueInteger" : 0
        },
        {
          "name" : "excludeNested",
          "valueBoolean" : false
        },
        {
          "name" : "used-valueset",
          "valueUri" : "null"
        },
        {
          "name" : "used-codesystem",
          "valueUri" : "http://snomed.info/sct|http://snomed.info/sct/900000000000207008/version/20250201"
        },
        {
          "name" : "version",
          "valueUri" : "http://snomed.info/sct|http://snomed.info/sct/900000000000207008/version/20250201"
        }],
        "contains" : [{
          "system" : "http://snomed.info/sct",
          "code" : "37931006",
          "display" : "Auscultation"
        },
        {
          "system" : "http://snomed.info/sct",
          "code" : "113011001",
          "display" : "Palpation"
        }]
      }
    }
  },
  {
    "fullUrl" : "http://hl7.no/fhir/ValueSet/NoDomainVitalSignsObservationPulseRhythm",
    "resource" : {
      "resourceType" : "ValueSet",
      "meta" : {
        "lastUpdated" : "2025-01-28T00:00:00+00:00",
        "profile" : ["http://hl7.org/fhir/StructureDefinition/shareablevalueset"]
      },
      "text" : {
        "status" : "generated",
        "div" : "<div xmlns=\"http://www.w3.org/1999/xhtml\"><p class=\"res-header-id\"><b>ValueSet </b></p><p style=\"border: black 1px dotted; background-color: #EEEEEE; padding: 8px; margin-bottom: 8px\">Expansion from tx.fhir.org based on SNOMED CT 900000000000207008 edition 01-Feb 2025</p><p>This value set contains 2 concepts</p><table class=\"codes\"><tr><td style=\"white-space:nowrap\"><b>Code</b></td><td><b>System</b></td><td><b>Display (no-NO)</b></td></tr><tr><td style=\"white-space:nowrap\"><a name=\"x-http://snomed.info/sct-271636001\"> </a>\u00a0\u00a0<a href=\"http://snomed.info/id/271636001\">271636001</a></td><td>http://snomed.info/sct</td><td>Pulse regular</td></tr><tr><td style=\"white-space:nowrap\"><a name=\"x-http://snomed.info/sct-61086009\"> </a>\u00a0\u00a0<a href=\"http://snomed.info/id/61086009\">61086009</a></td><td>http://snomed.info/sct</td><td>Uregelmessig</td></tr></table></div>"
      },
      "url" : "http://hl7.no/fhir/ValueSet/NoDomainVitalSignsObservationPulseRhythm",
      "version" : "0.8.3",
      "name" : "NoDomainVitalSignsObservationPulseRhythm",
      "title" : "NoDomainVitalSignsObservationPulseRhythm",
      "status" : "draft",
      "experimental" : false,
      "date" : "2025-03-26T06:25:27+00:00",
      "jurisdiction" : [{
        "coding" : [{
          "system" : "urn:iso:std:iso:3166",
          "code" : "NO",
          "display" : "Norway"
        }]
      }],
      "expansion" : {
        "identifier" : "urn:uuid:6ff976a0-1344-42d1-b66a-52997aaa0696",
        "timestamp" : "2025-03-26T06:26:54+00:00",
        "total" : 2,
        "offset" : 0,
        "parameter" : [{
          "name" : "displayLanguage",
          "valueCode" : "no-NO"
        },
        {
          "name" : "count",
          "valueInteger" : 1000
        },
        {
          "name" : "offset",
          "valueInteger" : 0
        },
        {
          "name" : "excludeNested",
          "valueBoolean" : false
        },
        {
          "name" : "used-valueset",
          "valueUri" : "null"
        },
        {
          "name" : "used-codesystem",
          "valueUri" : "http://snomed.info/sct|http://snomed.info/sct/900000000000207008/version/20250201"
        },
        {
          "name" : "version",
          "valueUri" : "http://snomed.info/sct|http://snomed.info/sct/900000000000207008/version/20250201"
        }],
        "contains" : [{
          "system" : "http://snomed.info/sct",
          "code" : "271636001",
          "display" : "Pulse regular"
        },
        {
          "system" : "http://snomed.info/sct",
          "code" : "61086009",
          "display" : "Uregelmessig"
        }]
      }
    }
  },
  {
    "fullUrl" : "http://hl7.no/fhir/ValueSet/NoDomainVitalSignsObservationPulseRhythmIrregularity",
    "resource" : {
      "resourceType" : "ValueSet",
      "meta" : {
        "lastUpdated" : "2025-01-28T00:00:00+00:00",
        "profile" : ["http://hl7.org/fhir/StructureDefinition/shareablevalueset"]
      },
      "text" : {
        "status" : "generated",
        "div" : "<div xmlns=\"http://www.w3.org/1999/xhtml\"><p class=\"res-header-id\"><b>ValueSet </b></p><p style=\"border: black 1px dotted; background-color: #EEEEEE; padding: 8px; margin-bottom: 8px\">Expansion from tx.fhir.org based on SNOMED CT 900000000000207008 edition 01-Feb 2025</p><p>This value set contains 2 concepts</p><table class=\"codes\"><tr><td style=\"white-space:nowrap\"><b>Code</b></td><td><b>System</b></td><td><b>Display (no-NO)</b></td></tr><tr><td style=\"white-space:nowrap\"><a name=\"x-http://snomed.info/sct-271638000\"> </a>\u00a0\u00a0<a href=\"http://snomed.info/id/271638000\">271638000</a></td><td>http://snomed.info/sct</td><td>Pulse regularly irregular</td></tr><tr><td style=\"white-space:nowrap\"><a name=\"x-http://snomed.info/sct-271637005\"> </a>\u00a0\u00a0<a href=\"http://snomed.info/id/271637005\">271637005</a></td><td>http://snomed.info/sct</td><td>Pulse irregularly irregular</td></tr></table></div>"
      },
      "url" : "http://hl7.no/fhir/ValueSet/NoDomainVitalSignsObservationPulseRhythmIrregularity",
      "version" : "0.8.3",
      "name" : "NoDomainVitalSignsObservationPulseRhythmIrregularity",
      "title" : "NoDomainVitalSignsObservationPulseRhythmIrregularity",
      "status" : "draft",
      "experimental" : false,
      "date" : "2025-03-26T06:25:27+00:00",
      "jurisdiction" : [{
        "coding" : [{
          "system" : "urn:iso:std:iso:3166",
          "code" : "NO",
          "display" : "Norway"
        }]
      }],
      "expansion" : {
        "identifier" : "urn:uuid:b6944e08-207a-441f-9fab-b147eb60b405",
        "timestamp" : "2025-03-26T06:26:54+00:00",
        "total" : 2,
        "offset" : 0,
        "parameter" : [{
          "name" : "displayLanguage",
          "valueCode" : "no-NO"
        },
        {
          "name" : "count",
          "valueInteger" : 1000
        },
        {
          "name" : "offset",
          "valueInteger" : 0
        },
        {
          "name" : "excludeNested",
          "valueBoolean" : false
        },
        {
          "name" : "used-valueset",
          "valueUri" : "null"
        },
        {
          "name" : "used-codesystem",
          "valueUri" : "http://snomed.info/sct|http://snomed.info/sct/900000000000207008/version/20250201"
        },
        {
          "name" : "version",
          "valueUri" : "http://snomed.info/sct|http://snomed.info/sct/900000000000207008/version/20250201"
        }],
        "contains" : [{
          "system" : "http://snomed.info/sct",
          "code" : "271638000",
          "display" : "Pulse regularly irregular"
        },
        {
          "system" : "http://snomed.info/sct",
          "code" : "271637005",
          "display" : "Pulse irregularly irregular"
        }]
      }
    }
  },
  {
    "fullUrl" : "http://hl7.no/fhir/ValueSet/NoDomainVitalSignsObservationRespirationRateBodyPosition",
    "resource" : {
      "resourceType" : "ValueSet",
      "meta" : {
        "lastUpdated" : "2025-01-28T00:00:00+00:00",
        "profile" : ["http://hl7.org/fhir/StructureDefinition/shareablevalueset"]
      },
      "text" : {
        "status" : "generated",
        "div" : "<div xmlns=\"http://www.w3.org/1999/xhtml\"><p class=\"res-header-id\"><b>ValueSet </b></p><p style=\"border: black 1px dotted; background-color: #EEEEEE; padding: 8px; margin-bottom: 8px\">Expansion from tx.fhir.org based on SNOMED CT 900000000000207008 edition 01-Feb 2025</p><p>This value set contains 5 concepts</p><table class=\"codes\"><tr><td style=\"white-space:nowrap\"><b>Code</b></td><td><b>System</b></td><td><b>Display (no-NO)</b></td></tr><tr><td style=\"white-space:nowrap\"><a name=\"x-http://snomed.info/sct-1240000\"> </a>\u00a0\u00a0<a href=\"http://snomed.info/id/1240000\">1240000</a></td><td>http://snomed.info/sct</td><td>Prone body position</td></tr><tr><td style=\"white-space:nowrap\"><a name=\"x-http://snomed.info/sct-40199007\"> </a>\u00a0\u00a0<a href=\"http://snomed.info/id/40199007\">40199007</a></td><td>http://snomed.info/sct</td><td>Supine body position</td></tr><tr><td style=\"white-space:nowrap\"><a name=\"x-http://snomed.info/sct-33586001\"> </a>\u00a0\u00a0<a href=\"http://snomed.info/id/33586001\">33586001</a></td><td>http://snomed.info/sct</td><td>Sitting position</td></tr><tr><td style=\"white-space:nowrap\"><a name=\"x-http://snomed.info/sct-10904000\"> </a>\u00a0\u00a0<a href=\"http://snomed.info/id/10904000\">10904000</a></td><td>http://snomed.info/sct</td><td>Orthostatic body position</td></tr><tr><td style=\"white-space:nowrap\"><a name=\"x-http://snomed.info/sct-272580008\"> </a>\u00a0\u00a0<a href=\"http://snomed.info/id/272580008\">272580008</a></td><td>http://snomed.info/sct</td><td>Semi-recumbent position</td></tr></table></div>"
      },
      "url" : "http://hl7.no/fhir/ValueSet/NoDomainVitalSignsObservationRespirationRateBodyPosition",
      "version" : "0.8.3",
      "name" : "NoDomainVitalSignsObservationRespirationRateBodyPosition",
      "title" : "NoDomainVitalSignsObservationRespirationRateBodyPosition",
      "status" : "draft",
      "experimental" : false,
      "date" : "2025-03-26T06:25:27+00:00",
      "jurisdiction" : [{
        "coding" : [{
          "system" : "urn:iso:std:iso:3166",
          "code" : "NO",
          "display" : "Norway"
        }]
      }],
      "expansion" : {
        "identifier" : "urn:uuid:edfa4bf6-ade2-4131-8e04-d13bb825a7e1",
        "timestamp" : "2025-03-26T06:26:54+00:00",
        "total" : 5,
        "offset" : 0,
        "parameter" : [{
          "name" : "displayLanguage",
          "valueCode" : "no-NO"
        },
        {
          "name" : "count",
          "valueInteger" : 1000
        },
        {
          "name" : "offset",
          "valueInteger" : 0
        },
        {
          "name" : "excludeNested",
          "valueBoolean" : false
        },
        {
          "name" : "used-valueset",
          "valueUri" : "null"
        },
        {
          "name" : "used-codesystem",
          "valueUri" : "http://snomed.info/sct|http://snomed.info/sct/900000000000207008/version/20250201"
        },
        {
          "name" : "version",
          "valueUri" : "http://snomed.info/sct|http://snomed.info/sct/900000000000207008/version/20250201"
        }],
        "contains" : [{
          "system" : "http://snomed.info/sct",
          "code" : "1240000",
          "display" : "Prone body position"
        },
        {
          "system" : "http://snomed.info/sct",
          "code" : "40199007",
          "display" : "Supine body position"
        },
        {
          "system" : "http://snomed.info/sct",
          "code" : "33586001",
          "display" : "Sitting position"
        },
        {
          "system" : "http://snomed.info/sct",
          "code" : "10904000",
          "display" : "Orthostatic body position"
        },
        {
          "system" : "http://snomed.info/sct",
          "code" : "272580008",
          "display" : "Semi-recumbent position"
        }]
      }
    }
  },
  {
    "fullUrl" : "http://hl7.no/fhir/ValueSet/NoDomainVitalSignsObservationRespirationRateDepth",
    "resource" : {
      "resourceType" : "ValueSet",
      "meta" : {
        "lastUpdated" : "2025-01-28T00:00:00+00:00",
        "profile" : ["http://hl7.org/fhir/StructureDefinition/shareablevalueset"]
      },
      "text" : {
        "status" : "generated",
        "div" : "<div xmlns=\"http://www.w3.org/1999/xhtml\"><p class=\"res-header-id\"><b>ValueSet </b></p><p style=\"border: black 1px dotted; background-color: #EEEEEE; padding: 8px; margin-bottom: 8px\">Expansion from tx.fhir.org based on SNOMED CT 900000000000207008 edition 01-Feb 2025</p><p>This value set contains 4 concepts</p><table class=\"codes\"><tr><td style=\"white-space:nowrap\"><b>Code</b></td><td><b>System</b></td><td><b>Display (no-NO)</b></td></tr><tr><td style=\"white-space:nowrap\"><a name=\"x-http://snomed.info/sct-289123006\"> </a>\u00a0\u00a0<a href=\"http://snomed.info/id/289123006\">289123006</a></td><td>http://snomed.info/sct</td><td>Deep breathing</td></tr><tr><td style=\"white-space:nowrap\"><a name=\"x-http://snomed.info/sct-301284009\"> </a>\u00a0\u00a0<a href=\"http://snomed.info/id/301284009\">301284009</a></td><td>http://snomed.info/sct</td><td>Normal depth of breathing</td></tr><tr><td style=\"white-space:nowrap\"><a name=\"x-http://snomed.info/sct-386616007\"> </a>\u00a0\u00a0<a href=\"http://snomed.info/id/386616007\">386616007</a></td><td>http://snomed.info/sct</td><td>Shallow breathing (finding)</td></tr><tr><td style=\"white-space:nowrap\"><a name=\"x-http://snomed.info/sct-248587009\"> </a>\u00a0\u00a0<a href=\"http://snomed.info/id/248587009\">248587009</a></td><td>http://snomed.info/sct</td><td>Depth of respiration varies</td></tr></table></div>"
      },
      "url" : "http://hl7.no/fhir/ValueSet/NoDomainVitalSignsObservationRespirationRateDepth",
      "version" : "0.8.3",
      "name" : "NoDomainVitalSignsObservationRespirationRateDepth",
      "title" : "NoDomainVitalSignsObservationRespirationRateDepth",
      "status" : "draft",
      "experimental" : false,
      "date" : "2025-03-26T06:25:27+00:00",
      "jurisdiction" : [{
        "coding" : [{
          "system" : "urn:iso:std:iso:3166",
          "code" : "NO",
          "display" : "Norway"
        }]
      }],
      "expansion" : {
        "identifier" : "urn:uuid:bad98c75-bb2c-43ab-9230-fae5ef5fff70",
        "timestamp" : "2025-03-26T06:26:54+00:00",
        "total" : 4,
        "offset" : 0,
        "parameter" : [{
          "name" : "displayLanguage",
          "valueCode" : "no-NO"
        },
        {
          "name" : "count",
          "valueInteger" : 1000
        },
        {
          "name" : "offset",
          "valueInteger" : 0
        },
        {
          "name" : "excludeNested",
          "valueBoolean" : false
        },
        {
          "name" : "used-valueset",
          "valueUri" : "null"
        },
        {
          "name" : "used-codesystem",
          "valueUri" : "http://snomed.info/sct|http://snomed.info/sct/900000000000207008/version/20250201"
        },
        {
          "name" : "version",
          "valueUri" : "http://snomed.info/sct|http://snomed.info/sct/900000000000207008/version/20250201"
        }],
        "contains" : [{
          "system" : "http://snomed.info/sct",
          "code" : "289123006",
          "display" : "Deep breathing"
        },
        {
          "system" : "http://snomed.info/sct",
          "code" : "301284009",
          "display" : "Normal depth of breathing"
        },
        {
          "system" : "http://snomed.info/sct",
          "code" : "386616007",
          "display" : "Shallow breathing (finding)"
        },
        {
          "system" : "http://snomed.info/sct",
          "code" : "248587009",
          "display" : "Depth of respiration varies"
        }]
      }
    }
  },
  {
    "fullUrl" : "http://hl7.no/fhir/ValueSet/NoDomainVitalSignsObservationRespirationRegularity",
    "resource" : {
      "resourceType" : "ValueSet",
      "meta" : {
        "lastUpdated" : "2025-01-28T00:00:00+00:00",
        "profile" : ["http://hl7.org/fhir/StructureDefinition/shareablevalueset"]
      },
      "text" : {
        "status" : "generated",
        "div" : "<div xmlns=\"http://www.w3.org/1999/xhtml\"><p class=\"res-header-id\"><b>ValueSet </b></p><p style=\"border: black 1px dotted; background-color: #EEEEEE; padding: 8px; margin-bottom: 8px\">Expansion from tx.fhir.org based on SNOMED CT 900000000000207008 edition 01-Feb 2025</p><p>This value set contains 2 concepts</p><table class=\"codes\"><tr><td style=\"white-space:nowrap\"><b>Code</b></td><td><b>System</b></td><td><b>Display (no-NO)</b></td></tr><tr><td style=\"white-space:nowrap\"><a name=\"x-http://snomed.info/sct-276888009\"> </a>\u00a0\u00a0<a href=\"http://snomed.info/id/276888009\">276888009</a></td><td>http://snomed.info/sct</td><td>SR - Normal spontaneous respiration</td></tr><tr><td style=\"white-space:nowrap\"><a name=\"x-http://snomed.info/sct-248585001\"> </a>\u00a0\u00a0<a href=\"http://snomed.info/id/248585001\">248585001</a></td><td>http://snomed.info/sct</td><td>Irregular breathing</td></tr></table></div>"
      },
      "url" : "http://hl7.no/fhir/ValueSet/NoDomainVitalSignsObservationRespirationRegularity",
      "version" : "0.8.3",
      "name" : "NoDomainVitalSignsObservationRespirationRegularity",
      "title" : "NoDomainVitalSignsObservationRespirationRegularity",
      "status" : "draft",
      "experimental" : false,
      "date" : "2025-03-26T06:25:27+00:00",
      "jurisdiction" : [{
        "coding" : [{
          "system" : "urn:iso:std:iso:3166",
          "code" : "NO",
          "display" : "Norway"
        }]
      }],
      "expansion" : {
        "identifier" : "urn:uuid:ec3e2c6b-9dad-4c83-8203-7d4aa1466bde",
        "timestamp" : "2025-03-26T06:26:54+00:00",
        "total" : 2,
        "offset" : 0,
        "parameter" : [{
          "name" : "displayLanguage",
          "valueCode" : "no-NO"
        },
        {
          "name" : "count",
          "valueInteger" : 1000
        },
        {
          "name" : "offset",
          "valueInteger" : 0
        },
        {
          "name" : "excludeNested",
          "valueBoolean" : false
        },
        {
          "name" : "used-valueset",
          "valueUri" : "null"
        },
        {
          "name" : "used-codesystem",
          "valueUri" : "http://snomed.info/sct|http://snomed.info/sct/900000000000207008/version/20250201"
        },
        {
          "name" : "version",
          "valueUri" : "http://snomed.info/sct|http://snomed.info/sct/900000000000207008/version/20250201"
        }],
        "contains" : [{
          "system" : "http://snomed.info/sct",
          "code" : "276888009",
          "display" : "SR - Normal spontaneous respiration"
        },
        {
          "system" : "http://snomed.info/sct",
          "code" : "248585001",
          "display" : "Irregular breathing"
        }]
      }
    }
  },
  {
    "fullUrl" : "http://hl7.no/fhir/ValueSet/NoDomainVitalSignsObservationSleepStatus",
    "resource" : {
      "resourceType" : "ValueSet",
      "meta" : {
        "lastUpdated" : "2025-01-28T00:00:00+00:00",
        "profile" : ["http://hl7.org/fhir/StructureDefinition/shareablevalueset"]
      },
      "text" : {
        "status" : "generated",
        "div" : "<div xmlns=\"http://www.w3.org/1999/xhtml\"><p class=\"res-header-id\"><b>ValueSet </b></p><p style=\"border: black 1px dotted; background-color: #EEEEEE; padding: 8px; margin-bottom: 8px\">Expansion from tx.fhir.org based on SNOMED CT 900000000000207008 edition 01-Feb 2025</p><p>This value set contains 2 concepts</p><table class=\"codes\"><tr><td style=\"white-space:nowrap\"><b>Code</b></td><td><b>System</b></td><td><b>Display (no-NO)</b></td></tr><tr><td style=\"white-space:nowrap\"><a name=\"x-http://snomed.info/sct-248220008\"> </a>\u00a0\u00a0<a href=\"http://snomed.info/id/248220008\">248220008</a></td><td>http://snomed.info/sct</td><td>Asleep</td></tr><tr><td style=\"white-space:nowrap\"><a name=\"x-http://snomed.info/sct-248218005\"> </a>\u00a0\u00a0<a href=\"http://snomed.info/id/248218005\">248218005</a></td><td>http://snomed.info/sct</td><td>Awake</td></tr></table></div>"
      },
      "url" : "http://hl7.no/fhir/ValueSet/NoDomainVitalSignsObservationSleepStatus",
      "version" : "0.8.3",
      "name" : "NoDomainVitalSignsObservationSleepStatus",
      "title" : "NoDomainVitalSignsObservationSleepStatus",
      "status" : "draft",
      "experimental" : false,
      "date" : "2025-03-26T06:25:27+00:00",
      "jurisdiction" : [{
        "coding" : [{
          "system" : "urn:iso:std:iso:3166",
          "code" : "NO",
          "display" : "Norway"
        }]
      }],
      "expansion" : {
        "identifier" : "urn:uuid:d07ffe17-41fc-4a18-b6a7-16af5941074f",
        "timestamp" : "2025-03-26T06:26:54+00:00",
        "total" : 2,
        "offset" : 0,
        "parameter" : [{
          "name" : "displayLanguage",
          "valueCode" : "no-NO"
        },
        {
          "name" : "count",
          "valueInteger" : 1000
        },
        {
          "name" : "offset",
          "valueInteger" : 0
        },
        {
          "name" : "excludeNested",
          "valueBoolean" : false
        },
        {
          "name" : "used-valueset",
          "valueUri" : "null"
        },
        {
          "name" : "used-codesystem",
          "valueUri" : "http://snomed.info/sct|http://snomed.info/sct/900000000000207008/version/20250201"
        },
        {
          "name" : "version",
          "valueUri" : "http://snomed.info/sct|http://snomed.info/sct/900000000000207008/version/20250201"
        }],
        "contains" : [{
          "system" : "http://snomed.info/sct",
          "code" : "248220008",
          "display" : "Asleep"
        },
        {
          "system" : "http://snomed.info/sct",
          "code" : "248218005",
          "display" : "Awake"
        }]
      }
    }
  },
  {
    "fullUrl" : "http://hl7.no/fhir/ValueSet/NoDomainVitalSignsObservationSpontaneousBreathing",
    "resource" : {
      "resourceType" : "ValueSet",
      "meta" : {
        "lastUpdated" : "2025-01-28T00:00:00+00:00",
        "profile" : ["http://hl7.org/fhir/StructureDefinition/shareablevalueset"]
      },
      "text" : {
        "status" : "generated",
        "div" : "<div xmlns=\"http://www.w3.org/1999/xhtml\"><p class=\"res-header-id\"><b>ValueSet </b></p><p style=\"border: black 1px dotted; background-color: #EEEEEE; padding: 8px; margin-bottom: 8px\">Expansion from tx.fhir.org based on SNOMED CT 900000000000207008 edition 01-Feb 2025</p><p>This value set contains 1 concepts</p><table class=\"codes\"><tr><td style=\"white-space:nowrap\"><b>Code</b></td><td><b>System</b></td><td><b>Display (no-NO)</b></td></tr><tr><td style=\"white-space:nowrap\"><a name=\"x-http://snomed.info/sct-241700002\"> </a>\u00a0\u00a0<a href=\"http://snomed.info/id/241700002\">241700002</a></td><td>http://snomed.info/sct</td><td>Spontaneous ventilation</td></tr></table></div>"
      },
      "url" : "http://hl7.no/fhir/ValueSet/NoDomainVitalSignsObservationSpontaneousBreathing",
      "version" : "0.8.3",
      "name" : "NoDomainVitalSignsObservationSpontaneousBreathing",
      "title" : "NoDomainVitalSignsObservationSpontaneousBreathing",
      "status" : "draft",
      "experimental" : false,
      "date" : "2025-03-26T06:25:27+00:00",
      "jurisdiction" : [{
        "coding" : [{
          "system" : "urn:iso:std:iso:3166",
          "code" : "NO",
          "display" : "Norway"
        }]
      }],
      "expansion" : {
        "identifier" : "urn:uuid:1b6f70d5-c3de-4c1f-8fb6-1252cc9c4f5e",
        "timestamp" : "2025-03-26T06:26:54+00:00",
        "total" : 1,
        "offset" : 0,
        "parameter" : [{
          "name" : "displayLanguage",
          "valueCode" : "no-NO"
        },
        {
          "name" : "count",
          "valueInteger" : 1000
        },
        {
          "name" : "offset",
          "valueInteger" : 0
        },
        {
          "name" : "excludeNested",
          "valueBoolean" : false
        },
        {
          "name" : "used-valueset",
          "valueUri" : "null"
        },
        {
          "name" : "used-codesystem",
          "valueUri" : "http://snomed.info/sct|http://snomed.info/sct/900000000000207008/version/20250201"
        },
        {
          "name" : "version",
          "valueUri" : "http://snomed.info/sct|http://snomed.info/sct/900000000000207008/version/20250201"
        }],
        "contains" : [{
          "system" : "http://snomed.info/sct",
          "code" : "241700002",
          "display" : "Spontaneous ventilation"
        }]
      }
    }
  }]
}