{
  "resourceType" : "ImplementationGuide",
  "id" : "hl7.fhir.no.domain.vitalsigns",
  "text" : {
    "status" : "generated",
    "div" : "<div xmlns=\"http://www.w3.org/1999/xhtml\"><p class=\"res-header-id\"><b>Generated Narrative: ImplementationGuide hl7.fhir.no.domain.vitalsigns</b></p><a name=\"hl7.fhir.no.domain.vitalsigns\"> </a><a name=\"hchl7.fhir.no.domain.vitalsigns\"> </a><a name=\"hl7.fhir.no.domain.vitalsigns-no-NO\"> </a><h2>NoDomainVitalSigns</h2><p>The official URL for this implementation guide is: </p><pre>http://hl7.no/fhir/no-domain/vitalsigns/ImplementationGuide/hl7.fhir.no.domain.vitalsigns</pre></div>"
  },
  "url" : "http://hl7.no/fhir/no-domain/vitalsigns/ImplementationGuide/hl7.fhir.no.domain.vitalsigns",
  "version" : "0.9.0",
  "name" : "NoDomainVitalSigns",
  "status" : "draft",
  "date" : "2025-06-10T16:00:45+00:00",
  "publisher" : "HL7 Norway",
  "contact" : [{
    "name" : "HL7 Norway",
    "telecom" : [{
      "system" : "url",
      "value" : "http://www.hl7.no"
    }]
  }],
  "jurisdiction" : [{
    "coding" : [{
      "system" : "urn:iso:std:iso:3166",
      "code" : "NO",
      "display" : "Norway"
    }]
  }],
  "packageId" : "hl7.fhir.no.domain.vitalsigns",
  "license" : "CC0-1.0",
  "fhirVersion" : ["4.0.1"],
  "dependsOn" : [{
    "id" : "hl7tx",
    "extension" : [{
      "url" : "http://hl7.org/fhir/tools/StructureDefinition/implementationguide-dependency-comment",
      "valueMarkdown" : "Automatically added as a dependency - all IGs depend on HL7 Terminology"
    }],
    "uri" : "http://terminology.hl7.org/ImplementationGuide/hl7.terminology",
    "packageId" : "hl7.terminology.r4",
    "version" : "6.4.0"
  },
  {
    "id" : "hl7ext",
    "extension" : [{
      "url" : "http://hl7.org/fhir/tools/StructureDefinition/implementationguide-dependency-comment",
      "valueMarkdown" : "Automatically added as a dependency - all IGs depend on the HL7 Extension Pack"
    }],
    "uri" : "http://hl7.org/fhir/extensions/ImplementationGuide/hl7.fhir.uv.extensions",
    "packageId" : "hl7.fhir.uv.extensions.r4",
    "version" : "5.2.0"
  },
  {
    "id" : "hl7_fhir_no_basis",
    "uri" : "http://fhir.org/packages/hl7.fhir.no.basis/ImplementationGuide/hl7.fhir.no.basis",
    "packageId" : "hl7.fhir.no.basis",
    "version" : "2.2.0"
  }],
  "definition" : {
    "extension" : [{
      "extension" : [{
        "url" : "code",
        "valueString" : "copyrightyear"
      },
      {
        "url" : "value",
        "valueString" : "2024+"
      }],
      "url" : "http://hl7.org/fhir/tools/StructureDefinition/ig-parameter"
    },
    {
      "extension" : [{
        "url" : "code",
        "valueString" : "releaselabel"
      },
      {
        "url" : "value",
        "valueString" : "ballotNormative-2"
      }],
      "url" : "http://hl7.org/fhir/tools/StructureDefinition/ig-parameter"
    },
    {
      "extension" : [{
        "url" : "code",
        "valueString" : "autoload-resources"
      },
      {
        "url" : "value",
        "valueString" : "true"
      }],
      "url" : "http://hl7.org/fhir/tools/StructureDefinition/ig-parameter"
    },
    {
      "extension" : [{
        "url" : "code",
        "valueString" : "path-liquid"
      },
      {
        "url" : "value",
        "valueString" : "template/liquid"
      }],
      "url" : "http://hl7.org/fhir/tools/StructureDefinition/ig-parameter"
    },
    {
      "extension" : [{
        "url" : "code",
        "valueString" : "path-liquid"
      },
      {
        "url" : "value",
        "valueString" : "input/liquid"
      }],
      "url" : "http://hl7.org/fhir/tools/StructureDefinition/ig-parameter"
    },
    {
      "extension" : [{
        "url" : "code",
        "valueString" : "path-qa"
      },
      {
        "url" : "value",
        "valueString" : "temp/qa"
      }],
      "url" : "http://hl7.org/fhir/tools/StructureDefinition/ig-parameter"
    },
    {
      "extension" : [{
        "url" : "code",
        "valueString" : "path-temp"
      },
      {
        "url" : "value",
        "valueString" : "temp/pages"
      }],
      "url" : "http://hl7.org/fhir/tools/StructureDefinition/ig-parameter"
    },
    {
      "extension" : [{
        "url" : "code",
        "valueString" : "path-output"
      },
      {
        "url" : "value",
        "valueString" : "output"
      }],
      "url" : "http://hl7.org/fhir/tools/StructureDefinition/ig-parameter"
    },
    {
      "extension" : [{
        "url" : "code",
        "valueString" : "path-suppressed-warnings"
      },
      {
        "url" : "value",
        "valueString" : "input/ignoreWarnings.txt"
      }],
      "url" : "http://hl7.org/fhir/tools/StructureDefinition/ig-parameter"
    },
    {
      "extension" : [{
        "url" : "code",
        "valueString" : "path-history"
      },
      {
        "url" : "value",
        "valueString" : "http://hl7.no/fhir/no-domain/vitalsigns/history.html"
      }],
      "url" : "http://hl7.org/fhir/tools/StructureDefinition/ig-parameter"
    },
    {
      "extension" : [{
        "url" : "code",
        "valueString" : "template-html"
      },
      {
        "url" : "value",
        "valueString" : "template-page.html"
      }],
      "url" : "http://hl7.org/fhir/tools/StructureDefinition/ig-parameter"
    },
    {
      "extension" : [{
        "url" : "code",
        "valueString" : "template-md"
      },
      {
        "url" : "value",
        "valueString" : "template-page-md.html"
      }],
      "url" : "http://hl7.org/fhir/tools/StructureDefinition/ig-parameter"
    },
    {
      "extension" : [{
        "url" : "code",
        "valueString" : "apply-contact"
      },
      {
        "url" : "value",
        "valueString" : "true"
      }],
      "url" : "http://hl7.org/fhir/tools/StructureDefinition/ig-parameter"
    },
    {
      "extension" : [{
        "url" : "code",
        "valueString" : "apply-context"
      },
      {
        "url" : "value",
        "valueString" : "true"
      }],
      "url" : "http://hl7.org/fhir/tools/StructureDefinition/ig-parameter"
    },
    {
      "extension" : [{
        "url" : "code",
        "valueString" : "apply-copyright"
      },
      {
        "url" : "value",
        "valueString" : "true"
      }],
      "url" : "http://hl7.org/fhir/tools/StructureDefinition/ig-parameter"
    },
    {
      "extension" : [{
        "url" : "code",
        "valueString" : "apply-jurisdiction"
      },
      {
        "url" : "value",
        "valueString" : "true"
      }],
      "url" : "http://hl7.org/fhir/tools/StructureDefinition/ig-parameter"
    },
    {
      "extension" : [{
        "url" : "code",
        "valueString" : "apply-license"
      },
      {
        "url" : "value",
        "valueString" : "true"
      }],
      "url" : "http://hl7.org/fhir/tools/StructureDefinition/ig-parameter"
    },
    {
      "extension" : [{
        "url" : "code",
        "valueString" : "apply-publisher"
      },
      {
        "url" : "value",
        "valueString" : "true"
      }],
      "url" : "http://hl7.org/fhir/tools/StructureDefinition/ig-parameter"
    },
    {
      "extension" : [{
        "url" : "code",
        "valueString" : "apply-version"
      },
      {
        "url" : "value",
        "valueString" : "true"
      }],
      "url" : "http://hl7.org/fhir/tools/StructureDefinition/ig-parameter"
    },
    {
      "extension" : [{
        "url" : "code",
        "valueString" : "apply-wg"
      },
      {
        "url" : "value",
        "valueString" : "true"
      }],
      "url" : "http://hl7.org/fhir/tools/StructureDefinition/ig-parameter"
    },
    {
      "extension" : [{
        "url" : "code",
        "valueString" : "active-tables"
      },
      {
        "url" : "value",
        "valueString" : "true"
      }],
      "url" : "http://hl7.org/fhir/tools/StructureDefinition/ig-parameter"
    },
    {
      "extension" : [{
        "url" : "code",
        "valueString" : "fmm-definition"
      },
      {
        "url" : "value",
        "valueString" : "http://hl7.org/fhir/versions.html#maturity"
      }],
      "url" : "http://hl7.org/fhir/tools/StructureDefinition/ig-parameter"
    },
    {
      "extension" : [{
        "url" : "code",
        "valueString" : "propagate-status"
      },
      {
        "url" : "value",
        "valueString" : "true"
      }],
      "url" : "http://hl7.org/fhir/tools/StructureDefinition/ig-parameter"
    },
    {
      "extension" : [{
        "url" : "code",
        "valueString" : "excludelogbinaryformat"
      },
      {
        "url" : "value",
        "valueString" : "true"
      }],
      "url" : "http://hl7.org/fhir/tools/StructureDefinition/ig-parameter"
    },
    {
      "extension" : [{
        "url" : "code",
        "valueString" : "tabbed-snapshots"
      },
      {
        "url" : "value",
        "valueString" : "true"
      }],
      "url" : "http://hl7.org/fhir/tools/StructureDefinition/ig-parameter"
    },
    {
      "url" : "http://hl7.org/fhir/tools/StructureDefinition/ig-internal-dependency",
      "valueCode" : "hl7.fhir.uv.tools.r4#0.5.0"
    },
    {
      "extension" : [{
        "url" : "code",
        "valueCode" : "copyrightyear"
      },
      {
        "url" : "value",
        "valueString" : "2024+"
      }],
      "url" : "http://hl7.org/fhir/tools/StructureDefinition/ig-parameter"
    },
    {
      "extension" : [{
        "url" : "code",
        "valueCode" : "releaselabel"
      },
      {
        "url" : "value",
        "valueString" : "ballotNormative-2"
      }],
      "url" : "http://hl7.org/fhir/tools/StructureDefinition/ig-parameter"
    },
    {
      "extension" : [{
        "url" : "code",
        "valueCode" : "autoload-resources"
      },
      {
        "url" : "value",
        "valueString" : "true"
      }],
      "url" : "http://hl7.org/fhir/tools/StructureDefinition/ig-parameter"
    },
    {
      "extension" : [{
        "url" : "code",
        "valueCode" : "path-liquid"
      },
      {
        "url" : "value",
        "valueString" : "template/liquid"
      }],
      "url" : "http://hl7.org/fhir/tools/StructureDefinition/ig-parameter"
    },
    {
      "extension" : [{
        "url" : "code",
        "valueCode" : "path-liquid"
      },
      {
        "url" : "value",
        "valueString" : "input/liquid"
      }],
      "url" : "http://hl7.org/fhir/tools/StructureDefinition/ig-parameter"
    },
    {
      "extension" : [{
        "url" : "code",
        "valueCode" : "path-qa"
      },
      {
        "url" : "value",
        "valueString" : "temp/qa"
      }],
      "url" : "http://hl7.org/fhir/tools/StructureDefinition/ig-parameter"
    },
    {
      "extension" : [{
        "url" : "code",
        "valueCode" : "path-temp"
      },
      {
        "url" : "value",
        "valueString" : "temp/pages"
      }],
      "url" : "http://hl7.org/fhir/tools/StructureDefinition/ig-parameter"
    },
    {
      "extension" : [{
        "url" : "code",
        "valueCode" : "path-output"
      },
      {
        "url" : "value",
        "valueString" : "output"
      }],
      "url" : "http://hl7.org/fhir/tools/StructureDefinition/ig-parameter"
    },
    {
      "extension" : [{
        "url" : "code",
        "valueCode" : "path-suppressed-warnings"
      },
      {
        "url" : "value",
        "valueString" : "input/ignoreWarnings.txt"
      }],
      "url" : "http://hl7.org/fhir/tools/StructureDefinition/ig-parameter"
    },
    {
      "extension" : [{
        "url" : "code",
        "valueCode" : "path-history"
      },
      {
        "url" : "value",
        "valueString" : "http://hl7.no/fhir/no-domain/vitalsigns/history.html"
      }],
      "url" : "http://hl7.org/fhir/tools/StructureDefinition/ig-parameter"
    },
    {
      "extension" : [{
        "url" : "code",
        "valueCode" : "template-html"
      },
      {
        "url" : "value",
        "valueString" : "template-page.html"
      }],
      "url" : "http://hl7.org/fhir/tools/StructureDefinition/ig-parameter"
    },
    {
      "extension" : [{
        "url" : "code",
        "valueCode" : "template-md"
      },
      {
        "url" : "value",
        "valueString" : "template-page-md.html"
      }],
      "url" : "http://hl7.org/fhir/tools/StructureDefinition/ig-parameter"
    },
    {
      "extension" : [{
        "url" : "code",
        "valueCode" : "apply-contact"
      },
      {
        "url" : "value",
        "valueString" : "true"
      }],
      "url" : "http://hl7.org/fhir/tools/StructureDefinition/ig-parameter"
    },
    {
      "extension" : [{
        "url" : "code",
        "valueCode" : "apply-context"
      },
      {
        "url" : "value",
        "valueString" : "true"
      }],
      "url" : "http://hl7.org/fhir/tools/StructureDefinition/ig-parameter"
    },
    {
      "extension" : [{
        "url" : "code",
        "valueCode" : "apply-copyright"
      },
      {
        "url" : "value",
        "valueString" : "true"
      }],
      "url" : "http://hl7.org/fhir/tools/StructureDefinition/ig-parameter"
    },
    {
      "extension" : [{
        "url" : "code",
        "valueCode" : "apply-jurisdiction"
      },
      {
        "url" : "value",
        "valueString" : "true"
      }],
      "url" : "http://hl7.org/fhir/tools/StructureDefinition/ig-parameter"
    },
    {
      "extension" : [{
        "url" : "code",
        "valueCode" : "apply-license"
      },
      {
        "url" : "value",
        "valueString" : "true"
      }],
      "url" : "http://hl7.org/fhir/tools/StructureDefinition/ig-parameter"
    },
    {
      "extension" : [{
        "url" : "code",
        "valueCode" : "apply-publisher"
      },
      {
        "url" : "value",
        "valueString" : "true"
      }],
      "url" : "http://hl7.org/fhir/tools/StructureDefinition/ig-parameter"
    },
    {
      "extension" : [{
        "url" : "code",
        "valueCode" : "apply-version"
      },
      {
        "url" : "value",
        "valueString" : "true"
      }],
      "url" : "http://hl7.org/fhir/tools/StructureDefinition/ig-parameter"
    },
    {
      "extension" : [{
        "url" : "code",
        "valueCode" : "apply-wg"
      },
      {
        "url" : "value",
        "valueString" : "true"
      }],
      "url" : "http://hl7.org/fhir/tools/StructureDefinition/ig-parameter"
    },
    {
      "extension" : [{
        "url" : "code",
        "valueCode" : "active-tables"
      },
      {
        "url" : "value",
        "valueString" : "true"
      }],
      "url" : "http://hl7.org/fhir/tools/StructureDefinition/ig-parameter"
    },
    {
      "extension" : [{
        "url" : "code",
        "valueCode" : "fmm-definition"
      },
      {
        "url" : "value",
        "valueString" : "http://hl7.org/fhir/versions.html#maturity"
      }],
      "url" : "http://hl7.org/fhir/tools/StructureDefinition/ig-parameter"
    },
    {
      "extension" : [{
        "url" : "code",
        "valueCode" : "propagate-status"
      },
      {
        "url" : "value",
        "valueString" : "true"
      }],
      "url" : "http://hl7.org/fhir/tools/StructureDefinition/ig-parameter"
    },
    {
      "extension" : [{
        "url" : "code",
        "valueCode" : "excludelogbinaryformat"
      },
      {
        "url" : "value",
        "valueString" : "true"
      }],
      "url" : "http://hl7.org/fhir/tools/StructureDefinition/ig-parameter"
    },
    {
      "extension" : [{
        "url" : "code",
        "valueCode" : "tabbed-snapshots"
      },
      {
        "url" : "value",
        "valueString" : "true"
      }],
      "url" : "http://hl7.org/fhir/tools/StructureDefinition/ig-parameter"
    }],
    "resource" : [{
      "extension" : [{
        "url" : "http://hl7.org/fhir/tools/StructureDefinition/resource-information",
        "valueString" : "Observation"
      }],
      "reference" : {
        "reference" : "Observation/no-blood-pressure-create"
      },
      "name" : "no-blood-pressure-create",
      "exampleCanonical" : "http://hl7.no/fhir/no-domain/vitalsigns/StructureDefinition/no-domain-VitalSigns-Observation-bloodpressure"
    },
    {
      "extension" : [{
        "url" : "http://hl7.org/fhir/tools/StructureDefinition/resource-information",
        "valueString" : "Observation"
      }],
      "reference" : {
        "reference" : "Observation/no-body-height-create"
      },
      "name" : "no-body-height-create",
      "exampleCanonical" : "http://hl7.no/fhir/no-domain/vitalsigns/StructureDefinition/no-domain-VitalSigns-Observation-bodyheight"
    },
    {
      "extension" : [{
        "url" : "http://hl7.org/fhir/tools/StructureDefinition/resource-information",
        "valueString" : "Observation"
      }],
      "reference" : {
        "reference" : "Observation/no-body-temperature-create"
      },
      "name" : "no-body-temperature-create",
      "exampleCanonical" : "http://hl7.no/fhir/no-domain/vitalsigns/StructureDefinition/no-domain-VitalSigns-Observation-bodytemp"
    },
    {
      "extension" : [{
        "url" : "http://hl7.org/fhir/tools/StructureDefinition/resource-information",
        "valueString" : "Observation"
      }],
      "reference" : {
        "reference" : "Observation/no-body-weight-create"
      },
      "name" : "no-body-weight-create",
      "exampleCanonical" : "http://hl7.no/fhir/no-domain/vitalsigns/StructureDefinition/no-domain-VitalSigns-Observation-bodyweight"
    },
    {
      "extension" : [{
        "url" : "http://hl7.org/fhir/tools/StructureDefinition/resource-information",
        "valueString" : "StructureDefinition:resource"
      }],
      "reference" : {
        "reference" : "StructureDefinition/no-domain-VitalSigns-Observation-bloodpressure"
      },
      "name" : "no-domain-VitalSigns-Observation-bloodpressure Profile",
      "description" : "Domain profile for Norwegian Vital Signs Observation of Blood Pressure. To be used for recording an individual's systemic arterial blood pressure.\nIt represents the local measurement of arterial blood pressure, serving as a surrogate for arterial pressure in the systemic circulation.",
      "exampleBoolean" : false
    },
    {
      "extension" : [{
        "url" : "http://hl7.org/fhir/tools/StructureDefinition/resource-information",
        "valueString" : "StructureDefinition:resource"
      }],
      "reference" : {
        "reference" : "StructureDefinition/no-domain-VitalSigns-Observation-bodyheight"
      },
      "name" : "no-domain-VitalSigns-Observation-bodyheight Profile",
      "description" : "Domain profile for Norwegian Vital Signs Observation Body Height information.  \nTo be used for recording the measured height or body length of an individual at any point in time. It represents the individual's height or length measured from the crown of the head to the sole of the foot.",
      "exampleBoolean" : false
    },
    {
      "extension" : [{
        "url" : "http://hl7.org/fhir/tools/StructureDefinition/resource-information",
        "valueString" : "StructureDefinition:resource"
      }],
      "reference" : {
        "reference" : "StructureDefinition/no-domain-VitalSigns-Observation-bodytemp"
      },
      "name" : "no-domain-VitalSigns-Observation-bodytemp Profile",
      "description" : "Domain profile for Norwegian Vital Signs Observation Body Temperature information. To be used for recording the measurement of an individual's body temperature. which is a surrogate for the core body temperature of the individual.",
      "exampleBoolean" : false
    },
    {
      "extension" : [{
        "url" : "http://hl7.org/fhir/tools/StructureDefinition/resource-information",
        "valueString" : "StructureDefinition:resource"
      }],
      "reference" : {
        "reference" : "StructureDefinition/no-domain-VitalSigns-Observation-bodyweight"
      },
      "name" : "no-domain-VitalSigns-Observation-bodyweight Profile",
      "description" : "Domain profile for Norwegian Vital Signs Observation Body Weight information. To be used for recording the actual measurement of body weight, including when the individual is missing a body part due to a congenital cause or after surgical removal.",
      "exampleBoolean" : false
    },
    {
      "extension" : [{
        "url" : "http://hl7.org/fhir/tools/StructureDefinition/resource-information",
        "valueString" : "StructureDefinition:resource"
      }],
      "reference" : {
        "reference" : "StructureDefinition/no-domain-VitalSigns-Observation-heartrate"
      },
      "name" : "no-domain-VitalSigns-Observation-heartrate Profile",
      "description" : "Domain profile for Norwegian Vital Signs Observation Heart Rate information.  \nTo be used for recording the rate and associated attributes for a heart beat. This profile describes how to use a SNOMED code to indicate that the measurement is a general heart rate measurement, and not a more specific measurement of the actual heart beat or pulse reading.",
      "exampleBoolean" : false
    },
    {
      "extension" : [{
        "url" : "http://hl7.org/fhir/tools/StructureDefinition/resource-information",
        "valueString" : "StructureDefinition:resource"
      }],
      "reference" : {
        "reference" : "StructureDefinition/no-domain-VitalSigns-Observation-oxygensaturation"
      },
      "name" : "no-domain-VitalSigns-Observation-oxygensaturation Profile",
      "description" : "Domain profile for Norwegian Vital Signs Observation Oxygen Saturation information.  \nTo be used for recording blood oxygen and related measurements, measured by pulse oximetry or pulse CO-oximetry.",
      "exampleBoolean" : false
    },
    {
      "extension" : [{
        "url" : "http://hl7.org/fhir/tools/StructureDefinition/resource-information",
        "valueString" : "StructureDefinition:resource"
      }],
      "reference" : {
        "reference" : "StructureDefinition/no-domain-VitalSigns-Observation-pulse"
      },
      "name" : "no-domain-VitalSigns-Observation-pulse Profile",
      "description" : "Domain profile for Norwegian Vital Signs Observation Pulse information. To be used for recording the number of times your arteries create a noticeable pulse due to increase in blood pressure. This profile describes how to use a SNOMED code to indicate that the measurement is actually a pulse measurement at systemic artery, and not a general heart rate measurement that can be measured both as pulse and the actual heart beat.",
      "exampleBoolean" : false
    },
    {
      "extension" : [{
        "url" : "http://hl7.org/fhir/tools/StructureDefinition/resource-information",
        "valueString" : "StructureDefinition:resource"
      }],
      "reference" : {
        "reference" : "StructureDefinition/no-domain-VitalSigns-Observation-respirationrate"
      },
      "name" : "no-domain-VitalSigns-Observation-respirationrate Profile",
      "description" : "Domain profile for Norwegian Vital Signs Observation Respiration Rate information.  \nTo be used for recording the observed and measured characteristics of spontaneous breathing by an individual, including respiratory rate, depth and rhythm.",
      "exampleBoolean" : false
    },
    {
      "extension" : [{
        "url" : "http://hl7.org/fhir/tools/StructureDefinition/resource-information",
        "valueString" : "Observation"
      }],
      "reference" : {
        "reference" : "Observation/no-heart-rate-create"
      },
      "name" : "no-heart-rate-create",
      "exampleCanonical" : "http://hl7.no/fhir/no-domain/vitalsigns/StructureDefinition/no-domain-VitalSigns-Observation-heartrate"
    },
    {
      "extension" : [{
        "url" : "http://hl7.org/fhir/tools/StructureDefinition/resource-information",
        "valueString" : "Observation"
      }],
      "reference" : {
        "reference" : "Observation/no-oxygen-saturation-create"
      },
      "name" : "no-oxygen-saturation-create",
      "exampleCanonical" : "http://hl7.no/fhir/no-domain/vitalsigns/StructureDefinition/no-domain-VitalSigns-Observation-oxygensaturation"
    },
    {
      "extension" : [{
        "url" : "http://hl7.org/fhir/tools/StructureDefinition/resource-information",
        "valueString" : "Observation"
      }],
      "reference" : {
        "reference" : "Observation/no-pulse-rate"
      },
      "name" : "no-pulse-rate",
      "exampleCanonical" : "http://hl7.no/fhir/no-domain/vitalsigns/StructureDefinition/no-domain-VitalSigns-Observation-pulse"
    },
    {
      "extension" : [{
        "url" : "http://hl7.org/fhir/tools/StructureDefinition/resource-information",
        "valueString" : "Observation"
      }],
      "reference" : {
        "reference" : "Observation/no-respiratory-rate-create"
      },
      "name" : "no-respiratory-rate-create",
      "exampleCanonical" : "http://hl7.no/fhir/no-domain/vitalsigns/StructureDefinition/no-domain-VitalSigns-Observation-respirationrate"
    },
    {
      "extension" : [{
        "url" : "http://hl7.org/fhir/tools/StructureDefinition/resource-information",
        "valueString" : "StructureDefinition:extension"
      }],
      "reference" : {
        "reference" : "StructureDefinition/NoDomainVitalSignsActiveHeatingExtension"
      },
      "name" : "NoDomainVitalSignsActiveHeating-Extension",
      "description" : "description of the conditions applied",
      "exampleBoolean" : false
    },
    {
      "extension" : [{
        "url" : "http://hl7.org/fhir/tools/StructureDefinition/resource-information",
        "valueString" : "StructureDefinition:extension"
      }],
      "reference" : {
        "reference" : "StructureDefinition/NoDomainVitalSignsBloodpressureBodyPositionExtension"
      },
      "name" : "NoDomainVitalSignsBloodpressureBodyPosition-Extension",
      "description" : "The position of the individual at the time of measurement.",
      "exampleBoolean" : false
    },
    {
      "extension" : [{
        "url" : "http://hl7.org/fhir/tools/StructureDefinition/resource-information",
        "valueString" : "ValueSet"
      }],
      "reference" : {
        "reference" : "ValueSet/NoDomainVitalSignsBloodpressureBodyPositionValueSet"
      },
      "name" : "NoDomainVitalSignsBloodpressureBodyPosition-ValueSet",
      "description" : "Codes representing body position for blood pressure",
      "exampleBoolean" : false
    },
    {
      "extension" : [{
        "url" : "http://hl7.org/fhir/tools/StructureDefinition/resource-information",
        "valueString" : "ValueSet"
      }],
      "reference" : {
        "reference" : "ValueSet/NoDomainVitalSignsBloodpressureBodySiteValueSet"
      },
      "name" : "NoDomainVitalSignsBloodpressureBodySite-ValueSet",
      "description" : "Codes representing body site for blood pressure",
      "exampleBoolean" : false
    },
    {
      "extension" : [{
        "url" : "http://hl7.org/fhir/tools/StructureDefinition/resource-information",
        "valueString" : "StructureDefinition:extension"
      }],
      "reference" : {
        "reference" : "StructureDefinition/NoDomainVitalSignsBloodpressureDiastolicFormulaExtension"
      },
      "name" : "NoDomainVitalSignsBloodpressureDiastolicFormula-Extension",
      "description" : "Formula used to calculate the pressure.",
      "exampleBoolean" : false
    },
    {
      "extension" : [{
        "url" : "http://hl7.org/fhir/tools/StructureDefinition/resource-information",
        "valueString" : "StructureDefinition:extension"
      }],
      "reference" : {
        "reference" : "StructureDefinition/NoDomainVitalSignsBloodpressureMeanArterialFormulaExtension"
      },
      "name" : "NoDomainVitalSignsBloodpressureMeanArterialFormula-Extension",
      "description" : "Formula used to calculate the pressure.",
      "exampleBoolean" : false
    },
    {
      "extension" : [{
        "url" : "http://hl7.org/fhir/tools/StructureDefinition/resource-information",
        "valueString" : "ValueSet"
      }],
      "reference" : {
        "reference" : "ValueSet/NoDomainVitalSignsBloodPressureMeasurementMethodValueSet"
      },
      "name" : "NoDomainVitalSignsBloodPressureMeasurementMethod-ValueSet",
      "description" : "Codes representing measurement method for HeartRate",
      "exampleBoolean" : false
    },
    {
      "extension" : [{
        "url" : "http://hl7.org/fhir/tools/StructureDefinition/resource-information",
        "valueString" : "StructureDefinition:extension"
      }],
      "reference" : {
        "reference" : "StructureDefinition/NoDomainVitalSignsBloodpressureSystolicFormulaExtension"
      },
      "name" : "NoDomainVitalSignsBloodpressureSystolicFormula-Extension",
      "description" : "Formula used to calculate the pressure.",
      "exampleBoolean" : false
    },
    {
      "extension" : [{
        "url" : "http://hl7.org/fhir/tools/StructureDefinition/resource-information",
        "valueString" : "StructureDefinition:extension"
      }],
      "reference" : {
        "reference" : "StructureDefinition/NoDomainVitalSignsBodyExposureExtension"
      },
      "name" : "NoDomainVitalSignsBodyExposure-Extension",
      "description" : "The degree of exposure of the individual at the time of measurement.",
      "exampleBoolean" : false
    },
    {
      "extension" : [{
        "url" : "http://hl7.org/fhir/tools/StructureDefinition/resource-information",
        "valueString" : "ValueSet"
      }],
      "reference" : {
        "reference" : "ValueSet/NoDomainVitalSignsBodyExposureValueSet"
      },
      "name" : "NoDomainVitalSignsBodyExposure-ValueSet",
      "description" : "Codes representing body exposure",
      "exampleBoolean" : false
    },
    {
      "extension" : [{
        "url" : "http://hl7.org/fhir/tools/StructureDefinition/resource-information",
        "valueString" : "StructureDefinition:extension"
      }],
      "reference" : {
        "reference" : "StructureDefinition/NoDomainVitalSignsBodyHeightBodyPositionExtension"
      },
      "name" : "NoDomainVitalSignsBodyHeightBodyPosition-Extension",
      "description" : "Position of individual when body height measured.",
      "exampleBoolean" : false
    },
    {
      "extension" : [{
        "url" : "http://hl7.org/fhir/tools/StructureDefinition/resource-information",
        "valueString" : "ValueSet"
      }],
      "reference" : {
        "reference" : "ValueSet/NoDomainVitalSignsBodyHeightBodyPositionValueSet"
      },
      "name" : "NoDomainVitalSignsBodyHeightBodyPosition-ValueSet",
      "description" : "Codes representing body position for body height",
      "exampleBoolean" : false
    },
    {
      "extension" : [{
        "url" : "http://hl7.org/fhir/tools/StructureDefinition/resource-information",
        "valueString" : "ValueSet"
      }],
      "reference" : {
        "reference" : "ValueSet/NoDomainVitalSignsBodyTempBodySiteValueSet"
      },
      "name" : "NoDomainVitalSignsBodyTempBodySite-ValueSet",
      "description" : "Codes representing body site for body temperature",
      "exampleBoolean" : false
    },
    {
      "extension" : [{
        "url" : "http://hl7.org/fhir/tools/StructureDefinition/resource-information",
        "valueString" : "StructureDefinition:extension"
      }],
      "reference" : {
        "reference" : "StructureDefinition/NoDomainVitalSignsCharacterOfPulseExtension"
      },
      "name" : "NoDomainVitalSignsCharacterOfPulse-Extension",
      "description" : "Description of the character of the pulse.",
      "exampleBoolean" : false
    },
    {
      "extension" : [{
        "url" : "http://hl7.org/fhir/tools/StructureDefinition/resource-information",
        "valueString" : "StructureDefinition:extension"
      }],
      "reference" : {
        "reference" : "StructureDefinition/NoDomainVitalSignsClinicalDescriptionExtension"
      },
      "name" : "NoDomainVitalSignsClinicalDescription-Extension",
      "description" : "Narrative description about the pulse or heart beat.",
      "exampleBoolean" : false
    },
    {
      "extension" : [{
        "url" : "http://hl7.org/fhir/tools/StructureDefinition/resource-information",
        "valueString" : "StructureDefinition:extension"
      }],
      "reference" : {
        "reference" : "StructureDefinition/NoDomainVitalSignsClothingStateExtension"
      },
      "name" : "NoDomainVitalSignsClothingState-Extension",
      "description" : "Description of the state of dress of the person at the time of weighing.",
      "exampleBoolean" : false
    },
    {
      "extension" : [{
        "url" : "http://hl7.org/fhir/tools/StructureDefinition/resource-information",
        "valueString" : "ValueSet"
      }],
      "reference" : {
        "reference" : "ValueSet/NoDomainVitalSignsClothingStateValueSet"
      },
      "name" : "NoDomainVitalSignsClothingState-ValueSet",
      "description" : "Codes representing level of clothing",
      "exampleBoolean" : false
    },
    {
      "extension" : [{
        "url" : "http://hl7.org/fhir/tools/StructureDefinition/resource-information",
        "valueString" : "StructureDefinition:extension"
      }],
      "reference" : {
        "reference" : "StructureDefinition/NoDomainVitalSignsConfoundingFactorExtension"
      },
      "name" : "NoDomainVitalSignsConfoundingFactor-Extension",
      "description" : "Confounding factor is Issues or factors that may impact on <the measurement>, not captured in other fields",
      "exampleBoolean" : false
    },
    {
      "extension" : [{
        "url" : "http://hl7.org/fhir/tools/StructureDefinition/resource-information",
        "valueString" : "StructureDefinition:extension"
      }],
      "reference" : {
        "reference" : "StructureDefinition/NoDomainVitalSignsCuffSizeExtension"
      },
      "name" : "NoDomainVitalSignsCuffSize-Extension",
      "description" : "The size of the cuff used for blood pressure measurement.",
      "exampleBoolean" : false
    },
    {
      "extension" : [{
        "url" : "http://hl7.org/fhir/tools/StructureDefinition/resource-information",
        "valueString" : "ValueSet"
      }],
      "reference" : {
        "reference" : "ValueSet/NoDomainVitalSignsCuffsizeValueSet"
      },
      "name" : "NoDomainVitalSignsCuffsize-ValueSet",
      "description" : "Codes representing cuff size",
      "exampleBoolean" : false
    },
    {
      "extension" : [{
        "url" : "http://hl7.org/fhir/tools/StructureDefinition/resource-information",
        "valueString" : "StructureDefinition:extension"
      }],
      "reference" : {
        "reference" : "StructureDefinition/NoDomainVitalSignsDaysSinceMenstruationStartExtension"
      },
      "name" : "NoDomainVitalSignsDaysSinceMenstruationStart-Extension",
      "description" : "Current day of the menstrual cycle.",
      "exampleBoolean" : false
    },
    {
      "extension" : [{
        "url" : "http://hl7.org/fhir/tools/StructureDefinition/resource-information",
        "valueString" : "StructureDefinition:extension"
      }],
      "reference" : {
        "reference" : "StructureDefinition/NoDomainVitalSignsDiastolicEndPointExtension"
      },
      "name" : "NoDomainVitalSignsDiastolicEndPoint-Extension",
      "description" : "Record which Korotkoff sound is used for determining diastolic pressure using auscultative method.",
      "exampleBoolean" : false
    },
    {
      "extension" : [{
        "url" : "http://hl7.org/fhir/tools/StructureDefinition/resource-information",
        "valueString" : "ValueSet"
      }],
      "reference" : {
        "reference" : "ValueSet/NoDomainVitalSignsDiastolicEndPointValueSet"
      },
      "name" : "NoDomainVitalSignsDiastolicendPoint-ValueSet",
      "description" : "Codes representing Diastolic end point",
      "exampleBoolean" : false
    },
    {
      "extension" : [{
        "url" : "http://hl7.org/fhir/tools/StructureDefinition/resource-information",
        "valueString" : "StructureDefinition:extension"
      }],
      "reference" : {
        "reference" : "StructureDefinition/NoDomainVitalSignsFiO2Extension"
      },
      "name" : "NoDomainVitalSignsFiO2-Extension",
      "description" : "Fraction of oxygen in inspired air.",
      "exampleBoolean" : false
    },
    {
      "extension" : [{
        "url" : "http://hl7.org/fhir/tools/StructureDefinition/resource-information",
        "valueString" : "StructureDefinition:extension"
      }],
      "reference" : {
        "reference" : "StructureDefinition/NoDomainVitalSignsFlowExtension"
      },
      "name" : "NoDomainVitalSignsFlow-Extension",
      "description" : "Oxygen flow rate given to an individual.",
      "exampleBoolean" : false
    },
    {
      "extension" : [{
        "url" : "http://hl7.org/fhir/tools/StructureDefinition/resource-information",
        "valueString" : "ValueSet"
      }],
      "reference" : {
        "reference" : "ValueSet/NoDomainVitalSignsHeartRateBodySiteValueSet"
      },
      "name" : "NoDomainVitalSignsHeartRateBodySite-ValueSet",
      "description" : "Codes representing body site for heart rate",
      "exampleBoolean" : false
    },
    {
      "extension" : [{
        "url" : "http://hl7.org/fhir/tools/StructureDefinition/resource-information",
        "valueString" : "ValueSet"
      }],
      "reference" : {
        "reference" : "ValueSet/NoDomainVitalSignsHeartRateMeasurementMethodValueSet"
      },
      "name" : "NoDomainVitalSignsHeartRateMeasurementMethod-ValueSet",
      "description" : "Codes representing measurement method for HeartRate",
      "exampleBoolean" : false
    },
    {
      "extension" : [{
        "url" : "http://hl7.org/fhir/tools/StructureDefinition/resource-information",
        "valueString" : "StructureDefinition:extension"
      }],
      "reference" : {
        "reference" : "StructureDefinition/NoDomainVitalSignsHeartRatePulseBodyPositionExtension"
      },
      "name" : "NoDomainVitalSignsHeartRatePulseBodyPosition-Extension",
      "description" : "Record which Korotkoff sound is used for determining diastolic pressure using auscultative method.",
      "exampleBoolean" : false
    },
    {
      "extension" : [{
        "url" : "http://hl7.org/fhir/tools/StructureDefinition/resource-information",
        "valueString" : "ValueSet"
      }],
      "reference" : {
        "reference" : "ValueSet/NoDomainVitalSignsHeartRatePulseBodyPositionValueSet"
      },
      "name" : "NoDomainVitalSignsHeartRatePulseBodyPosition-ValueSet",
      "description" : "Codes representing body position for heart rate or Pulse",
      "exampleBoolean" : false
    },
    {
      "extension" : [{
        "url" : "http://hl7.org/fhir/tools/StructureDefinition/resource-information",
        "valueString" : "StructureDefinition:extension"
      }],
      "reference" : {
        "reference" : "StructureDefinition/NoDomainVitalSignsHeartRhythmIrregularityExtension"
      },
      "name" : "NoDomainVitalSignsHeartRhythmIrregularity-Extension",
      "description" : "Patterns  of the  heart beat.",
      "exampleBoolean" : false
    },
    {
      "extension" : [{
        "url" : "http://hl7.org/fhir/tools/StructureDefinition/resource-information",
        "valueString" : "ValueSet"
      }],
      "reference" : {
        "reference" : "ValueSet/NoDomainVitalSignsHeartRhythmIrregularityValueSet"
      },
      "name" : "NoDomainVitalSignsHeartRhythmIrregularity-ValueSet",
      "description" : "Codes representing heart rhythm irregularity for heart rate",
      "exampleBoolean" : false
    },
    {
      "extension" : [{
        "url" : "http://hl7.org/fhir/tools/StructureDefinition/resource-information",
        "valueString" : "StructureDefinition:extension"
      }],
      "reference" : {
        "reference" : "StructureDefinition/NoDomainVitalSignsInspiredOxygenExtension"
      },
      "name" : "NoDomainVitalSignsInspiredOxygen-Extension",
      "description" : "Details of the amount of oxygen available to the subject at the time of observation.",
      "exampleBoolean" : false
    },
    {
      "extension" : [{
        "url" : "http://hl7.org/fhir/tools/StructureDefinition/resource-information",
        "valueString" : "StructureDefinition:extension"
      }],
      "reference" : {
        "reference" : "StructureDefinition/NoDomainVitalSignsMethodofOxygenDeliveryExtension"
      },
      "name" : "NoDomainVitalSignsMethodofOxygenDelivery-Extension",
      "description" : "The method used to deliver the oxygen.",
      "exampleBoolean" : false
    },
    {
      "extension" : [{
        "url" : "http://hl7.org/fhir/tools/StructureDefinition/resource-information",
        "valueString" : "StructureDefinition:extension"
      }],
      "reference" : {
        "reference" : "StructureDefinition/NoDomainVitalSignsOnAirExtension"
      },
      "name" : "NoDomainVitalSignsOnAir-Extension",
      "description" : "The patient is receiving air, equivalent to 21% O₂ or 0.21 FiO₂ and an oxygen flow rate of 0 litres per minute.",
      "exampleBoolean" : false
    },
    {
      "extension" : [{
        "url" : "http://hl7.org/fhir/tools/StructureDefinition/resource-information",
        "valueString" : "StructureDefinition:extension"
      }],
      "reference" : {
        "reference" : "StructureDefinition/NoDomainVitalSignsPercentO2Extension"
      },
      "name" : "NoDomainVitalSignsPercentO2-Extension",
      "description" : "Percentage of oxygen in inspired air.",
      "exampleBoolean" : false
    },
    {
      "extension" : [{
        "url" : "http://hl7.org/fhir/tools/StructureDefinition/resource-information",
        "valueString" : "ValueSet"
      }],
      "reference" : {
        "reference" : "ValueSet/NoDomainVitalSignsPulseBodySiteValueSet"
      },
      "name" : "NoDomainVitalSignsPulseBodySite-ValueSet",
      "description" : "Codes representing body site for pulse",
      "exampleBoolean" : false
    },
    {
      "extension" : [{
        "url" : "http://hl7.org/fhir/tools/StructureDefinition/resource-information",
        "valueString" : "ValueSet"
      }],
      "reference" : {
        "reference" : "ValueSet/NoDomainVitalSignsPulseMeasurementMethodValueSet"
      },
      "name" : "NoDomainVitalSignsPulseMeasurementMethod-ValueSet",
      "description" : "Codes representing measurement method for HeartRate",
      "exampleBoolean" : false
    },
    {
      "extension" : [{
        "url" : "http://hl7.org/fhir/tools/StructureDefinition/resource-information",
        "valueString" : "StructureDefinition:extension"
      }],
      "reference" : {
        "reference" : "StructureDefinition/NoDomainVitalSignsPulseRhythmExtension"
      },
      "name" : "NoDomainVitalSignsPulseRhythm-Extension",
      "description" : "Regularity of the pulse",
      "exampleBoolean" : false
    },
    {
      "extension" : [{
        "url" : "http://hl7.org/fhir/tools/StructureDefinition/resource-information",
        "valueString" : "ValueSet"
      }],
      "reference" : {
        "reference" : "ValueSet/NoDomainVitalSignsPulseRhythmValueSet"
      },
      "name" : "NoDomainVitalSignsPulseRhythm-ValueSet",
      "description" : "Codes representing  rhythm of Pulse",
      "exampleBoolean" : false
    },
    {
      "extension" : [{
        "url" : "http://hl7.org/fhir/tools/StructureDefinition/resource-information",
        "valueString" : "StructureDefinition:extension"
      }],
      "reference" : {
        "reference" : "StructureDefinition/NoDomainVitalSignsPulseRhythmIrregularityExtension"
      },
      "name" : "NoDomainVitalSignsPulseRhythmIrregularity-Extension",
      "description" : "More specific pattern of an irregular pulse or heart beat.",
      "exampleBoolean" : false
    },
    {
      "extension" : [{
        "url" : "http://hl7.org/fhir/tools/StructureDefinition/resource-information",
        "valueString" : "ValueSet"
      }],
      "reference" : {
        "reference" : "ValueSet/NoDomainVitalSignsPulseRhythmIrregularityValueSet"
      },
      "name" : "NoDomainVitalSignsPulseRhythmIrregularity-ValueSet",
      "description" : "Codes representing heart rhythm irregularity for Pulse",
      "exampleBoolean" : false
    },
    {
      "extension" : [{
        "url" : "http://hl7.org/fhir/tools/StructureDefinition/resource-information",
        "valueString" : "StructureDefinition:extension"
      }],
      "reference" : {
        "reference" : "StructureDefinition/NoDomainVitalSignsRespirationDepthExtension"
      },
      "name" : "NoDomainVitalSignsRespirationDepth-Extension",
      "description" : "The depth of spontaneous breathing.",
      "exampleBoolean" : false
    },
    {
      "extension" : [{
        "url" : "http://hl7.org/fhir/tools/StructureDefinition/resource-information",
        "valueString" : "StructureDefinition:extension"
      }],
      "reference" : {
        "reference" : "StructureDefinition/NoDomainVitalSignsRespirationRateBodyPositionExtension"
      },
      "name" : "NoDomainVitalSignsRespirationRateBodyPosition-Extension",
      "description" : "The body position of the individual during the observation.",
      "exampleBoolean" : false
    },
    {
      "extension" : [{
        "url" : "http://hl7.org/fhir/tools/StructureDefinition/resource-information",
        "valueString" : "ValueSet"
      }],
      "reference" : {
        "reference" : "ValueSet/NoDomainVitalSignsRespirationRateBodyPositionValueSet"
      },
      "name" : "NoDomainVitalSignsRespirationRateBodyPosition-ValueSet",
      "description" : "Codes representing body position for respiration rate",
      "exampleBoolean" : false
    },
    {
      "extension" : [{
        "url" : "http://hl7.org/fhir/tools/StructureDefinition/resource-information",
        "valueString" : "ValueSet"
      }],
      "reference" : {
        "reference" : "ValueSet/NoDomainVitalSignsRespirationRateDepthValueSet"
      },
      "name" : "NoDomainVitalSignsRespirationRateDepth-ValueSet",
      "description" : "Codes representing depth for respiration rate",
      "exampleBoolean" : false
    },
    {
      "extension" : [{
        "url" : "http://hl7.org/fhir/tools/StructureDefinition/resource-information",
        "valueString" : "StructureDefinition:extension"
      }],
      "reference" : {
        "reference" : "StructureDefinition/NoDomainVitalSignsRespirationRegularityExtension"
      },
      "name" : "NoDomainVitalSignsRespirationRegularity-Extension",
      "description" : "The regularity of spontaneous breathing.",
      "exampleBoolean" : false
    },
    {
      "extension" : [{
        "url" : "http://hl7.org/fhir/tools/StructureDefinition/resource-information",
        "valueString" : "ValueSet"
      }],
      "reference" : {
        "reference" : "ValueSet/NoDomainVitalSignsRespirationRegularityValueSet"
      },
      "name" : "NoDomainVitalSignsRespirationRegularity-ValueSet",
      "description" : "Codes representing Respiration Regularity",
      "exampleBoolean" : false
    },
    {
      "extension" : [{
        "url" : "http://hl7.org/fhir/tools/StructureDefinition/resource-information",
        "valueString" : "StructureDefinition:extension"
      }],
      "reference" : {
        "reference" : "StructureDefinition/NoDomainVitalSignsSleepStatusExtension"
      },
      "name" : "NoDomainVitalSignsSleepStatus-Extension",
      "description" : "Sleep status - supports interpretation of 24 hour ambulatory blood pressure records.",
      "exampleBoolean" : false
    },
    {
      "extension" : [{
        "url" : "http://hl7.org/fhir/tools/StructureDefinition/resource-information",
        "valueString" : "ValueSet"
      }],
      "reference" : {
        "reference" : "ValueSet/NoDomainVitalSignsSleepStatusValueSet"
      },
      "name" : "NoDomainVitalSignsSleepStatus-ValueSet",
      "description" : "Codes representing Sleep Status",
      "exampleBoolean" : false
    },
    {
      "extension" : [{
        "url" : "http://hl7.org/fhir/tools/StructureDefinition/resource-information",
        "valueString" : "StructureDefinition:extension"
      }],
      "reference" : {
        "reference" : "StructureDefinition/NoDomainVitalSignsSpontaneousBreathingExtension"
      },
      "name" : "NoDomainVitalSignsSpontaneousBreathing-Extension",
      "description" : "A narrative description about the spontaneous breathing of the individual.",
      "exampleBoolean" : false
    },
    {
      "extension" : [{
        "url" : "http://hl7.org/fhir/tools/StructureDefinition/resource-information",
        "valueString" : "ValueSet"
      }],
      "reference" : {
        "reference" : "ValueSet/NoDomainVitalSignsSpontaneousBreathingValueSet"
      },
      "name" : "NoDomainVitalSignsSpontaneousBreathing-ValueSet",
      "description" : "Codes representing Respiration Spontaneous breathing",
      "exampleBoolean" : false
    },
    {
      "extension" : [{
        "url" : "http://hl7.org/fhir/tools/StructureDefinition/resource-information",
        "valueString" : "StructureDefinition:extension"
      }],
      "reference" : {
        "reference" : "StructureDefinition/NoDomainVitalSignsTiltExtension"
      },
      "name" : "NoDomainVitalSignsTilt-Extension",
      "description" : "The craniocaudal tilt of the surface on which the person is lying at the time of measurement.",
      "exampleBoolean" : false
    },
    {
      "extension" : [{
        "url" : "http://hl7.org/fhir/tools/StructureDefinition/resource-information",
        "valueString" : "Organization"
      }],
      "reference" : {
        "reference" : "Organization/afa23"
      },
      "name" : "Organization details of afa23",
      "exampleBoolean" : true
    },
    {
      "extension" : [{
        "url" : "http://hl7.org/fhir/tools/StructureDefinition/resource-information",
        "valueString" : "Patient"
      }],
      "reference" : {
        "reference" : "Patient/cdp1000240"
      },
      "name" : "Patient details of cdp1000240",
      "exampleBoolean" : true
    },
    {
      "extension" : [{
        "url" : "http://hl7.org/fhir/tools/StructureDefinition/resource-information",
        "valueString" : "Patient"
      }],
      "reference" : {
        "reference" : "Patient/cdp1000808"
      },
      "name" : "Patient details of cdp1000808",
      "exampleBoolean" : true
    },
    {
      "extension" : [{
        "url" : "http://hl7.org/fhir/tools/StructureDefinition/resource-information",
        "valueString" : "PractitionerRole"
      }],
      "reference" : {
        "reference" : "PractitionerRole/agb104"
      },
      "name" : "Practioner details of agb104",
      "exampleBoolean" : true
    },
    {
      "extension" : [{
        "url" : "http://hl7.org/fhir/tools/StructureDefinition/resource-information",
        "valueString" : "PractitionerRole"
      }],
      "reference" : {
        "reference" : "PractitionerRole/agb30"
      },
      "name" : "PractitionerRole details of agb30",
      "exampleBoolean" : true
    }],
    "page" : {
      "extension" : [{
        "url" : "http://hl7.org/fhir/tools/StructureDefinition/ig-page-name",
        "valueUrl" : "toc.html"
      }],
      "nameUrl" : "toc.html",
      "title" : "Table of Contents",
      "generation" : "html",
      "page" : [{
        "extension" : [{
          "url" : "http://hl7.org/fhir/tools/StructureDefinition/ig-page-name",
          "valueUrl" : "index.html"
        }],
        "nameUrl" : "index.html",
        "title" : "Home",
        "generation" : "markdown"
      },
      {
        "extension" : [{
          "url" : "http://hl7.org/fhir/tools/StructureDefinition/ig-page-name",
          "valueUrl" : "download.html"
        }],
        "nameUrl" : "download.html",
        "title" : "Download",
        "generation" : "markdown"
      },
      {
        "extension" : [{
          "url" : "http://hl7.org/fhir/tools/StructureDefinition/ig-page-name",
          "valueUrl" : "guidance.html"
        }],
        "nameUrl" : "guidance.html",
        "title" : "Guidance",
        "generation" : "markdown"
      },
      {
        "extension" : [{
          "url" : "http://hl7.org/fhir/tools/StructureDefinition/ig-page-name",
          "valueUrl" : "VKP-mapping.html"
        }],
        "nameUrl" : "VKP-mapping.html",
        "title" : "VKP Mapping",
        "generation" : "markdown"
      }]
    },
    "parameter" : [{
      "code" : "path-resource",
      "value" : "input/capabilities"
    },
    {
      "code" : "path-resource",
      "value" : "input/examples"
    },
    {
      "code" : "path-resource",
      "value" : "input/extensions"
    },
    {
      "code" : "path-resource",
      "value" : "input/models"
    },
    {
      "code" : "path-resource",
      "value" : "input/operations"
    },
    {
      "code" : "path-resource",
      "value" : "input/profiles"
    },
    {
      "code" : "path-resource",
      "value" : "input/resources"
    },
    {
      "code" : "path-resource",
      "value" : "input/vocabulary"
    },
    {
      "code" : "path-resource",
      "value" : "input/maps"
    },
    {
      "code" : "path-resource",
      "value" : "input/testing"
    },
    {
      "code" : "path-resource",
      "value" : "input/history"
    },
    {
      "code" : "path-resource",
      "value" : "fsh-generated/resources"
    },
    {
      "code" : "path-pages",
      "value" : "template/config"
    },
    {
      "code" : "path-pages",
      "value" : "input/images"
    },
    {
      "code" : "path-tx-cache",
      "value" : "input-cache/txcache"
    }]
  }
}