{
  "resourceType" : "Observation",
  "id" : "no-respiratory-rate-create",
  "meta" : {
    "versionId" : "0",
    "lastUpdated" : "2014-01-30T22:35:23+11:00",
    "source" : "META_VISION",
    "profile" : ["http://hl7.no/fhir/StructureDefinition/NoDomainVitalSignsObservationRespirationRate"]
  },
  "text" : {
    "status" : "extensions",
    "div" : "<div xmlns=\"http://www.w3.org/1999/xhtml\"><p class=\"res-header-id\"><b>Generated Narrative: Observation no-respiratory-rate-create</b></p><a name=\"no-respiratory-rate-create\"> </a><a name=\"hcno-respiratory-rate-create\"> </a><a name=\"no-respiratory-rate-create-no-NO\"> </a><div style=\"display: inline-block; background-color: #d9e0e7; padding: 6px; margin: 4px; border: 1px solid #8da1b4; border-radius: 5px; line-height: 60%\"><p style=\"margin-bottom: 0px\">version: 0; Last updated: 2014-01-30 22:35:23+1100; </p><p style=\"margin-bottom: 0px\">Information Source: <a href=\"https://simplifier.net/resolve?scope=hl7.fhir.no.basis@2.2.0&amp;canonical=http://fhir.org/packages/hl7.fhir.no.basis/META_VISION\">META_VISION</a></p><p style=\"margin-bottom: 0px\">Profile: <a href=\"StructureDefinition-NoDomainVitalSignsObservationRespirationRate.html\">NO Domain VitalSigns Observation - Respiration Rate</a></p></div><p><b>NoDomainVitalSignsObservationRespirationRateBodyPosition</b>: <a href=\"http://snomed.info/id/10904000\">SNOMED CT 10904000</a>: Stående/Oppreist</p><p><b>NoDomainVitalSignsObservationRespirationRegularity</b>: <a href=\"http://snomed.info/id/276888009\">SNOMED CT 276888009</a>: Regelmessig</p><p><b>NoDomainVitalSignsObservationRespirationDepth</b>: <a href=\"http://snomed.info/id/301284009\">SNOMED CT 301284009</a>: Normal</p><p><b>NoDomainVitalSignsObservationClinicalDescription</b>: Description of Respiration</p><p><b>NoDomainVitalSignsObservationSpontaneousBreathing</b>: <a href=\"http://snomed.info/id/241700002\">SNOMED CT 241700002</a>: Tilstede</p><blockquote><p><b>NoDomainVitalSignsObservationInspiredOxygen</b></p><ul><li>Flow: 6100 ml/min</li><li>FiO2: 21/100</li><li>PercentO2: 21/100</li><li>OnAir: true</li><li>MethodofOxygenDelivery: Maske</li></ul></blockquote><p><b>NoDomainVitalSignsObservationConfoundingFactor</b>: <span title=\"Codes:\">sample confounding factor</span></p><p><b>status</b>: Final</p><p><b>category</b>: <span title=\"Codes:{http://terminology.hl7.org/CodeSystem/observation-category vital-signs}\">Vital Signs</span></p><p><b>code</b>: <span title=\"Codes:{http://loinc.org 9279-1}, {http://snomed.info/sct 271625008}\">Respiratory rate</span></p><p><b>subject</b>: <a href=\"Patient-cdp1000240.html\">Anonymous Patient (no stated gender), DoB Unknown ( urn:oid:2.16.578.1.12.4.1.4.1#1000240)</a></p><p><b>effective</b>: 2021-05-10</p><p><b>performer</b>: </p><ul><li><a href=\"PractitionerRole-agb30.html\">PractitionerRole: identifier = urn:oid:1.3.6.1.4.1.9038.51.1#30</a></li><li><a href=\"Organization-afa23.html\">Organization: identifier = urn:oid:1.3.6.1.4.1.9038.70.3#23</a></li></ul><p><b>value</b>: 14 /min<span style=\"background: LightGoldenRodYellow\"> (Details: UCUM  code/min = '/min')</span></p><p><b>interpretation</b>: <span title=\"Codes:\">Clinical interpretation of Respiration</span></p><p><b>note</b>: Demo Respiration</p></div>"
  },
  "extension" : [{
    "url" : "http://hl7.no/fhir/StructureDefinition/NoDomainVitalSignsObservationRespirationRateBodyPosition",
    "valueCoding" : {
      "system" : "http://snomed.info/sct",
      "code" : "10904000",
      "display" : "Stående/Oppreist"
    }
  },
  {
    "url" : "http://hl7.no/fhir/StructureDefinition/NoDomainVitalSignsObservationRespirationRegularity",
    "valueCoding" : {
      "system" : "http://snomed.info/sct",
      "code" : "276888009",
      "display" : "Regelmessig"
    }
  },
  {
    "url" : "http://hl7.no/fhir/StructureDefinition/NoDomainVitalSignsObservationRespirationDepth",
    "valueCoding" : {
      "system" : "http://snomed.info/sct",
      "code" : "301284009",
      "display" : "Normal"
    }
  },
  {
    "url" : "http://hl7.no/fhir/StructureDefinition/NoDomainVitalSignsObservationClinicalDescription",
    "valueAnnotation" : {
      "text" : "Description of Respiration"
    }
  },
  {
    "url" : "http://hl7.no/fhir/StructureDefinition/NoDomainVitalSignsObservationSpontaneousBreathing",
    "valueCoding" : {
      "system" : "http://snomed.info/sct",
      "code" : "241700002",
      "display" : "Tilstede"
    }
  },
  {
    "extension" : [{
      "url" : "Flow",
      "valueQuantity" : {
        "value" : 6100,
        "unit" : "ml/min"
      }
    },
    {
      "url" : "FiO2",
      "valueRatio" : {
        "numerator" : {
          "value" : 21
        },
        "denominator" : {
          "value" : 100
        }
      }
    },
    {
      "url" : "PercentO2",
      "valueRatio" : {
        "numerator" : {
          "value" : 21
        },
        "denominator" : {
          "value" : 100
        }
      }
    },
    {
      "url" : "OnAir",
      "valueBoolean" : true
    },
    {
      "url" : "MethodofOxygenDelivery",
      "valueString" : "Maske"
    }],
    "url" : "http://hl7.no/fhir/StructureDefinition/NoDomainVitalSignsObservationInspiredOxygen"
  },
  {
    "url" : "http://hl7.no/fhir/StructureDefinition/NoDomainVitalSignsObservationConfoundingFactor",
    "valueCodeableConcept" : {
      "text" : "sample confounding factor"
    }
  }],
  "status" : "final",
  "category" : [{
    "coding" : [{
      "system" : "http://terminology.hl7.org/CodeSystem/observation-category",
      "code" : "vital-signs"
    }]
  }],
  "code" : {
    "coding" : [{
      "system" : "http://loinc.org",
      "code" : "9279-1",
      "display" : "Respiratory rate"
    },
    {
      "system" : "http://snomed.info/sct",
      "code" : "271625008",
      "display" : "Rate of spontaneous respiration (observable entity)"
    }]
  },
  "subject" : {
    "reference" : "Patient/cdp1000240",
    "identifier" : {
      "system" : "urn:oid:2.16.578.1.12.4.1.4.1",
      "value" : "1000240"
    }
  },
  "effectiveDateTime" : "2021-05-10",
  "performer" : [{
    "reference" : "PractitionerRole/agb30",
    "identifier" : {
      "system" : "urn:oid:1.3.6.1.4.1.9038.51.1",
      "value" : "30"
    }
  },
  {
    "reference" : "Organization/afa23",
    "identifier" : {
      "system" : "urn:oid:1.3.6.1.4.1.9038.70.3",
      "value" : "23"
    }
  }],
  "valueQuantity" : {
    "value" : 14,
    "unit" : "/min",
    "system" : "http://unitsofmeasure.org",
    "code" : "/min"
  },
  "interpretation" : [{
    "text" : "Clinical interpretation of Respiration"
  }],
  "note" : [{
    "text" : "Demo Respiration"
  }]
}