<?xml version="1.0" encoding="UTF-8"?>

<Organization xmlns="http://hl7.org/fhir">
  <id value="afa23"/>
  <text>
    <status value="generated"/><div xmlns="http://www.w3.org/1999/xhtml"><p><b>Generated Narrative: Organization </b><a name="afa23"> </a><a name="hcafa23"> </a></p><div style="display: inline-block; background-color: #d9e0e7; padding: 6px; margin: 4px; border: 1px solid #8da1b4; border-radius: 5px; line-height: 60%"><p style="margin-bottom: 0px">ResourceOrganization &quot;afa23&quot; </p></div><p><b>identifier</b>: <code>urn:oid:1.3.6.1.4.1.9038.70.3</code>/23</p></div>
  </text>
  <identifier>
    <system value="urn:oid:1.3.6.1.4.1.9038.70.3"/>
    <value value="23"/>
  </identifier>
</Organization>