<?xml version="1.0" encoding="UTF-8"?>

<PractitionerRole xmlns="http://hl7.org/fhir">
  <id value="agb104"/>
  <text>
    <status value="generated"/><div xmlns="http://www.w3.org/1999/xhtml"><p class="res-header-id"><b>Generated Narrative: PractitionerRole agb104</b></p><a name="agb104"> </a><a name="hcagb104"> </a><a name="agb104-no-NO"> </a><p><b>identifier</b>: <code>urn:oid:1.3.6.1.4.1.9038.51.1</code>/104</p></div>
  </text>
  <identifier>
    <system value="urn:oid:1.3.6.1.4.1.9038.51.1"/>
    <value value="104"/>
  </identifier>
</PractitionerRole>