{
  "codeSystems" : [
    {
      "url" : "http://hl7.no/fhir/ValueSet/NoDomainVitalSignsObservationBloodpressureBodyPosition",
      "version" : "0.5.1",
      "status" : "draft",
      "name" : "NoDomainVitalSignsObservationBloodpressureBodyPosition",
      "title" : "NoDomainVitalSignsObservationBloodpressureBodyPosition",
      "description" : "Codes representing body position for blood pressure",
      "systems" : ["http://snomed.info/sct"],
      "uses" : {
      },
      "StructureDefinition-NoDomainVitalSignsObservationBloodpressureBodyPosition.html" : "NoDomainVitalSignsObservationBloodpressureBodyPosition"
    },
    {
      "url" : "http://hl7.no/fhir/ValueSet/NoDomainVitalSignsObservationBloodpressureBodySite",
      "version" : "0.5.1",
      "status" : "draft",
      "name" : "NoDomainVitalSignsObservationBloodpressureBodySite",
      "title" : "NoDomainVitalSignsObservationBloodpressureBodySite",
      "description" : "Include codes representing body site for blood pressure as used in HL7 Norway no-domain profiles, codes included from SNOMED CT valueset",
      "systems" : ["http://snomed.info/sct"],
      "uses" : {
      },
      "StructureDefinition-NoDomainVitalSignsObservationBloodpressure.html" : "NO Domain VitalSigns Observation - Blood pressure"
    },
    {
      "url" : "http://hl7.no/fhir/ValueSet/NoDomainVitalSignsObservationBodyExposure",
      "version" : "0.5.1",
      "status" : "draft",
      "name" : "NoDomainVitalSignsObservationBodyExposure",
      "title" : "NoDomainVitalSignsObservationBodyExposure",
      "description" : "Codes representing body exposure",
      "systems" : ["http://snomed.info/sct"],
      "uses" : {
      },
      "StructureDefinition-NoDomainVitalSignsObservationBodyExposure.html" : "NoDomainVitalSignsObservationBodyExposure"
    },
    {
      "url" : "http://hl7.no/fhir/ValueSet/NoDomainVitalSignsObservationBodyHeightBodyPosition",
      "version" : "0.5.1",
      "status" : "draft",
      "name" : "NoDomainVitalSignsObservationBodyHeightBodyPosition",
      "title" : "NoDomainVitalSignsObservationBodyHeightBodyPosition",
      "description" : "Codes representing body position for body height",
      "systems" : ["http://snomed.info/sct"],
      "uses" : {
      },
      "StructureDefinition-NoDomainVitalSignsObservationBodyHeightBodyPosition.html" : "NoDomainVitalSignsObservationBodyHeightBodyPosition"
    },
    {
      "url" : "http://hl7.no/fhir/ValueSet/NoDomainVitalSignsObservationBodyTempBodySite",
      "version" : "0.5.1",
      "status" : "draft",
      "name" : "NoDomainVitalSignsObservationBodyTempBodySite",
      "title" : "NoDomainVitalSignsObservationBodyTempBodySite",
      "description" : "Codes representing body site for body temperature",
      "systems" : ["http://snomed.info/sct"],
      "uses" : {
      },
      "StructureDefinition-NoDomainVitalSignsObservationBodyTemp.html" : "NO Domain VitalSigns Observation - Body Temperature"
    },
    {
      "url" : "http://hl7.no/fhir/ValueSet/NoDomainVitalSignsObservationClothingState",
      "version" : "0.5.1",
      "status" : "draft",
      "name" : "NoDomainVitalSignsObservationClothingState",
      "title" : "Codes representing level of clothing",
      "description" : "Codes representing level of clothing",
      "systems" : ["http://snomed.info/sct"],
      "uses" : {
      },
      "StructureDefinition-NoDomainVitalSignsObservationClothingState.html" : "NoDomainVitalSignsObservationClothingState"
    },
    {
      "url" : "http://hl7.no/fhir/ValueSet/NoDomainVitalSignsObservationCuffsize",
      "version" : "0.5.1",
      "status" : "draft",
      "name" : "NoDomainVitalSignsObservationCuffsize",
      "title" : "NoDomainVitalSignsObservationCuffsize",
      "description" : "Codes representing cuff size",
      "systems" : ["http://snomed.info/sct"],
      "uses" : {
      },
      "StructureDefinition-NoDomainVitalSignsObservationCuffSize.html" : "NoDomainVitalSignsObservationCuffSize"
    },
    {
      "url" : "http://hl7.no/fhir/ValueSet/NoDomainVitalSignsObservationDiastolicendPoint",
      "version" : "0.5.1",
      "status" : "draft",
      "name" : "NoDomainVitalSignsObservationDiastolicendPoint",
      "title" : "Codes representing Diastolic end point",
      "description" : "Codes representing Diastolic end point",
      "systems" : ["http://snomed.info/sct"],
      "uses" : {
      },
      "StructureDefinition-NoDomainVitalSignsObservationDiastolicEndPoint.html" : "NoDomainVitalSignsObservationDiastolicEndPoint"
    },
    {
      "url" : "http://hl7.no/fhir/ValueSet/NoDomainVitalSignsObservationHeartRateBodyPosition",
      "version" : "0.5.1",
      "status" : "draft",
      "name" : "NoDomainVitalSignsObservationHeartRateBodyPosition",
      "title" : "NoDomainVitalSignsObservationHeartRateBodyPosition",
      "description" : "Codes representing body position for heart rate",
      "systems" : ["http://snomed.info/sct"],
      "uses" : {
      },
      "StructureDefinition-NoDomainVitalSignsObservationHeartRateBodyPosition.html" : "NoDomainVitalSignsObservationHeartRateBodyPosition"
    },
    {
      "url" : "http://hl7.no/fhir/ValueSet/NoDomainVitalSignsObservationHeartRateBodySite",
      "version" : "0.5.1",
      "status" : "draft",
      "name" : "NoDomainVitalSignsObservationHeartRateBodySite",
      "title" : "NoDomainVitalSignsObservationHeartRateBodySite",
      "description" : "Codes representing body site for heart rate",
      "systems" : ["http://snomed.info/sct"],
      "uses" : {
      },
      "StructureDefinition-NoDomainVitalSignsObservationHeartRate.html" : "NO Domain VitalSigns Observation - Heart Rate",
      "StructureDefinition-NoDomainVitalSignsObservationPulse.html" : "NO Domain VitalSigns Observation - Pulse"
    },
    {
      "url" : "http://hl7.no/fhir/ValueSet/NoDomainVitalSignsObservationHeartRhythm",
      "version" : "0.5.1",
      "status" : "draft",
      "name" : "NoDomainVitalSignsObservationHeartRhythm",
      "title" : "NoDomainVitalSignsObservationHeartRhythm",
      "description" : "Codes representing heart rhythm for heart rate",
      "systems" : ["http://snomed.info/sct"],
      "uses" : {
      },
      "StructureDefinition-NoDomainVitalSignsObservationHeartRhythm.html" : "NoDomainVitalSignsObservationHeartRhythm"
    },
    {
      "url" : "http://hl7.no/fhir/ValueSet/NoDomainVitalSignsObservationHeartRhythmIrregularity",
      "version" : "0.5.1",
      "status" : "draft",
      "name" : "NoDomainVitalSignsObservationHeartRhythmIrregularity",
      "title" : "NoDomainVitalSignsObservationHeartRhythmIrregularity",
      "description" : "Codes representing heart rhythm irregularity for heart rate",
      "systems" : ["http://snomed.info/sct"],
      "uses" : {
      },
      "StructureDefinition-NoDomainVitalSignsObservationHeartRhythmIrregularity.html" : "NoDomainVitalSignsObservationHeartRhythmIrregularity"
    },
    {
      "url" : "http://hl7.no/fhir/ValueSet/NoDomainVitalSignsObservationRespirationRateBodyPosition",
      "version" : "0.5.1",
      "status" : "draft",
      "name" : "NoDomainVitalSignsObservationRespirationRateBodyPosition",
      "title" : "NoDomainVitalSignsObservationRespirationRateBodyPosition",
      "description" : "Codes representing body position for respiration rate",
      "systems" : ["http://snomed.info/sct"],
      "uses" : {
      },
      "StructureDefinition-NoDomainVitalSignsObservationRespirationRateBodyPosition.html" : "NoDomainVitalSignsObservationRespirationRateBodyPosition"
    },
    {
      "url" : "http://hl7.no/fhir/ValueSet/NoDomainVitalSignsObservationRespirationRateDepth",
      "version" : "0.5.1",
      "status" : "draft",
      "name" : "NoDomainVitalSignsObservationRespirationRateDepth",
      "title" : "NoDomainVitalSignsObservationRespirationRateDepth",
      "description" : "Codes representing depth for respiration rate",
      "systems" : ["http://snomed.info/sct"],
      "uses" : {
      },
      "StructureDefinition-NoDomainVitalSignsObservationRespirationDepth.html" : "NoDomainVitalSignsObservationRespirationDepth"
    },
    {
      "url" : "http://hl7.no/fhir/ValueSet/NoDomainVitalSignsObservationRespirationRegularity",
      "version" : "0.5.1",
      "status" : "draft",
      "name" : "NoDomainVitalSignsObservationRespirationRegularity",
      "title" : "NoDomainVitalSignsObservationRespirationRegularity",
      "description" : "Codes representing Respiration Regularity",
      "systems" : ["http://snomed.info/sct"],
      "uses" : {
      },
      "StructureDefinition-NoDomainVitalSignsObservationRespirationRegularity.html" : "NoDomainVitalSignsObservationRespirationRegularity"
    },
    {
      "url" : "http://hl7.no/fhir/ValueSet/NoDomainVitalSignsObservationSleepStatusValueSet",
      "version" : "0.5.1",
      "status" : "draft",
      "name" : "NoDomainVitalSignsObservationSleepStatusValueSet",
      "title" : "NoDomainVitalSignsObservationSleepStatusValueSet",
      "description" : "Codes representing Sleep Status",
      "systems" : ["http://snomed.info/sct"],
      "uses" : {
      },
      "StructureDefinition-NoDomainVitalSignsObservationSleepStatus.html" : "NoDomainVitalSignsObservationSleepStatus"
    },
    {
      "url" : "http://hl7.no/fhir/ValueSet/NoDomainVitalSignsObservationSpontaneousBreathingVS",
      "version" : "0.5.1",
      "status" : "draft",
      "name" : "NoDomainVitalSignsObservationSpontaneousBreathingVS",
      "title" : "NoDomainVitalSignsObservationSpontaneousBreathingVS",
      "description" : "Codes representing Respiration Spontaneous breathing",
      "systems" : ["http://snomed.info/sct"],
      "uses" : {
      },
      "StructureDefinition-NoDomainVitalSignsObservationSpontaneousBreathing.html" : "NoDomainVitalSignsObservationSpontaneousBreathing"
    }
  ]
}
