URL,Version,Status,OIDs,Name,Title,Descriptino,Uses,Used,Sources
http://hl7.no/fhir/no-domain/vitalsigns/ValueSet/NoDomainVitalSignsBloodPressureMeasurementMethodValueSet,0.9.1,draft,,NoDomainVitalSignsBloodPressureMeasurementMethodValueSet,NoDomainVitalSignsBloodPressureMeasurementMethod-ValueSet,"Codes representing measurement method for HeartRate","StructureDefinition/no-domain-VitalSigns-Observation-bloodpressure","SCT"
http://hl7.no/fhir/no-domain/vitalsigns/ValueSet/NoDomainVitalSignsBloodpressureBodyPositionValueSet,0.9.1,draft,,NoDomainVitalSignsBloodpressureBodyPositionValueSet,NoDomainVitalSignsBloodpressureBodyPosition-ValueSet,"Codes representing body position for blood pressure","StructureDefinition/NoDomainVitalSignsBloodpressureBodyPositionExtension","SCT"
http://hl7.no/fhir/no-domain/vitalsigns/ValueSet/NoDomainVitalSignsBloodpressureBodySiteValueSet,0.9.1,draft,,NoDomainVitalSignsBloodpressureBodySiteValueSet,NoDomainVitalSignsBloodpressureBodySite-ValueSet,"Codes representing body site for blood pressure","StructureDefinition/no-domain-VitalSigns-Observation-bloodpressure","SCT"
http://hl7.no/fhir/no-domain/vitalsigns/ValueSet/NoDomainVitalSignsBodyExposureValueSet,0.9.1,draft,,NoDomainVitalSignsBodyExposureValueSet,NoDomainVitalSignsBodyExposure-ValueSet,"Codes representing body exposure","StructureDefinition/NoDomainVitalSignsBodyExposureExtension","SCT"
http://hl7.no/fhir/no-domain/vitalsigns/ValueSet/NoDomainVitalSignsBodyHeightBodyPositionValueSet,0.9.1,draft,,NoDomainVitalSignsBodyHeightBodyPositionValueSet,NoDomainVitalSignsBodyHeightBodyPosition-ValueSet,"Codes representing body position for body height","StructureDefinition/NoDomainVitalSignsBodyHeightBodyPositionExtension","SCT"
http://hl7.no/fhir/no-domain/vitalsigns/ValueSet/NoDomainVitalSignsBodyTempBodySiteValueSet,0.9.1,draft,,NoDomainVitalSignsBodyTempBodySiteValueSet,NoDomainVitalSignsBodyTempBodySite-ValueSet,"Codes representing body site for body temperature","StructureDefinition/no-domain-VitalSigns-Observation-bodytemp","SCT"
http://hl7.no/fhir/no-domain/vitalsigns/ValueSet/NoDomainVitalSignsClothingStateValueSet,0.9.1,draft,,NoDomainVitalSignsClothingStateValueSet,NoDomainVitalSignsClothingState-ValueSet,"Codes representing level of clothing","StructureDefinition/NoDomainVitalSignsClothingStateExtension","SCT"
http://hl7.no/fhir/no-domain/vitalsigns/ValueSet/NoDomainVitalSignsCuffsizeValueSet,0.9.1,draft,,NoDomainVitalSignsCuffsizeValueSet,NoDomainVitalSignsCuffsize-ValueSet,"Codes representing cuff size","StructureDefinition/NoDomainVitalSignsCuffSizeExtension","SCT"
http://hl7.no/fhir/no-domain/vitalsigns/ValueSet/NoDomainVitalSignsDiastolicEndPointValueSet,0.9.1,draft,,NoDomainVitalSignsDiastolicendPointValueSet,NoDomainVitalSignsDiastolicendPoint-ValueSet,"Codes representing Diastolic end point","StructureDefinition/NoDomainVitalSignsDiastolicEndPointExtension","SCT"
http://hl7.no/fhir/no-domain/vitalsigns/ValueSet/NoDomainVitalSignsHeartRateBodySiteValueSet,0.9.1,draft,,NoDomainVitalSignsHeartRateBodySiteValueSet,NoDomainVitalSignsHeartRateBodySite-ValueSet,"Codes representing body site for heart rate","StructureDefinition/no-domain-VitalSigns-Observation-heartrate","SCT"
http://hl7.no/fhir/no-domain/vitalsigns/ValueSet/NoDomainVitalSignsHeartRateMeasurementMethodValueSet,0.9.1,draft,,NoDomainVitalSignsHeartRateMeasurementMethodValueSet,NoDomainVitalSignsHeartRateMeasurementMethod-ValueSet,"Codes representing measurement method for HeartRate","StructureDefinition/no-domain-VitalSigns-Observation-heartrate","SCT"
http://hl7.no/fhir/no-domain/vitalsigns/ValueSet/NoDomainVitalSignsHeartRatePulseBodyPositionValueSet,0.9.1,draft,,NoDomainVitalSignsHeartRatePulseBodyPositionValueSet,NoDomainVitalSignsHeartRatePulseBodyPosition-ValueSet,"Codes representing body position for heart rate or Pulse","StructureDefinition/NoDomainVitalSignsHeartRatePulseBodyPositionExtension","SCT"
http://hl7.no/fhir/no-domain/vitalsigns/ValueSet/NoDomainVitalSignsHeartRhythmIrregularityValueSet,0.9.1,draft,,NoDomainVitalSignsHeartRhythmIrregularityValueSet,NoDomainVitalSignsHeartRhythmIrregularity-ValueSet,"Codes representing heart rhythm irregularity for heart rate","StructureDefinition/NoDomainVitalSignsHeartRhythmIrregularityExtension","SCT"
http://hl7.no/fhir/no-domain/vitalsigns/ValueSet/NoDomainVitalSignsPulseBodySiteValueSet,0.9.1,draft,,NoDomainVitalSignsPulseBodySiteValueSet,NoDomainVitalSignsPulseBodySite-ValueSet,"Codes representing body site for pulse","StructureDefinition/no-domain-VitalSigns-Observation-pulse","SCT"
http://hl7.no/fhir/no-domain/vitalsigns/ValueSet/NoDomainVitalSignsPulseMeasurementMethodValueSet,0.9.1,draft,,NoDomainVitalSignsPulseMeasurementMethodValueSet,NoDomainVitalSignsPulseMeasurementMethod-ValueSet,"Codes representing measurement method for HeartRate","StructureDefinition/no-domain-VitalSigns-Observation-pulse","SCT"
http://hl7.no/fhir/no-domain/vitalsigns/ValueSet/NoDomainVitalSignsPulseRhythmIrregularityValueSet,0.9.1,draft,,NoDomainVitalSignsPulseRhythmIrregularityValueSet,NoDomainVitalSignsPulseRhythmIrregularity-ValueSet,"Codes representing heart rhythm irregularity for Pulse","StructureDefinition/NoDomainVitalSignsPulseRhythmIrregularityExtension","SCT"
http://hl7.no/fhir/no-domain/vitalsigns/ValueSet/NoDomainVitalSignsPulseRhythmValueSet,0.9.1,draft,,NoDomainVitalSignsPulseRhythmValueSet,NoDomainVitalSignsPulseRhythm-ValueSet,"Codes representing  rhythm of Pulse","StructureDefinition/NoDomainVitalSignsPulseRhythmExtension","SCT"
http://hl7.no/fhir/no-domain/vitalsigns/ValueSet/NoDomainVitalSignsRespirationRateBodyPositionValueSet,0.9.1,draft,,NoDomainVitalSignsRespirationRateBodyPositionValueSet,NoDomainVitalSignsRespirationRateBodyPosition-ValueSet,"Codes representing body position for respiration rate","StructureDefinition/NoDomainVitalSignsRespirationRateBodyPositionExtension","SCT"
http://hl7.no/fhir/no-domain/vitalsigns/ValueSet/NoDomainVitalSignsRespirationRateDepthValueSet,0.9.1,draft,,NoDomainVitalSignsRespirationRateDepthValueSet,NoDomainVitalSignsRespirationRateDepth-ValueSet,"Codes representing depth for respiration rate","StructureDefinition/NoDomainVitalSignsRespirationDepthExtension","SCT"
http://hl7.no/fhir/no-domain/vitalsigns/ValueSet/NoDomainVitalSignsRespirationRegularityValueSet,0.9.1,draft,,NoDomainVitalSignsRespirationRegularityValueSet,NoDomainVitalSignsRespirationRegularity-ValueSet,"Codes representing Respiration Regularity","StructureDefinition/NoDomainVitalSignsRespirationRegularityExtension","SCT"
http://hl7.no/fhir/no-domain/vitalsigns/ValueSet/NoDomainVitalSignsSleepStatusValueSet,0.9.1,draft,,NoDomainVitalSignsSleepStatusValueSet,NoDomainVitalSignsSleepStatus-ValueSet,"Codes representing Sleep Status","StructureDefinition/NoDomainVitalSignsSleepStatusExtension","SCT"
http://hl7.no/fhir/no-domain/vitalsigns/ValueSet/NoDomainVitalSignsSpontaneousBreathingValueSet,0.9.1,draft,,NoDomainVitalSignsSpontaneousBreathingValueSet,NoDomainVitalSignsSpontaneousBreathing-ValueSet,"Codes representing Respiration Spontaneous breathing","StructureDefinition/NoDomainVitalSignsSpontaneousBreathingExtension","SCT"
