<?xml version="1.0" encoding="UTF-8"?>

<ValueSet xmlns="http://hl7.org/fhir">
  <id value="NoDomainVitalSignsObservationBloodpressureBodySite"/>
  <meta>
    <lastUpdated value="2025-01-28T00:00:00+00:00"/>
    <profile value="http://hl7.org/fhir/StructureDefinition/shareablevalueset"/>
  </meta>
  <text>
    <status value="generated"/><div xmlns="http://www.w3.org/1999/xhtml"><p class="res-header-id"><b>Generated Narrative: ValueSet NoDomainVitalSignsObservationBloodpressureBodySite</b></p><a name="NoDomainVitalSignsObservationBloodpressureBodySite"> </a><a name="hcNoDomainVitalSignsObservationBloodpressureBodySite"> </a><a name="NoDomainVitalSignsObservationBloodpressureBodySite-no-NO"> </a><div style="display: inline-block; background-color: #d9e0e7; padding: 6px; margin: 4px; border: 1px solid #8da1b4; border-radius: 5px; line-height: 60%"><p style="margin-bottom: 0px">Last updated: 2025-01-28 00:00:00+0000</p><p style="margin-bottom: 0px">Profile: <a href="http://hl7.org/fhir/R4/shareablevalueset.html">Shareable ValueSet</a></p></div><ul><li>Include these codes as defined in <a href="http://www.snomed.org/"><code>http://snomed.info/sct</code></a><table class="none"><tr><td style="white-space:nowrap"><b>Code</b></td><td><b>Display</b></td></tr><tr><td><a href="http://snomed.info/id/6685009">6685009</a></td><td>Ankel, høyre</td></tr><tr><td><a href="http://snomed.info/id/51636004">51636004</a></td><td>Ankel, venstre</td></tr><tr><td><a href="http://snomed.info/id/7569003">7569003</a></td><td>Finger</td></tr><tr><td><a href="http://snomed.info/id/2402003">2402003</a></td><td>Fotrygg</td></tr><tr><td><a href="http://snomed.info/id/9736006">9736006</a></td><td>Håndledd, høyre</td></tr><tr><td><a href="http://snomed.info/id/5951000">5951000</a></td><td>Håndledd, venstre</td></tr><tr><td><a href="http://snomed.info/id/51114001">51114001</a></td><td>Intraarterielt</td></tr><tr><td><a href="http://snomed.info/id/11207009">11207009</a></td><td>Lår, høyre</td></tr><tr><td><a href="http://snomed.info/id/61396006">61396006</a></td><td>Lår, venstre</td></tr><tr><td><a href="http://snomed.info/id/368209003">368209003</a></td><td>Overarm, høyre</td></tr><tr><td><a href="http://snomed.info/id/368208006">368208006</a></td><td>Overarm, venstre</td></tr><tr><td><a href="http://snomed.info/id/29707007">29707007</a></td><td>Tå</td></tr></table></li></ul></div>
  </text>
  <extension url="http://hl7.org/fhir/StructureDefinition/structuredefinition-wg">
    <valueCode value="oo"/>
  </extension>
  <extension url="http://hl7.org/fhir/StructureDefinition/structuredefinition-standards-status">
    <valueCode value="draft"/>
  </extension>
  <extension url="http://hl7.org/fhir/StructureDefinition/structuredefinition-fmm">
    <valueInteger value="1"/>
  </extension>
  <url value="http://hl7.no/fhir/ValueSet/NoDomainVitalSignsObservationBloodpressureBodySite"/>
  <version value="0.8.0"/>
  <name value="NoDomainVitalSignsObservationBloodpressureBodySite"/>
  <title value="NoDomainVitalSignsObservationBloodpressureBodySite"/>
  <status value="draft"/>
  <experimental value="false"/>
  <date value="2025-03-21T11:15:59+00:00"/>
  <publisher value="HL7 Norway"/>
  <contact>
    <name value="HL7 Norway"/>
    <telecom>
      <system value="url"/>
      <value value="http://www.hl7.no"/>
    </telecom>
  </contact>
  <description value="Codes representing body site for blood pressure"/>
  <jurisdiction>
    <coding>
      <system value="urn:iso:std:iso:3166"/>
      <code value="NO"/>
      <display value="Norway"/>
    </coding>
  </jurisdiction>
  <copyright value="This resource includes content from SNOMED Clinical Terms® (SNOMED CT®) which is copyright of the International Health Terminology Standards Development Organisation (IHTSDO). Implementers of these specifications must have the appropriate SNOMED CT Affiliate license - for more information contact http://www.snomed.org/snomed-ct/get-snomed-ct or info@snomed.org"/>
  <compose>
    <include>
      <system value="http://snomed.info/sct"/>
      <concept>
        <code value="6685009"/>
        <display value="Ankel, høyre"/>
      </concept>
      <concept>
        <code value="51636004"/>
        <display value="Ankel, venstre"/>
      </concept>
      <concept>
        <code value="7569003"/>
        <display value="Finger"/>
      </concept>
      <concept>
        <code value="2402003"/>
        <display value="Fotrygg"/>
      </concept>
      <concept>
        <code value="9736006"/>
        <display value="Håndledd, høyre"/>
      </concept>
      <concept>
        <code value="5951000"/>
        <display value="Håndledd, venstre"/>
      </concept>
      <concept>
        <code value="51114001"/>
        <display value="Intraarterielt"/>
      </concept>
      <concept>
        <code value="11207009"/>
        <display value="Lår, høyre"/>
      </concept>
      <concept>
        <code value="61396006"/>
        <display value="Lår, venstre"/>
      </concept>
      <concept>
        <code value="368209003"/>
        <display value="Overarm, høyre"/>
      </concept>
      <concept>
        <code value="368208006"/>
        <display value="Overarm, venstre"/>
      </concept>
      <concept>
        <code value="29707007"/>
        <display value="Tå"/>
      </concept>
    </include>
  </compose>
</ValueSet>