<?xml version="1.0" encoding="UTF-8"?>

<ValueSet xmlns="http://hl7.org/fhir">
  <id value="NoDomainVitalSignsObservationBodyExposure"/>
  <meta>
    <lastUpdated value="2021-03-17T00:00:00+00:00"/>
    <profile value="http://hl7.org/fhir/StructureDefinition/shareablevalueset"/>
  </meta>
  <text>
    <status value="generated"/><div xmlns="http://www.w3.org/1999/xhtml">Placeholder</div>
  </text>
  <extension url="http://hl7.org/fhir/StructureDefinition/structuredefinition-wg">
    <valueCode value="fhir"/>
  </extension>
  <extension url="http://hl7.org/fhir/StructureDefinition/structuredefinition-standards-status">
    <valueCode value="draft"/>
  </extension>
  <extension url="http://hl7.org/fhir/StructureDefinition/structuredefinition-fmm">
    <valueInteger value="1"/>
  </extension>
  <url value="http://hl7.no/fhir/ValueSet/NoDomainVitalSignsObservationBodyExposure"/>
  <version value="0.5.0"/>
  <name value="NoDomainVitalSignsObservationBodyExposure"/>
  <title value="NoDomainVitalSignsObservationBodyExposure"/>
  <status value="draft"/>
  <experimental value="false"/>
  <date value="2021-03-17T00:00:00+00:00"/>
  <publisher value="FHIR Project team"/>
  <description value="Codes representing body exposure"/>
  <jurisdiction>
    <coding>
      <system value="urn:iso:std:iso:3166"/>
      <code value="NO"/>
      <display value="Norway"/>
    </coding>
  </jurisdiction>
  <compose>
    <include>
      <system value="http://snomed.info/sct"/>
      <concept>
        <code value="5671000202107"/>
        <display value="Naken"/>
      </concept>
      <concept>
        <code value="5591000202105"/>
        <display value="Redusert påkledning/tildekking"/>
      </concept>
      <concept>
        <code value="5611000202100"/>
        <display value="Passende påkledning/tildekking"/>
      </concept>
      <concept>
        <code value="5601000202102"/>
        <display value="Økt påkledning/tildekking"/>
      </concept>
    </include>
  </compose>
</ValueSet>