URL,Version,Status,OIDs,Name,Title,Descriptino,Uses,Used,Sources
http://hl7.no/fhir/ValueSet/NoDomainVitalSignObservationBloodPressureMeasurementMethod,0.8.0,draft,,NoDomainVitalSignObservationBloodPressureMeasurementMethod,NoDomainVitalSignObservationBloodPressureMeasurementMethod,"Codes representing measurement method for blood pressurerate",,"SCT"
http://hl7.no/fhir/ValueSet/NoDomainVitalSignsObservationBloodpressureBodyPosition,0.8.0,draft,,NoDomainVitalSignsObservationBloodpressureBodyPosition,NoDomainVitalSignsObservationBloodpressureBodyPosition,"Codes representing body position for blood pressure",,"SCT"
http://hl7.no/fhir/ValueSet/NoDomainVitalSignsObservationBloodpressureBodySite,0.8.0,draft,,NoDomainVitalSignsObservationBloodpressureBodySite,NoDomainVitalSignsObservationBloodpressureBodySite,"Codes representing body site for blood pressure",,"SCT"
http://hl7.no/fhir/ValueSet/NoDomainVitalSignsObservationBodyExposure,0.8.0,draft,,NoDomainVitalSignsObservationBodyExposure,NoDomainVitalSignsObservationBodyExposure,"Codes representing body exposure",,"SCT"
http://hl7.no/fhir/ValueSet/NoDomainVitalSignsObservationBodyHeightBodyPosition,0.8.0,draft,,NoDomainVitalSignsObservationBodyHeightBodyPosition,NoDomainVitalSignsObservationBodyHeightBodyPosition,"Codes representing body position for body height",,"SCT"
http://hl7.no/fhir/ValueSet/NoDomainVitalSignsObservationBodyTempBodySite,0.8.0,draft,,NoDomainVitalSignsObservationBodyTempBodySite,NoDomainVitalSignsObservationBodyTempBodySite,"Codes representing body site for body temperature",,"SCT"
http://hl7.no/fhir/ValueSet/NoDomainVitalSignsObservationClothingState,0.8.0,draft,,NoDomainVitalSignsObservationClothingState,NoDomainVitalSignsObservationClothingState,"Codes representing level of clothing",,"SCT"
http://hl7.no/fhir/ValueSet/NoDomainVitalSignsObservationCuffsize,0.8.0,draft,,NoDomainVitalSignsObservationCuffsize,NoDomainVitalSignsObservationCuffsize,"Codes representing cuff size",,"SCT"
http://hl7.no/fhir/ValueSet/NoDomainVitalSignsObservationDiastolicendPoint,0.8.0,draft,,NoDomainVitalSignsObservationDiastolicendPoint,NoDomainVitalSignsObservationDiastolicendPoint,"Codes representing Diastolic end point",,"SCT"
http://hl7.no/fhir/ValueSet/NoDomainVitalSignsObservationHeartRateBodySite,0.8.0,draft,,NoDomainVitalSignsObservationHeartRateBodySite,NoDomainVitalSignsObservationHeartRateBodySite,"Codes representing body site for heart rate",,"SCT"
http://hl7.no/fhir/ValueSet/NoDomainVitalSignsObservationHeartRateMeasurementMethod,0.8.0,draft,,NoDomainVitalSignsObservationHeartRateMeasurementMethod,NoDomainVitalSignsObservationHeartRateMeasurementMethod,"Codes representing measurement method for HeartRate",,"SCT"
http://hl7.no/fhir/ValueSet/NoDomainVitalSignsObservationHeartRatePulseBodyPosition,0.8.0,draft,,NoDomainVitalSignsObservationHeartRatePulseBodyPosition,NoDomainVitalSignsObservationHeartRatePulseBodyPosition,"Codes representing body position for heart rate or Pulse",,"SCT"
http://hl7.no/fhir/ValueSet/NoDomainVitalSignsObservationHeartRhythm,0.8.0,draft,,NoDomainVitalSignsObservationHeartRhythm,NoDomainVitalSignsObservationHeartRhythm,"Codes representing heart rhythm for heart rate",,"SCT"
http://hl7.no/fhir/ValueSet/NoDomainVitalSignsObservationHeartRhythmIrregularity,0.8.0,draft,,NoDomainVitalSignsObservationHeartRhythmIrregularity,NoDomainVitalSignsObservationHeartRhythmIrregularity,"Codes representing heart rhythm irregularity for heart rate",,"SCT"
http://hl7.no/fhir/ValueSet/NoDomainVitalSignsObservationPulseBodySite,0.8.0,draft,,NoDomainVitalSignsObservationPulseBodySite,NoDomainVitalSignsObservationPulseBodySite,"Codes representing body site for pulse",,"SCT"
http://hl7.no/fhir/ValueSet/NoDomainVitalSignsObservationPulseRhythm,0.8.0,draft,,NoDomainVitalSignsObservationPulseRhythm,NoDomainVitalSignsObservationPulseRhythm,"Codes representing  rhythm of Pulse",,"SCT"
http://hl7.no/fhir/ValueSet/NoDomainVitalSignsObservationPulseRhythmIrregularity,0.8.0,draft,,NoDomainVitalSignsObservationPulseRhythmIrregularity,NoDomainVitalSignsObservationPulseRhythmIrregularity,"Codes representing heart rhythm irregularity for Pulse",,"SCT"
http://hl7.no/fhir/ValueSet/NoDomainVitalSignsObservationRespirationRateBodyPosition,0.8.0,draft,,NoDomainVitalSignsObservationRespirationRateBodyPosition,NoDomainVitalSignsObservationRespirationRateBodyPosition,"Codes representing body position for respiration rate",,"SCT"
http://hl7.no/fhir/ValueSet/NoDomainVitalSignsObservationRespirationRateDepth,0.8.0,draft,,NoDomainVitalSignsObservationRespirationRateDepth,NoDomainVitalSignsObservationRespirationRateDepth,"Codes representing depth for respiration rate",,"SCT"
http://hl7.no/fhir/ValueSet/NoDomainVitalSignsObservationRespirationRegularity,0.8.0,draft,,NoDomainVitalSignsObservationRespirationRegularity,NoDomainVitalSignsObservationRespirationRegularity,"Codes representing Respiration Regularity",,"SCT"
http://hl7.no/fhir/ValueSet/NoDomainVitalSignsObservationSleepStatusValueSet,0.8.0,draft,,NoDomainVitalSignsObservationSleepStatusValueSet,NoDomainVitalSignsObservationSleepStatusValueSet,"Codes representing Sleep Status",,"SCT"
http://hl7.no/fhir/ValueSet/NoDomainVitalSignsObservationSpontaneousBreathingVS,0.8.0,draft,,NoDomainVitalSignsObservationSpontaneousBreathingVS,NoDomainVitalSignsObservationSpontaneousBreathingVS,"Codes representing Respiration Spontaneous breathing",,"SCT"
http://hl7.no/fhir/ValueSet/NoDomainVitalSignsPulseMeasurmentMethod,0.8.0,draft,,NoDomainVitalSignsPulseMeasurmentMethod,NoDomainVitalSignsPulseMeasurmentMethod,"Codes representing measurement method for pulse",,"SCT"
