<?xml version="1.0" encoding="UTF-8"?>

<ValueSet xmlns="http://hl7.org/fhir">
  <id value="NoDomainVitalSignsPulseBodySiteValueSet"/>
  <meta>
    <lastUpdated value="2025-01-28T00:00:00+00:00"/>
    <profile value="http://hl7.org/fhir/StructureDefinition/shareablevalueset"/>
  </meta>
  <text>
    <status value="generated"/><div xmlns="http://www.w3.org/1999/xhtml"><p class="res-header-id"><b>Generated Narrative: ValueSet NoDomainVitalSignsPulseBodySiteValueSet</b></p><a name="NoDomainVitalSignsPulseBodySiteValueSet"> </a><a name="hcNoDomainVitalSignsPulseBodySiteValueSet"> </a><div style="display: inline-block; background-color: #d9e0e7; padding: 6px; margin: 4px; border: 1px solid #8da1b4; border-radius: 5px; line-height: 60%"><p style="margin-bottom: 0px">Last updated: 2025-01-28 00:00:00+0000</p><p style="margin-bottom: 0px">Profile: <a href="http://hl7.org/fhir/R4/shareablevalueset.html">Shareable ValueSet</a></p></div><ul><li>Include these codes as defined in <a href="http://www.snomed.org/"><code>http://snomed.info/sct</code></a><table class="none"><tr><td style="white-space:nowrap"><b>Code</b></td><td><b>Display</b></td></tr><tr><td><a href="http://snomed.info/id/723962009">723962009</a></td><td>Brachialisarterien, høyre</td></tr><tr><td><a href="http://snomed.info/id/723961002">723961002</a></td><td>Brachialisarterien, venstre</td></tr><tr><td><a href="http://snomed.info/id/721033002">721033002</a></td><td>Carotisarterien, høyre</td></tr><tr><td><a href="http://snomed.info/id/721028001">721028001</a></td><td>Carotisarterien, venstre</td></tr><tr><td><a href="http://snomed.info/id/69833005">69833005</a></td><td>Femoralisarterien, høyre</td></tr><tr><td><a href="http://snomed.info/id/113270003">113270003</a></td><td>Femoralisarterien, venstre</td></tr><tr><td><a href="http://snomed.info/id/7569003">7569003</a></td><td>Finger</td></tr><tr><td><a href="http://snomed.info/id/48800003">48800003</a></td><td>Øreflipp</td></tr><tr><td><a href="http://snomed.info/id/368503001">368503001</a></td><td>Radialisarterien, høyre</td></tr><tr><td><a href="http://snomed.info/id/368504007">368504007</a></td><td>Radialisarterien, venstre</td></tr><tr><td><a href="http://snomed.info/id/29707007">29707007</a></td><td>Tå</td></tr><tr><td><a href="http://snomed.info/id/86547008">86547008</a></td><td>Dorsalis pedis</td></tr></table></li></ul></div>
  </text>
  <extension url="http://hl7.org/fhir/StructureDefinition/structuredefinition-wg">
    <valueCode value="oo"/>
  </extension>
  <extension url="http://hl7.org/fhir/StructureDefinition/structuredefinition-standards-status">
    <valueCode value="draft"/>
  </extension>
  <extension url="http://hl7.org/fhir/StructureDefinition/structuredefinition-fmm">
    <valueInteger value="1"/>
  </extension>
  <url value="http://hl7.no/fhir/no-domain/vitalsigns/ValueSet/NoDomainVitalSignsPulseBodySiteValueSet"/>
  <version value="0.9.1"/>
  <name value="NoDomainVitalSignsPulseBodySiteValueSet"/>
  <title value="NoDomainVitalSignsPulseBodySite-ValueSet"/>
  <status value="draft"/>
  <experimental value="false"/>
  <date value="2025-09-05T05:00:48+00:00"/>
  <publisher value="HL7 Norway"/>
  <contact>
    <name value="HL7 Norway"/>
    <telecom>
      <system value="url"/>
      <value value="http://www.hl7.no"/>
    </telecom>
  </contact>
  <description value="Codes representing body site for pulse"/>
  <jurisdiction>
    <coding>
      <system value="urn:iso:std:iso:3166"/>
      <code value="NO"/>
      <display value="Norway"/>
    </coding>
  </jurisdiction>
  <copyright value="This resource includes content from SNOMED Clinical Terms® (SNOMED CT®) which is copyright of the International Health Terminology Standards Development Organisation (IHTSDO). Implementers of these specifications must have the appropriate SNOMED CT Affiliate license - for more information contact http://www.snomed.org/snomed-ct/get-snomed-ct or info@snomed.org"/>
  <compose>
    <include>
      <system value="http://snomed.info/sct"/>
      <concept>
        <code value="723962009"/>
        <display value="Brachialisarterien, høyre"/>
      </concept>
      <concept>
        <code value="723961002"/>
        <display value="Brachialisarterien, venstre"/>
      </concept>
      <concept>
        <code value="721033002"/>
        <display value="Carotisarterien, høyre"/>
      </concept>
      <concept>
        <code value="721028001"/>
        <display value="Carotisarterien, venstre"/>
      </concept>
      <concept>
        <code value="69833005"/>
        <display value="Femoralisarterien, høyre"/>
      </concept>
      <concept>
        <code value="113270003"/>
        <display value="Femoralisarterien, venstre"/>
      </concept>
      <concept>
        <code value="7569003"/>
        <display value="Finger"/>
      </concept>
      <concept>
        <code value="48800003"/>
        <display value="Øreflipp"/>
      </concept>
      <concept>
        <code value="368503001"/>
        <display value="Radialisarterien, høyre"/>
      </concept>
      <concept>
        <code value="368504007"/>
        <display value="Radialisarterien, venstre"/>
      </concept>
      <concept>
        <code value="29707007"/>
        <display value="Tå"/>
      </concept>
      <concept>
        <code value="86547008"/>
        <display value="Dorsalis pedis"/>
      </concept>
    </include>
  </compose>
</ValueSet>