{
  "codeSystems" : [
    {
      "url" : "http://hl7.no/fhir/ValueSet/NoDomainVitalSignObservationBloodPressureMeasurementMethod",
      "version" : "0.5.1",
      "status" : "draft",
      "name" : "NoDomainVitalSignObservationBloodPressureMeasurementMethod",
      "title" : "NoDomainVitalSignObservationBloodPressureMeasurementMethod",
      "description" : "Codes representing measurement method for blood pressurerate",
      "systems" : ["http://snomed.info/sct"]
    },
    {
      "url" : "http://hl7.no/fhir/ValueSet/NoDomainVitalSignsObservationBloodpressureBodyPosition",
      "version" : "0.5.1",
      "status" : "draft",
      "name" : "NoDomainVitalSignsObservationBloodpressureBodyPosition",
      "title" : "NoDomainVitalSignsObservationBloodpressureBodyPosition",
      "description" : "Codes representing body position for blood pressure",
      "systems" : ["http://snomed.info/sct"]
    },
    {
      "url" : "http://hl7.no/fhir/ValueSet/NoDomainVitalSignsObservationBloodpressureBodySite",
      "version" : "0.5.1",
      "status" : "draft",
      "name" : "NoDomainVitalSignsObservationBloodpressureBodySite",
      "title" : "NoDomainVitalSignsObservationBloodpressureBodySite",
      "description" : "Include codes representing body site for blood pressure as used in HL7 Norway no-domain profiles, codes included from SNOMED CT valueset",
      "systems" : ["http://snomed.info/sct"]
    },
    {
      "url" : "http://hl7.no/fhir/ValueSet/NoDomainVitalSignsObservationBodyExposure",
      "version" : "0.5.1",
      "status" : "draft",
      "name" : "NoDomainVitalSignsObservationBodyExposure",
      "title" : "NoDomainVitalSignsObservationBodyExposure",
      "description" : "Codes representing body exposure",
      "systems" : ["http://snomed.info/sct"]
    },
    {
      "url" : "http://hl7.no/fhir/ValueSet/NoDomainVitalSignsObservationBodyHeightBodyPosition",
      "version" : "0.5.1",
      "status" : "draft",
      "name" : "NoDomainVitalSignsObservationBodyHeightBodyPosition",
      "title" : "NoDomainVitalSignsObservationBodyHeightBodyPosition",
      "description" : "Codes representing body position for body height",
      "systems" : ["http://snomed.info/sct"]
    },
    {
      "url" : "http://hl7.no/fhir/ValueSet/NoDomainVitalSignsObservationBodyTempBodySite",
      "version" : "0.5.1",
      "status" : "draft",
      "name" : "NoDomainVitalSignsObservationBodyTempBodySite",
      "title" : "NoDomainVitalSignsObservationBodyTempBodySite",
      "description" : "Codes representing body site for body temperature",
      "systems" : ["http://snomed.info/sct"]
    },
    {
      "url" : "http://hl7.no/fhir/ValueSet/NoDomainVitalSignsObservationClothingState",
      "version" : "0.5.1",
      "status" : "draft",
      "name" : "NoDomainVitalSignsObservationClothingState",
      "title" : "NoDomainVitalSignsObservationClothingState",
      "description" : "Codes representing level of clothing",
      "systems" : ["http://snomed.info/sct"]
    },
    {
      "url" : "http://hl7.no/fhir/ValueSet/NoDomainVitalSignsObservationCuffsize",
      "version" : "0.5.1",
      "status" : "draft",
      "name" : "NoDomainVitalSignsObservationCuffsize",
      "title" : "NoDomainVitalSignsObservationCuffsize",
      "description" : "Codes representing cuff size",
      "systems" : ["http://snomed.info/sct"]
    },
    {
      "url" : "http://hl7.no/fhir/ValueSet/NoDomainVitalSignsObservationDiastolicendPoint",
      "version" : "0.5.1",
      "status" : "draft",
      "name" : "NoDomainVitalSignsObservationDiastolicendPoint",
      "title" : "NoDomainVitalSignsObservationDiastolicendPoint",
      "description" : "Codes representing Diastolic end point",
      "systems" : ["http://snomed.info/sct"]
    },
    {
      "url" : "http://hl7.no/fhir/ValueSet/NoDomainVitalSignsObservationHeartRateBodySite",
      "version" : "0.5.1",
      "status" : "draft",
      "name" : "NoDomainVitalSignsObservationHeartRateBodySite",
      "title" : "NoDomainVitalSignsObservationHeartRateBodySite",
      "description" : "Codes representing body site for heart rate",
      "systems" : ["http://snomed.info/sct"]
    },
    {
      "url" : "http://hl7.no/fhir/ValueSet/NoDomainVitalSignsObservationHeartRatePulsBodyPosition",
      "version" : "0.5.1",
      "status" : "draft",
      "name" : "NoDomainVitalSignsObservationHeartRatePulsBodyPosition",
      "title" : "NoDomainVitalSignsObservationHeartRatePulsBodyPosition",
      "description" : "Codes representing body position for heart rate",
      "systems" : ["http://snomed.info/sct"]
    },
    {
      "url" : "http://hl7.no/fhir/ValueSet/NoDomainVitalSignsObservationHeartRhythm",
      "version" : "0.5.1",
      "status" : "draft",
      "name" : "NoDomainVitalSignsObservationHeartRhythm",
      "title" : "NoDomainVitalSignsObservationHeartRhythm",
      "description" : "Codes representing heart rhythm for heart rate",
      "systems" : ["http://snomed.info/sct"]
    },
    {
      "url" : "http://hl7.no/fhir/ValueSet/NoDomainVitalSignsObservationHeartRhythmIrregularity",
      "version" : "0.5.1",
      "status" : "draft",
      "name" : "NoDomainVitalSignsObservationHeartRhythmIrregularity",
      "title" : "NoDomainVitalSignsObservationHeartRhythmIrregularity",
      "description" : "Codes representing heart rhythm irregularity for heart rate",
      "systems" : ["http://snomed.info/sct"]
    },
    {
      "url" : "http://hl7.no/fhir/ValueSet/NoDomainVitalSignsObservationPulsBodySite",
      "version" : "0.5.1",
      "status" : "draft",
      "name" : "NoDomainVitalSignsObservationPulsBodySite",
      "title" : "NoDomainVitalSignsObservationPulsBodySite",
      "description" : "Codes representing body site for heart rate",
      "systems" : ["http://snomed.info/sct"]
    },
    {
      "url" : "http://hl7.no/fhir/ValueSet/NoDomainVitalSignsObservationPulsRhythm",
      "version" : "0.5.1",
      "status" : "draft",
      "name" : "NoDomainVitalSignsObservationPulsRhythm",
      "title" : "NoDomainVitalSignsObservationHeartRhythm",
      "description" : "Codes representing heart rhythm for heart rate",
      "systems" : ["http://snomed.info/sct"]
    },
    {
      "url" : "http://hl7.no/fhir/ValueSet/NoDomainVitalSignsObservationPulsRhythmIrregularity",
      "version" : "0.5.1",
      "status" : "draft",
      "name" : "NoDomainVitalSignsObservationPulsRhythmIrregularity",
      "title" : "NoDomainVitalSignsObservationPulsRhythmIrregularity",
      "description" : "Codes representing heart rhythm irregularity for Puls",
      "systems" : ["http://snomed.info/sct"]
    },
    {
      "url" : "http://hl7.no/fhir/ValueSet/NoDomainVitalSignsObservationRespirationRateBodyPosition",
      "version" : "0.5.1",
      "status" : "draft",
      "name" : "NoDomainVitalSignsObservationRespirationRateBodyPosition",
      "title" : "NoDomainVitalSignsObservationRespirationRateBodyPosition",
      "description" : "Codes representing body position for respiration rate",
      "systems" : ["http://snomed.info/sct"]
    },
    {
      "url" : "http://hl7.no/fhir/ValueSet/NoDomainVitalSignsObservationRespirationRateDepth",
      "version" : "0.5.1",
      "status" : "draft",
      "name" : "NoDomainVitalSignsObservationRespirationRateDepth",
      "title" : "NoDomainVitalSignsObservationRespirationRateDepth",
      "description" : "Codes representing depth for respiration rate",
      "systems" : ["http://snomed.info/sct"]
    },
    {
      "url" : "http://hl7.no/fhir/ValueSet/NoDomainVitalSignsObservationRespirationRegularity",
      "version" : "0.5.1",
      "status" : "draft",
      "name" : "NoDomainVitalSignsObservationRespirationRegularity",
      "title" : "NoDomainVitalSignsObservationRespirationRegularity",
      "description" : "Codes representing Respiration Regularity",
      "systems" : ["http://snomed.info/sct"]
    },
    {
      "url" : "http://hl7.no/fhir/ValueSet/NoDomainVitalSignsObservationSleepStatusValueSet",
      "version" : "0.5.1",
      "status" : "draft",
      "name" : "NoDomainVitalSignsObservationSleepStatusValueSet",
      "title" : "NoDomainVitalSignsObservationSleepStatusValueSet",
      "description" : "Codes representing Sleep Status",
      "systems" : ["http://snomed.info/sct"]
    },
    {
      "url" : "http://hl7.no/fhir/ValueSet/NoDomainVitalSignsObservationSpontaneousBreathingVS",
      "version" : "0.5.1",
      "status" : "draft",
      "name" : "NoDomainVitalSignsObservationSpontaneousBreathingVS",
      "title" : "NoDomainVitalSignsObservationSpontaneousBreathingVS",
      "description" : "Codes representing Respiration Spontaneous breathing",
      "systems" : ["http://snomed.info/sct"]
    },
    {
      "url" : "http://hl7.no/fhir/ValueSet/NoDomainVitalSignsPulsMeasurmentMethod",
      "version" : "0.5.1",
      "status" : "draft",
      "name" : "NoDomainVitalSignsPulsMeasurmentMethod",
      "title" : "NoDomainVitalSignsPulsMeasurmentMethod",
      "description" : "Codes representing measurement method for puls",
      "systems" : ["http://snomed.info/sct"]
    },
    {
      "url" : "http://hl7.no/fhir/ValueSet/NoDomianVitalSignsObservationHeartRateMeasurementMethod",
      "version" : "0.5.1",
      "status" : "draft",
      "name" : "NoDomianVitalSignsObservationHeartRateMeasurementMethod",
      "title" : "NoDomianVitalSignsObservationHeartRateMeasurementMethod",
      "description" : "Codes representing measurement method for HeartRate",
      "systems" : ["http://snomed.info/sct"]
    }
  ]
}
